,dep,jour,incid_hosp,incid_rea,incid_dc,incid_rad
0,01,2020-03-19,1,0,0,0
1,01,2020-03-20,0,0,0,1
2,01,2020-03-21,3,0,0,0
3,01,2020-03-22,3,1,0,1
4,01,2020-03-23,14,1,0,5
5,01,2020-03-24,11,1,0,4
6,01,2020-03-25,13,2,0,5
7,01,2020-03-26,14,3,2,2
8,01,2020-03-27,14,2,0,0
9,01,2020-03-28,7,3,1,3
10,01,2020-03-29,11,3,3,3
11,01,2020-03-30,20,7,4,1
12,01,2020-03-31,20,0,1,9
13,01,2020-04-01,38,14,2,10
14,01,2020-04-02,34,7,2,19
15,01,2020-04-03,15,4,3,13
16,01,2020-04-04,25,8,5,9
17,01,2020-04-05,12,4,2,3
18,01,2020-04-06,11,3,1,6
19,01,2020-04-07,15,3,2,5
20,01,2020-04-08,19,8,4,9
21,01,2020-04-09,13,3,4,8
22,01,2020-04-10,17,2,5,8
23,01,2020-04-11,7,3,2,15
24,01,2020-04-12,4,2,0,4
25,01,2020-04-13,13,1,2,3
26,01,2020-04-14,14,1,2,5
27,01,2020-04-15,35,0,6,28
28,01,2020-04-16,16,1,0,3
29,01,2020-04-17,9,2,3,9
30,01,2020-04-18,31,3,5,5
31,01,2020-04-19,3,1,0,1
32,01,2020-04-20,4,2,2,3
33,01,2020-04-21,12,3,2,11
34,01,2020-04-22,13,1,4,15
35,01,2020-04-23,10,0,4,9
36,01,2020-04-24,7,1,1,5
37,01,2020-04-25,4,0,2,5
38,01,2020-04-26,4,0,0,1
39,01,2020-04-27,4,0,0,7
40,01,2020-04-28,4,0,3,4
41,01,2020-04-29,14,0,1,11
42,01,2020-04-30,8,2,1,8
43,01,2020-05-01,4,0,1,5
44,01,2020-05-02,1,1,0,0
45,01,2020-05-03,1,0,0,0
46,01,2020-05-04,2,0,0,2
47,01,2020-05-05,7,2,4,12
48,01,2020-05-06,8,0,0,14
49,01,2020-05-07,1,0,0,7
50,01,2020-05-08,1,0,0,2
51,01,2020-05-09,1,0,1,3
52,01,2020-05-10,3,0,0,1
53,01,2020-05-11,6,2,2,6
54,01,2020-05-12,4,1,0,2
55,01,2020-05-13,6,0,0,4
56,01,2020-05-14,4,0,0,4
57,01,2020-05-15,4,0,1,5
58,01,2020-05-16,1,0,1,2
59,01,2020-05-17,1,0,0,1
60,01,2020-05-18,1,0,0,5
61,01,2020-05-19,5,0,2,13
62,01,2020-05-20,2,0,0,6
63,01,2020-05-21,0,0,1,4
64,01,2020-05-22,0,0,1,1
65,01,2020-05-23,4,0,1,5
66,01,2020-05-24,0,0,0,0
67,01,2020-05-25,1,0,0,1
68,01,2020-05-26,2,0,0,10
69,01,2020-05-27,0,0,0,1
70,01,2020-05-28,0,0,0,7
71,01,2020-05-29,0,0,0,0
72,01,2020-05-30,2,0,0,9
73,01,2020-05-31,0,0,0,0
74,01,2020-06-01,0,0,0,0
75,01,2020-06-02,1,0,0,2
76,01,2020-06-03,2,0,1,7
77,01,2020-06-04,4,0,1,1
78,01,2020-06-05,0,0,0,1
79,01,2020-06-06,0,0,1,6
80,01,2020-06-07,0,0,0,0
81,01,2020-06-08,3,1,2,1
82,01,2020-06-09,0,0,0,2
83,01,2020-06-10,1,0,0,1
84,01,2020-06-11,0,0,0,5
85,01,2020-06-12,0,0,1,2
86,01,2020-06-13,0,0,0,0
87,01,2020-06-14,0,0,0,0
88,01,2020-06-15,0,0,0,1
89,01,2020-06-16,2,0,0,0
90,01,2020-06-17,1,0,1,2
91,01,2020-06-18,0,0,0,0
92,01,2020-06-19,0,0,0,0
93,01,2020-06-20,0,0,0,2
94,01,2020-06-21,0,0,0,0
95,01,2020-06-22,0,0,0,0
96,01,2020-06-23,0,0,1,0
97,01,2020-06-24,1,0,0,3
98,01,2020-06-25,2,0,0,5
99,01,2020-06-26,0,0,0,0
100,01,2020-06-27,0,0,0,4
101,01,2020-06-28,0,0,0,0
102,01,2020-06-29,0,0,0,3
103,01,2020-06-30,0,0,0,0
104,01,2020-07-01,0,0,0,0
105,01,2020-07-02,0,0,0,0
106,01,2020-07-03,1,1,1,0
107,01,2020-07-04,0,0,0,2
108,01,2020-07-05,0,0,0,1
109,01,2020-07-06,1,0,0,0
110,01,2020-07-07,0,1,0,1
111,01,2020-07-08,0,0,1,2
112,01,2020-07-09,0,0,0,0
113,01,2020-07-10,1,0,0,0
114,01,2020-07-11,0,0,0,0
115,01,2020-07-12,0,0,0,0
116,01,2020-07-13,0,0,0,0
117,01,2020-07-14,0,0,0,0
118,01,2020-07-15,0,0,0,0
119,01,2020-07-16,0,0,0,1
120,01,2020-07-17,0,0,0,1
121,01,2020-07-18,0,0,0,0
122,01,2020-07-19,0,0,0,0
123,01,2020-07-20,1,0,0,0
124,01,2020-07-21,1,0,0,0
125,01,2020-07-22,1,0,0,3
126,01,2020-07-23,0,0,0,6
127,01,2020-07-24,1,0,0,7
128,01,2020-07-25,0,0,0,1
129,01,2020-07-26,0,0,0,0
130,01,2020-07-27,0,0,0,1
131,01,2020-07-28,0,0,0,0
132,01,2020-07-29,0,0,0,0
133,01,2020-07-30,0,0,0,1
134,01,2020-07-31,0,0,0,0
135,01,2020-08-01,0,0,0,0
136,01,2020-08-02,0,0,0,0
137,01,2020-08-03,0,0,0,1
138,01,2020-08-04,0,0,0,1
139,01,2020-08-05,0,0,0,0
140,01,2020-08-06,0,0,0,0
141,01,2020-08-07,2,0,0,2
142,01,2020-08-08,0,0,0,0
143,01,2020-08-09,0,0,0,0
144,01,2020-08-10,2,0,0,1
145,01,2020-08-11,0,0,0,0
146,01,2020-08-12,0,0,0,0
147,01,2020-08-13,0,0,0,0
148,01,2020-08-14,0,0,0,0
149,01,2020-08-15,0,0,0,0
150,01,2020-08-16,0,0,0,0
151,01,2020-08-17,0,0,0,0
152,01,2020-08-18,0,0,0,1
153,01,2020-08-19,0,0,0,0
154,01,2020-08-20,2,0,0,4
155,01,2020-08-21,0,0,0,0
156,01,2020-08-22,0,0,0,0
157,01,2020-08-23,0,0,0,0
158,01,2020-08-24,0,0,0,0
159,01,2020-08-25,1,0,0,0
160,01,2020-08-26,0,0,0,1
161,01,2020-08-27,1,0,0,0
162,01,2020-08-28,1,0,0,0
163,01,2020-08-29,0,0,0,0
164,01,2020-08-30,0,0,0,0
165,01,2020-08-31,0,0,0,0
166,01,2020-09-01,0,0,1,0
167,01,2020-09-02,1,0,0,0
168,01,2020-09-03,0,0,1,0
169,01,2020-09-04,1,0,0,0
170,01,2020-09-05,0,0,0,1
171,01,2020-09-06,0,0,0,0
172,01,2020-09-07,0,0,0,0
173,01,2020-09-08,7,0,2,1
174,01,2020-09-09,0,0,0,1
175,01,2020-09-10,0,0,0,0
176,01,2020-09-11,1,0,0,1
177,01,2020-09-12,2,0,0,1
178,01,2020-09-13,0,0,0,0
179,01,2020-09-14,0,0,0,0
180,01,2020-09-15,8,1,1,2
181,01,2020-09-16,1,0,0,0
182,01,2020-09-17,1,0,0,2
183,01,2020-09-18,0,0,0,0
184,01,2020-09-19,0,0,0,0
185,01,2020-09-20,0,0,0,0
186,01,2020-09-21,7,1,0,8
187,01,2020-09-22,2,0,0,2
188,01,2020-09-23,2,1,0,0
189,01,2020-09-24,11,1,0,3
190,01,2020-09-25,2,3,0,1
191,01,2020-09-26,3,0,0,3
192,01,2020-09-27,0,0,0,0
193,01,2020-09-28,3,0,0,1
194,01,2020-09-29,5,1,0,6
195,01,2020-09-30,2,1,0,5
196,01,2020-10-01,2,0,3,9
197,01,2020-10-02,2,1,0,3
198,01,2020-10-03,3,1,0,0
199,01,2020-10-04,6,0,0,3
200,01,2020-10-05,1,0,0,2
201,01,2020-10-06,2,0,0,1
202,01,2020-10-07,2,0,0,4
203,01,2020-10-08,6,3,0,1
204,01,2020-10-09,2,1,0,1
205,01,2020-10-10,5,1,1,2
206,01,2020-10-11,2,0,0,0
207,01,2020-10-12,5,1,1,3
208,01,2020-10-13,6,1,0,5
209,01,2020-10-14,2,0,1,1
210,01,2020-10-15,9,0,1,8
211,01,2020-10-16,15,0,2,5
212,01,2020-10-17,10,0,0,1
213,01,2020-10-18,5,1,0,1
214,01,2020-10-19,40,2,0,9
215,01,2020-10-20,33,2,2,18
216,01,2020-10-21,11,1,0,4
217,01,2020-10-22,28,1,1,5
218,01,2020-10-23,35,1,2,7
219,01,2020-10-24,17,2,2,7
220,01,2020-10-25,1,0,1,3
221,01,2020-10-26,54,6,1,19
222,01,2020-10-27,21,3,5,11
223,01,2020-10-28,31,2,2,9
224,01,2020-10-29,18,1,1,5
225,01,2020-10-30,32,7,2,13
226,01,2020-10-31,37,5,6,22
227,01,2020-11-01,15,0,1,5
228,01,2020-11-02,30,1,3,6
229,01,2020-11-03,65,6,7,20
230,01,2020-11-04,41,6,6,9
231,01,2020-11-05,57,9,11,37
232,01,2020-11-06,48,4,2,15
233,01,2020-11-07,21,4,4,36
234,02,2020-03-19,38,8,10,15
235,02,2020-03-20,10,3,3,9
236,02,2020-03-21,30,4,1,9
237,02,2020-03-22,13,1,3,8
238,02,2020-03-23,27,1,2,5
239,02,2020-03-24,46,4,3,23
240,02,2020-03-25,15,5,1,8
241,02,2020-03-26,23,4,2,10
242,02,2020-03-27,16,3,1,5
243,02,2020-03-28,26,2,4,13
244,02,2020-03-29,5,1,1,1
245,02,2020-03-30,9,4,2,3
246,02,2020-03-31,58,6,7,41
247,02,2020-04-01,41,4,8,13
248,02,2020-04-02,58,1,8,27
249,02,2020-04-03,59,5,18,16
250,02,2020-04-04,42,4,10,19
251,02,2020-04-05,7,0,6,2
252,02,2020-04-06,14,1,6,7
253,02,2020-04-07,67,3,9,31
254,02,2020-04-08,23,5,4,13
255,02,2020-04-09,39,4,9,20
256,02,2020-04-10,32,7,8,14
257,02,2020-04-11,25,0,4,22
258,02,2020-04-12,8,1,2,2
259,02,2020-04-13,9,0,5,1
260,02,2020-04-14,9,2,5,16
261,02,2020-04-15,28,4,3,25
262,02,2020-04-16,13,1,4,14
263,02,2020-04-17,18,1,6,12
264,02,2020-04-18,13,0,3,10
265,02,2020-04-19,8,1,1,1
266,02,2020-04-20,106,7,6,70
267,02,2020-04-21,93,1,13,90
268,02,2020-04-22,29,1,5,39
269,02,2020-04-23,24,1,1,20
270,02,2020-04-24,25,1,3,14
271,02,2020-04-25,10,0,4,12
272,02,2020-04-26,12,0,3,0
273,02,2020-04-27,4,0,2,8
274,02,2020-04-28,29,3,5,20
275,02,2020-04-29,16,4,5,18
276,02,2020-04-30,16,1,1,17
277,02,2020-05-01,6,0,2,11
278,02,2020-05-02,7,0,0,3
279,02,2020-05-03,1,0,4,0
280,02,2020-05-04,11,0,5,8
281,02,2020-05-05,20,0,3,25
282,02,2020-05-06,20,1,1,18
283,02,2020-05-07,29,4,2,45
284,02,2020-05-08,21,2,2,28
285,02,2020-05-09,0,0,1,0
286,02,2020-05-10,2,1,2,1
287,02,2020-05-11,14,2,4,9
288,02,2020-05-12,7,0,4,21
289,02,2020-05-13,13,0,3,25
290,02,2020-05-14,12,1,0,32
291,02,2020-05-15,5,0,2,7
292,02,2020-05-16,12,0,2,5
293,02,2020-05-17,3,0,3,0
294,02,2020-05-18,9,0,1,5
295,02,2020-05-19,3,1,0,7
296,02,2020-05-20,6,0,2,6
297,02,2020-05-21,1,0,0,5
298,02,2020-05-22,2,0,0,4
299,02,2020-05-23,1,0,3,3
300,02,2020-05-24,1,0,0,0
301,02,2020-05-25,5,0,2,16
302,02,2020-05-26,18,2,1,7
303,02,2020-05-27,2,0,1,10
304,02,2020-05-28,8,2,2,5
305,02,2020-05-29,6,1,2,7
306,02,2020-05-30,3,0,0,2
307,02,2020-05-31,0,0,1,0
308,02,2020-06-01,0,0,1,1
309,02,2020-06-02,2,1,1,1
310,02,2020-06-03,5,0,0,9
311,02,2020-06-04,3,2,1,3
312,02,2020-06-05,3,1,0,6
313,02,2020-06-06,1,0,0,0
314,02,2020-06-07,1,0,0,1
315,02,2020-06-08,4,0,3,6
316,02,2020-06-09,3,0,0,7
317,02,2020-06-10,1,0,0,6
318,02,2020-06-11,0,0,0,2
319,02,2020-06-12,4,1,0,7
320,02,2020-06-13,0,0,0,1
321,02,2020-06-14,0,0,0,0
322,02,2020-06-15,1,0,0,4
323,02,2020-06-16,6,0,2,3
324,02,2020-06-17,0,0,0,1
325,02,2020-06-18,4,0,0,11
326,02,2020-06-19,0,0,0,1
327,02,2020-06-20,2,0,0,3
328,02,2020-06-21,5,0,0,0
329,02,2020-06-22,0,0,0,2
330,02,2020-06-23,3,0,0,4
331,02,2020-06-24,0,0,1,2
332,02,2020-06-25,2,0,1,5
333,02,2020-06-26,0,0,0,5
334,02,2020-06-27,0,0,0,2
335,02,2020-06-28,0,0,0,1
336,02,2020-06-29,1,0,0,1
337,02,2020-06-30,0,0,0,1
338,02,2020-07-01,2,0,0,1
339,02,2020-07-02,1,0,0,0
340,02,2020-07-03,0,0,0,0
341,02,2020-07-04,1,0,0,3
342,02,2020-07-05,0,0,0,0
343,02,2020-07-06,0,0,0,2
344,02,2020-07-07,4,0,2,10
345,02,2020-07-08,1,1,0,18
346,02,2020-07-09,2,0,0,4
347,02,2020-07-10,0,0,0,2
348,02,2020-07-11,1,0,1,2
349,02,2020-07-12,0,0,0,0
350,02,2020-07-13,0,1,0,0
351,02,2020-07-14,0,0,0,0
352,02,2020-07-15,2,0,0,1
353,02,2020-07-16,1,0,0,3
354,02,2020-07-17,4,0,0,3
355,02,2020-07-18,1,0,0,1
356,02,2020-07-19,0,0,0,0
357,02,2020-07-20,1,0,1,4
358,02,2020-07-21,0,0,1,0
359,02,2020-07-22,2,0,0,1
360,02,2020-07-23,0,0,0,1
361,02,2020-07-24,1,0,0,1
362,02,2020-07-25,0,0,0,1
363,02,2020-07-26,1,0,0,0
364,02,2020-07-27,0,0,0,1
365,02,2020-07-28,0,0,0,2
366,02,2020-07-29,2,2,0,3
367,02,2020-07-30,0,0,1,6
368,02,2020-07-31,3,0,0,2
369,02,2020-08-01,0,0,0,0
370,02,2020-08-02,1,1,0,0
371,02,2020-08-03,0,0,1,1
372,02,2020-08-04,0,0,0,0
373,02,2020-08-05,2,0,0,0
374,02,2020-08-06,2,0,0,3
375,02,2020-08-07,0,0,0,1
376,02,2020-08-08,2,3,0,0
377,02,2020-08-09,0,0,0,0
378,02,2020-08-10,2,1,0,0
379,02,2020-08-11,4,1,1,0
380,02,2020-08-12,1,0,0,0
381,02,2020-08-13,3,0,1,0
382,02,2020-08-14,1,0,1,1
383,02,2020-08-15,6,1,1,0
384,02,2020-08-16,0,0,0,0
385,02,2020-08-17,1,0,0,0
386,02,2020-08-18,1,0,1,6
387,02,2020-08-19,1,1,0,3
388,02,2020-08-20,1,1,1,1
389,02,2020-08-21,1,0,0,6
390,02,2020-08-22,1,0,0,1
391,02,2020-08-23,0,0,0,0
392,02,2020-08-24,0,0,0,1
393,02,2020-08-25,2,0,0,4
394,02,2020-08-26,1,0,0,0
395,02,2020-08-27,0,0,0,3
396,02,2020-08-28,3,0,2,2
397,02,2020-08-29,1,0,0,0
398,02,2020-08-30,1,0,0,1
399,02,2020-08-31,0,0,0,2
400,02,2020-09-01,1,0,0,1
401,02,2020-09-02,0,0,0,0
402,02,2020-09-03,1,0,0,3
403,02,2020-09-04,0,0,0,1
404,02,2020-09-05,1,0,0,0
405,02,2020-09-06,2,0,0,0
406,02,2020-09-07,0,0,0,0
407,02,2020-09-08,2,1,0,0
408,02,2020-09-09,3,0,0,1
409,02,2020-09-10,0,0,0,1
410,02,2020-09-11,0,0,0,3
411,02,2020-09-12,0,0,0,0
412,02,2020-09-13,0,0,0,0
413,02,2020-09-14,3,0,0,2
414,02,2020-09-15,2,1,0,0
415,02,2020-09-16,0,0,0,1
416,02,2020-09-17,3,0,0,2
417,02,2020-09-18,0,0,1,0
418,02,2020-09-19,4,1,0,2
419,02,2020-09-20,1,0,0,0
420,02,2020-09-21,6,1,0,0
421,02,2020-09-22,1,0,0,1
422,02,2020-09-23,5,1,0,6
423,02,2020-09-24,1,0,0,3
424,02,2020-09-25,0,0,0,2
425,02,2020-09-26,3,2,1,5
426,02,2020-09-27,3,0,0,0
427,02,2020-09-28,8,2,0,0
428,02,2020-09-29,4,0,0,4
429,02,2020-09-30,3,1,0,3
430,02,2020-10-01,3,1,0,6
431,02,2020-10-02,4,0,0,2
432,02,2020-10-03,3,0,0,4
433,02,2020-10-04,0,0,0,0
434,02,2020-10-05,3,0,0,2
435,02,2020-10-06,0,0,0,4
436,02,2020-10-07,5,0,0,0
437,02,2020-10-08,1,0,0,2
438,02,2020-10-09,2,1,0,1
439,02,2020-10-10,8,1,1,9
440,02,2020-10-11,4,0,0,0
441,02,2020-10-12,2,1,0,1
442,02,2020-10-13,9,1,4,5
443,02,2020-10-14,9,1,0,2
444,02,2020-10-15,9,2,1,4
445,02,2020-10-16,11,4,0,4
446,02,2020-10-17,0,0,0,5
447,02,2020-10-18,16,2,0,1
448,02,2020-10-19,7,0,1,2
449,02,2020-10-20,8,1,0,3
450,02,2020-10-21,7,1,1,7
451,02,2020-10-22,24,2,1,2
452,02,2020-10-23,16,0,1,8
453,02,2020-10-24,16,0,3,10
454,02,2020-10-25,8,2,3,5
455,02,2020-10-26,23,5,2,6
456,02,2020-10-27,11,2,0,12
457,02,2020-10-28,21,4,4,7
458,02,2020-10-29,12,2,2,14
459,02,2020-10-30,22,4,5,11
460,02,2020-10-31,6,0,1,3
461,02,2020-11-01,11,1,0,0
462,02,2020-11-02,22,6,0,8
463,02,2020-11-03,16,4,2,6
464,02,2020-11-04,35,2,5,23
465,02,2020-11-05,25,3,5,12
466,02,2020-11-06,26,2,3,11
467,02,2020-11-07,13,0,1,14
468,03,2020-03-19,2,0,0,6
469,03,2020-03-20,4,0,0,3
470,03,2020-03-21,4,0,0,1
471,03,2020-03-22,1,0,0,2
472,03,2020-03-23,11,0,1,4
473,03,2020-03-24,1,0,0,0
474,03,2020-03-25,6,0,0,4
475,03,2020-03-26,10,1,1,6
476,03,2020-03-27,6,1,2,1
477,03,2020-03-28,7,0,0,4
478,03,2020-03-29,3,3,0,1
479,03,2020-03-30,14,4,0,6
480,03,2020-03-31,5,1,1,3
481,03,2020-04-01,9,1,0,7
482,03,2020-04-02,5,3,1,6
483,03,2020-04-03,5,0,1,1
484,03,2020-04-04,6,0,0,2
485,03,2020-04-05,5,3,1,4
486,03,2020-04-06,6,1,0,2
487,03,2020-04-07,5,0,0,4
488,03,2020-04-08,9,2,2,2
489,03,2020-04-09,3,1,0,0
490,03,2020-04-10,5,2,0,6
491,03,2020-04-11,8,1,2,2
492,03,2020-04-12,4,0,1,6
493,03,2020-04-13,3,0,0,3
494,03,2020-04-14,6,2,3,0
495,03,2020-04-15,2,0,1,4
496,03,2020-04-16,4,0,2,1
497,03,2020-04-17,2,0,0,1
498,03,2020-04-18,2,0,3,3
499,03,2020-04-19,0,1,0,0
500,03,2020-04-20,5,0,0,0
501,03,2020-04-21,5,0,1,9
502,03,2020-04-22,5,1,1,3
503,03,2020-04-23,3,0,0,4
504,03,2020-04-24,2,0,1,3
505,03,2020-04-25,5,0,0,3
506,03,2020-04-26,3,0,0,1
507,03,2020-04-27,0,0,0,1
508,03,2020-04-28,1,0,1,4
509,03,2020-04-29,0,2,1,4
510,03,2020-04-30,2,0,0,3
511,03,2020-05-01,2,0,1,1
512,03,2020-05-02,2,0,0,1
513,03,2020-05-03,0,0,0,0
514,03,2020-05-04,1,0,0,0
515,03,2020-05-05,2,0,2,6
516,03,2020-05-06,2,1,0,2
517,03,2020-05-07,2,0,0,2
518,03,2020-05-08,3,0,1,2
519,03,2020-05-09,0,1,0,0
520,03,2020-05-10,1,0,0,0
521,03,2020-05-11,0,1,0,0
522,03,2020-05-12,2,0,1,10
523,03,2020-05-13,0,0,1,2
524,03,2020-05-14,1,0,0,1
525,03,2020-05-15,0,0,0,1
526,03,2020-05-16,0,0,0,2
527,03,2020-05-17,0,0,0,0
528,03,2020-05-18,0,0,0,0
529,03,2020-05-19,5,0,2,4
530,03,2020-05-20,4,0,3,1
531,03,2020-05-21,0,0,0,0
532,03,2020-05-22,0,0,0,1
533,03,2020-05-23,5,0,0,3
534,03,2020-05-24,3,0,0,2
535,03,2020-05-25,3,0,0,1
536,03,2020-05-26,1,0,0,1
537,03,2020-05-27,3,0,0,7
538,03,2020-05-28,0,0,1,0
539,03,2020-05-29,0,0,0,2
540,03,2020-05-30,0,0,0,2
541,03,2020-05-31,2,0,0,3
542,03,2020-06-01,1,0,0,0
543,03,2020-06-02,4,0,1,1
544,03,2020-06-03,0,0,0,0
545,03,2020-06-04,0,0,0,0
546,03,2020-06-05,4,0,0,2
547,03,2020-06-06,0,0,0,0
548,03,2020-06-07,0,0,0,0
549,03,2020-06-08,4,1,0,1
550,03,2020-06-09,0,0,0,2
551,03,2020-06-10,1,0,0,3
552,03,2020-06-11,3,0,0,3
553,03,2020-06-12,2,0,0,1
554,03,2020-06-13,0,0,0,0
555,03,2020-06-14,0,0,0,0
556,03,2020-06-15,0,0,0,0
557,03,2020-06-16,1,0,0,0
558,03,2020-06-17,1,1,0,0
559,03,2020-06-18,0,0,0,0
560,03,2020-06-19,0,0,0,4
561,03,2020-06-20,0,0,0,0
562,03,2020-06-21,0,0,0,0
563,03,2020-06-22,1,0,1,0
564,03,2020-06-23,0,0,0,0
565,03,2020-06-24,0,0,0,0
566,03,2020-06-25,0,0,0,0
567,03,2020-06-26,1,0,0,3
568,03,2020-06-27,0,0,0,0
569,03,2020-06-28,0,0,1,0
570,03,2020-06-29,0,0,0,0
571,03,2020-06-30,0,0,0,0
572,03,2020-07-01,0,0,0,0
573,03,2020-07-02,0,0,0,0
574,03,2020-07-03,1,0,0,2
575,03,2020-07-04,0,0,0,0
576,03,2020-07-05,0,0,0,0
577,03,2020-07-06,0,0,0,0
578,03,2020-07-07,0,0,0,0
579,03,2020-07-08,0,0,0,0
580,03,2020-07-09,0,0,0,0
581,03,2020-07-10,1,0,0,0
582,03,2020-07-11,0,0,0,0
583,03,2020-07-12,0,0,0,0
584,03,2020-07-13,0,0,0,0
585,03,2020-07-14,0,0,0,0
586,03,2020-07-15,0,0,0,0
587,03,2020-07-16,0,0,0,0
588,03,2020-07-17,0,0,0,0
589,03,2020-07-18,0,0,0,1
590,03,2020-07-19,0,0,0,0
591,03,2020-07-20,0,0,0,0
592,03,2020-07-21,0,0,0,0
593,03,2020-07-22,0,0,0,0
594,03,2020-07-23,1,0,0,3
595,03,2020-07-24,0,0,0,0
596,03,2020-07-25,1,0,0,1
597,03,2020-07-26,0,0,0,0
598,03,2020-07-27,0,0,0,0
599,03,2020-07-28,0,0,0,0
600,03,2020-07-29,0,0,0,0
601,03,2020-07-30,0,0,0,0
602,03,2020-07-31,0,0,0,0
603,03,2020-08-01,0,0,0,0
604,03,2020-08-02,0,0,0,0
605,03,2020-08-03,0,0,0,0
606,03,2020-08-04,0,0,0,0
607,03,2020-08-05,0,0,0,0
608,03,2020-08-06,0,0,0,0
609,03,2020-08-07,0,0,0,0
610,03,2020-08-08,0,0,0,0
611,03,2020-08-09,0,0,0,0
612,03,2020-08-10,1,0,0,2
613,03,2020-08-11,2,0,0,2
614,03,2020-08-12,0,0,0,0
615,03,2020-08-13,0,0,0,0
616,03,2020-08-14,0,0,0,0
617,03,2020-08-15,0,0,0,0
618,03,2020-08-16,0,0,0,0
619,03,2020-08-17,0,0,0,0
620,03,2020-08-18,0,0,0,0
621,03,2020-08-19,0,0,0,0
622,03,2020-08-20,2,0,0,0
623,03,2020-08-21,0,0,0,0
624,03,2020-08-22,0,0,0,0
625,03,2020-08-23,0,0,0,0
626,03,2020-08-24,0,0,0,0
627,03,2020-08-25,1,0,0,0
628,03,2020-08-26,2,0,0,0
629,03,2020-08-27,0,0,0,0
630,03,2020-08-28,1,0,0,3
631,03,2020-08-29,0,0,0,0
632,03,2020-08-30,0,0,0,0
633,03,2020-08-31,0,0,0,0
634,03,2020-09-01,0,0,0,0
635,03,2020-09-02,1,0,0,1
636,03,2020-09-03,0,0,0,0
637,03,2020-09-04,2,0,0,3
638,03,2020-09-05,0,0,0,0
639,03,2020-09-06,0,0,0,0
640,03,2020-09-07,0,0,0,0
641,03,2020-09-08,0,0,0,1
642,03,2020-09-09,3,0,0,0
643,03,2020-09-10,2,1,0,0
644,03,2020-09-11,2,0,0,0
645,03,2020-09-12,0,0,0,0
646,03,2020-09-13,2,1,0,1
647,03,2020-09-14,1,0,0,0
648,03,2020-09-15,1,0,0,1
649,03,2020-09-16,1,0,0,2
650,03,2020-09-17,2,0,0,1
651,03,2020-09-18,2,0,1,0
652,03,2020-09-19,1,1,0,1
653,03,2020-09-20,0,0,0,1
654,03,2020-09-21,10,0,0,1
655,03,2020-09-22,2,0,1,3
656,03,2020-09-23,2,0,0,2
657,03,2020-09-24,2,1,0,0
658,03,2020-09-25,1,0,0,0
659,03,2020-09-26,3,0,0,3
660,03,2020-09-27,2,0,0,0
661,03,2020-09-28,0,0,0,1
662,03,2020-09-29,3,1,1,2
663,03,2020-09-30,3,1,1,1
664,03,2020-10-01,3,0,0,1
665,03,2020-10-02,1,1,0,6
666,03,2020-10-03,0,0,1,3
667,03,2020-10-04,2,0,0,3
668,03,2020-10-05,5,0,0,1
669,03,2020-10-06,1,0,0,3
670,03,2020-10-07,4,0,0,0
671,03,2020-10-08,3,0,0,4
672,03,2020-10-09,2,0,0,3
673,03,2020-10-10,6,1,1,3
674,03,2020-10-11,7,0,0,0
675,03,2020-10-12,4,0,1,0
676,03,2020-10-13,12,2,0,4
677,03,2020-10-14,8,1,0,0
678,03,2020-10-15,15,2,0,2
679,03,2020-10-16,12,3,1,1
680,03,2020-10-17,9,0,2,2
681,03,2020-10-18,7,0,2,0
682,03,2020-10-19,9,0,1,2
683,03,2020-10-20,18,0,2,7
684,03,2020-10-21,6,0,1,2
685,03,2020-10-22,9,0,0,9
686,03,2020-10-23,21,0,2,2
687,03,2020-10-24,26,0,0,6
688,03,2020-10-25,8,1,0,4
689,03,2020-10-26,11,2,3,0
690,03,2020-10-27,21,4,4,8
691,03,2020-10-28,13,2,1,17
692,03,2020-10-29,31,4,0,15
693,03,2020-10-30,26,3,3,12
694,03,2020-10-31,19,1,0,10
695,03,2020-11-01,22,0,2,3
696,03,2020-11-02,24,1,8,10
697,03,2020-11-03,31,8,4,9
698,03,2020-11-04,30,3,7,16
699,03,2020-11-05,24,2,4,12
700,03,2020-11-06,25,1,8,40
701,03,2020-11-07,22,4,4,14
702,04,2020-03-19,1,0,0,1
703,04,2020-03-20,0,0,0,0
704,04,2020-03-21,1,0,0,0
705,04,2020-03-22,0,0,0,0
706,04,2020-03-23,0,0,0,0
707,04,2020-03-24,0,0,0,0
708,04,2020-03-25,17,0,0,13
709,04,2020-03-26,1,0,0,0
710,04,2020-03-27,4,0,0,2
711,04,2020-03-28,4,0,0,3
712,04,2020-03-29,0,0,0,0
713,04,2020-03-30,15,3,1,8
714,04,2020-03-31,5,0,1,3
715,04,2020-04-01,4,1,0,2
716,04,2020-04-02,15,0,1,13
717,04,2020-04-03,5,1,0,1
718,04,2020-04-04,0,0,0,0
719,04,2020-04-05,2,2,0,0
720,04,2020-04-06,11,0,1,5
721,04,2020-04-07,1,0,0,7
722,04,2020-04-08,3,0,0,2
723,04,2020-04-09,1,0,0,0
724,04,2020-04-10,6,1,0,3
725,04,2020-04-11,3,1,0,4
726,04,2020-04-12,0,0,1,0
727,04,2020-04-13,0,0,0,0
728,04,2020-04-14,8,0,0,8
729,04,2020-04-15,4,0,0,1
730,04,2020-04-16,0,0,1,2
731,04,2020-04-17,1,0,0,1
732,04,2020-04-18,1,0,0,1
733,04,2020-04-19,6,0,0,2
734,04,2020-04-20,10,0,0,2
735,04,2020-04-21,1,0,1,4
736,04,2020-04-22,4,0,0,8
737,04,2020-04-23,4,1,0,4
738,04,2020-04-24,3,0,0,2
739,04,2020-04-25,1,0,0,2
740,04,2020-04-26,0,0,0,0
741,04,2020-04-27,1,0,0,3
742,04,2020-04-28,2,0,0,2
743,04,2020-04-29,1,1,0,1
744,04,2020-04-30,2,0,0,1
745,04,2020-05-01,0,0,1,0
746,04,2020-05-02,0,0,0,0
747,04,2020-05-03,0,0,0,0
748,04,2020-05-04,0,0,0,1
749,04,2020-05-05,1,0,0,1
750,04,2020-05-06,1,0,0,2
751,04,2020-05-07,0,0,1,1
752,04,2020-05-08,0,0,0,2
753,04,2020-05-09,0,0,0,0
754,04,2020-05-10,0,0,0,0
755,04,2020-05-11,1,0,0,1
756,04,2020-05-12,0,1,0,0
757,04,2020-05-13,0,0,0,0
758,04,2020-05-14,0,0,0,1
759,04,2020-05-15,0,0,0,0
760,04,2020-05-16,3,0,0,0
761,04,2020-05-17,0,0,1,0
762,04,2020-05-18,1,0,0,1
763,04,2020-05-19,1,0,1,0
764,04,2020-05-20,0,0,0,0
765,04,2020-05-21,0,0,0,0
766,04,2020-05-22,0,0,0,0
767,04,2020-05-23,0,0,0,0
768,04,2020-05-24,0,0,0,0
769,04,2020-05-25,0,0,0,1
770,04,2020-05-26,0,0,0,0
771,04,2020-05-27,0,0,1,0
772,04,2020-05-28,0,0,0,0
773,04,2020-05-29,0,0,0,0
774,04,2020-05-30,0,0,0,0
775,04,2020-05-31,0,0,0,0
776,04,2020-06-01,0,0,0,1
777,04,2020-06-02,0,0,0,0
778,04,2020-06-03,1,0,0,1
779,04,2020-06-04,0,0,0,0
780,04,2020-06-05,0,0,0,0
781,04,2020-06-06,0,0,0,0
782,04,2020-06-07,0,0,0,0
783,04,2020-06-08,0,0,0,1
784,04,2020-06-09,0,0,0,0
785,04,2020-06-10,0,0,0,0
786,04,2020-06-11,0,0,0,4
787,04,2020-06-12,0,0,1,3
788,04,2020-06-13,0,0,0,0
789,04,2020-06-14,0,0,0,0
790,04,2020-06-15,0,0,0,0
791,04,2020-06-16,0,0,0,0
792,04,2020-06-17,0,0,0,1
793,04,2020-06-18,0,0,0,0
794,04,2020-06-19,0,0,0,0
795,04,2020-06-20,0,0,0,0
796,04,2020-06-21,0,0,0,0
797,04,2020-06-22,0,0,0,0
798,04,2020-06-23,0,0,0,0
799,04,2020-06-24,1,0,0,1
800,04,2020-06-25,0,0,0,1
801,04,2020-06-26,0,0,0,0
802,04,2020-06-27,0,0,0,0
803,04,2020-06-28,0,0,0,0
804,04,2020-06-29,0,0,0,0
805,04,2020-06-30,0,0,0,0
806,04,2020-07-01,1,0,0,0
807,04,2020-07-02,0,0,0,0
808,04,2020-07-03,0,0,0,0
809,04,2020-07-04,0,0,0,0
810,04,2020-07-05,0,0,0,0
811,04,2020-07-06,0,0,0,1
812,04,2020-07-07,0,0,0,0
813,04,2020-07-08,0,0,0,0
814,04,2020-07-09,0,0,0,0
815,04,2020-07-10,0,0,0,0
816,04,2020-07-11,0,0,0,0
817,04,2020-07-12,0,0,0,0
818,04,2020-07-13,0,0,0,0
819,04,2020-07-14,0,0,0,0
820,04,2020-07-15,0,0,0,1
821,04,2020-07-16,0,0,0,0
822,04,2020-07-17,0,0,0,0
823,04,2020-07-18,0,0,0,0
824,04,2020-07-19,0,0,0,0
825,04,2020-07-20,0,0,0,0
826,04,2020-07-21,0,0,0,0
827,04,2020-07-22,0,0,0,0
828,04,2020-07-23,0,0,0,0
829,04,2020-07-24,0,0,0,0
830,04,2020-07-25,0,0,0,0
831,04,2020-07-26,0,0,0,0
832,04,2020-07-27,0,0,0,0
833,04,2020-07-28,0,0,0,0
834,04,2020-07-29,0,0,0,0
835,04,2020-07-30,0,0,0,0
836,04,2020-07-31,0,0,0,0
837,04,2020-08-01,0,0,0,0
838,04,2020-08-02,0,0,0,0
839,04,2020-08-03,0,0,0,0
840,04,2020-08-04,0,0,0,0
841,04,2020-08-05,0,0,0,0
842,04,2020-08-06,1,0,0,1
843,04,2020-08-07,0,0,0,0
844,04,2020-08-08,0,0,0,0
845,04,2020-08-09,0,0,0,0
846,04,2020-08-10,1,0,0,1
847,04,2020-08-11,0,0,0,0
848,04,2020-08-12,1,0,0,0
849,04,2020-08-13,0,0,0,0
850,04,2020-08-14,0,0,0,0
851,04,2020-08-15,0,0,0,0
852,04,2020-08-16,0,0,0,0
853,04,2020-08-17,0,0,0,0
854,04,2020-08-18,0,0,0,0
855,04,2020-08-19,0,0,0,0
856,04,2020-08-20,0,0,0,0
857,04,2020-08-21,0,0,0,0
858,04,2020-08-22,1,1,0,0
859,04,2020-08-23,0,0,0,0
860,04,2020-08-24,0,0,0,0
861,04,2020-08-25,2,0,0,0
862,04,2020-08-26,0,0,0,0
863,04,2020-08-27,1,0,0,3
864,04,2020-08-28,0,0,0,0
865,04,2020-08-29,3,0,0,0
866,04,2020-08-30,0,0,0,0
867,04,2020-08-31,1,0,0,0
868,04,2020-09-01,2,0,0,1
869,04,2020-09-02,0,0,0,0
870,04,2020-09-03,0,0,0,0
871,04,2020-09-04,0,0,0,2
872,04,2020-09-05,0,0,1,0
873,04,2020-09-06,1,0,0,0
874,04,2020-09-07,1,0,0,4
875,04,2020-09-08,1,0,0,0
876,04,2020-09-09,1,0,1,2
877,04,2020-09-10,2,0,0,1
878,04,2020-09-11,0,0,0,2
879,04,2020-09-12,0,0,0,0
880,04,2020-09-13,2,0,0,2
881,04,2020-09-14,0,0,0,0
882,04,2020-09-15,1,0,0,0
883,04,2020-09-16,0,0,0,0
884,04,2020-09-17,0,0,0,1
885,04,2020-09-18,2,0,0,0
886,04,2020-09-19,0,0,0,0
887,04,2020-09-20,0,0,0,0
888,04,2020-09-21,0,0,0,0
889,04,2020-09-22,1,0,0,0
890,04,2020-09-23,3,0,0,0
891,04,2020-09-24,1,1,0,1
892,04,2020-09-25,2,0,0,1
893,04,2020-09-26,3,0,0,1
894,04,2020-09-27,1,0,0,0
895,04,2020-09-28,0,0,0,1
896,04,2020-09-29,3,0,1,3
897,04,2020-09-30,1,0,0,0
898,04,2020-10-01,2,0,0,1
899,04,2020-10-02,1,0,0,1
900,04,2020-10-03,1,0,0,2
901,04,2020-10-04,0,0,0,0
902,04,2020-10-05,0,0,0,0
903,04,2020-10-06,1,0,0,1
904,04,2020-10-07,3,1,0,1
905,04,2020-10-08,4,0,1,3
906,04,2020-10-09,0,0,0,1
907,04,2020-10-10,0,2,0,0
908,04,2020-10-11,0,0,0,0
909,04,2020-10-12,3,1,0,2
910,04,2020-10-13,2,0,0,0
911,04,2020-10-14,1,0,0,0
912,04,2020-10-15,3,1,0,0
913,04,2020-10-16,1,0,0,1
914,04,2020-10-17,3,1,0,1
915,04,2020-10-18,3,0,0,1
916,04,2020-10-19,2,0,0,2
917,04,2020-10-20,2,0,1,3
918,04,2020-10-21,3,0,0,1
919,04,2020-10-22,10,0,0,2
920,04,2020-10-23,0,0,0,1
921,04,2020-10-24,8,1,0,1
922,04,2020-10-25,0,0,1,0
923,04,2020-10-26,10,2,0,0
924,04,2020-10-27,6,0,1,1
925,04,2020-10-28,10,3,0,3
926,04,2020-10-29,8,0,1,3
927,04,2020-10-30,18,4,0,5
928,04,2020-10-31,3,0,3,4
929,04,2020-11-01,6,1,0,4
930,04,2020-11-02,5,0,0,0
931,04,2020-11-03,15,1,1,4
932,04,2020-11-04,17,0,0,7
933,04,2020-11-05,10,0,0,9
934,04,2020-11-06,15,0,0,3
935,04,2020-11-07,13,3,2,7
936,05,2020-03-19,4,0,0,1
937,05,2020-03-20,2,0,0,0
938,05,2020-03-21,3,0,0,1
939,05,2020-03-22,3,0,0,0
940,05,2020-03-23,5,3,0,2
941,05,2020-03-24,4,1,1,4
942,05,2020-03-25,6,0,0,3
943,05,2020-03-26,7,2,0,1
944,05,2020-03-27,5,1,0,2
945,05,2020-03-28,4,0,0,4
946,05,2020-03-29,8,2,0,1
947,05,2020-03-30,9,0,0,6
948,05,2020-03-31,7,0,0,3
949,05,2020-04-01,7,2,0,0
950,05,2020-04-02,8,5,0,2
951,05,2020-04-03,6,2,0,0
952,05,2020-04-04,1,1,0,5
953,05,2020-04-05,2,0,0,3
954,05,2020-04-06,6,1,1,1
955,05,2020-04-07,2,1,0,2
956,05,2020-04-08,2,2,0,5
957,05,2020-04-09,1,0,0,8
958,05,2020-04-10,2,0,0,4
959,05,2020-04-11,1,0,0,3
960,05,2020-04-12,1,0,1,0
961,05,2020-04-13,2,0,0,2
962,05,2020-04-14,0,0,0,4
963,05,2020-04-15,4,0,1,5
964,05,2020-04-16,2,0,0,3
965,05,2020-04-17,1,0,1,1
966,05,2020-04-18,2,0,1,4
967,05,2020-04-19,0,0,0,0
968,05,2020-04-20,0,1,0,0
969,05,2020-04-21,6,0,0,2
970,05,2020-04-22,1,0,0,1
971,05,2020-04-23,1,0,0,1
972,05,2020-04-24,1,0,0,3
973,05,2020-04-25,3,0,0,1
974,05,2020-04-26,0,0,0,0
975,05,2020-04-27,0,0,0,5
976,05,2020-04-28,0,0,0,1
977,05,2020-04-29,0,0,2,0
978,05,2020-04-30,3,0,0,0
979,05,2020-05-01,1,0,0,0
980,05,2020-05-02,2,0,0,0
981,05,2020-05-03,0,0,0,0
982,05,2020-05-04,0,0,0,0
983,05,2020-05-05,4,0,2,1
984,05,2020-05-06,0,0,0,0
985,05,2020-05-07,0,0,1,2
986,05,2020-05-08,0,0,0,0
987,05,2020-05-09,1,1,0,1
988,05,2020-05-10,0,0,0,0
989,05,2020-05-11,1,0,1,1
990,05,2020-05-12,0,0,1,0
991,05,2020-05-13,0,0,0,1
992,05,2020-05-14,0,0,2,1
993,05,2020-05-15,0,0,0,0
994,05,2020-05-16,0,0,0,0
995,05,2020-05-17,0,0,0,0
996,05,2020-05-18,2,0,1,1
997,05,2020-05-19,0,0,0,1
998,05,2020-05-20,0,0,0,0
999,05,2020-05-21,0,0,0,0
1000,05,2020-05-22,0,0,1,0
1001,05,2020-05-23,0,0,0,0
1002,05,2020-05-24,0,0,0,0
1003,05,2020-05-25,0,0,0,0
1004,05,2020-05-26,0,0,0,1
1005,05,2020-05-27,0,0,0,0
1006,05,2020-05-28,1,0,0,0
1007,05,2020-05-29,0,0,0,0
1008,05,2020-05-30,0,0,0,0
1009,05,2020-05-31,0,0,0,0
1010,05,2020-06-01,0,0,0,0
1011,05,2020-06-02,0,0,1,3
1012,05,2020-06-03,0,0,0,0
1013,05,2020-06-04,0,0,0,1
1014,05,2020-06-05,0,0,0,0
1015,05,2020-06-06,0,0,0,2
1016,05,2020-06-07,0,0,0,0
1017,05,2020-06-08,0,0,0,0
1018,05,2020-06-09,1,0,0,0
1019,05,2020-06-10,0,0,0,0
1020,05,2020-06-11,0,0,0,4
1021,05,2020-06-12,0,0,0,6
1022,05,2020-06-13,0,0,0,1
1023,05,2020-06-14,0,0,0,0
1024,05,2020-06-15,0,0,0,0
1025,05,2020-06-16,0,0,0,0
1026,05,2020-06-17,1,1,0,1
1027,05,2020-06-18,0,0,0,0
1028,05,2020-06-19,0,0,0,0
1029,05,2020-06-20,0,0,0,0
1030,05,2020-06-21,0,0,0,0
1031,05,2020-06-22,0,0,0,0
1032,05,2020-06-23,0,0,0,1
1033,05,2020-06-24,0,0,0,0
1034,05,2020-06-25,0,0,0,0
1035,05,2020-06-26,0,0,0,0
1036,05,2020-06-27,0,0,0,0
1037,05,2020-06-28,0,0,0,0
1038,05,2020-06-29,0,0,0,0
1039,05,2020-06-30,0,0,0,1
1040,05,2020-07-01,0,0,0,0
1041,05,2020-07-02,0,0,0,0
1042,05,2020-07-03,0,0,0,0
1043,05,2020-07-04,0,0,0,0
1044,05,2020-07-05,0,0,0,0
1045,05,2020-07-06,0,0,0,0
1046,05,2020-07-07,0,0,0,0
1047,05,2020-07-08,0,0,0,0
1048,05,2020-07-09,0,0,0,0
1049,05,2020-07-10,0,0,0,0
1050,05,2020-07-11,0,0,0,0
1051,05,2020-07-12,0,0,0,0
1052,05,2020-07-13,0,0,0,0
1053,05,2020-07-14,0,0,0,0
1054,05,2020-07-15,1,0,0,1
1055,05,2020-07-16,0,0,0,1
1056,05,2020-07-17,0,0,0,1
1057,05,2020-07-18,0,0,0,0
1058,05,2020-07-19,0,0,0,0
1059,05,2020-07-20,0,0,0,0
1060,05,2020-07-21,0,0,0,0
1061,05,2020-07-22,0,0,0,0
1062,05,2020-07-23,0,0,0,0
1063,05,2020-07-24,0,0,0,0
1064,05,2020-07-25,0,0,0,1
1065,05,2020-07-26,0,0,0,0
1066,05,2020-07-27,0,0,0,0
1067,05,2020-07-28,0,0,0,0
1068,05,2020-07-29,0,0,0,0
1069,05,2020-07-30,0,0,0,0
1070,05,2020-07-31,0,0,0,0
1071,05,2020-08-01,0,0,0,0
1072,05,2020-08-02,0,0,0,0
1073,05,2020-08-03,0,0,0,0
1074,05,2020-08-04,0,0,0,0
1075,05,2020-08-05,1,0,0,1
1076,05,2020-08-06,0,0,0,0
1077,05,2020-08-07,1,0,0,1
1078,05,2020-08-08,0,0,0,0
1079,05,2020-08-09,1,0,0,0
1080,05,2020-08-10,0,0,0,0
1081,05,2020-08-11,0,0,0,0
1082,05,2020-08-12,0,0,0,1
1083,05,2020-08-13,1,0,0,0
1084,05,2020-08-14,0,0,0,0
1085,05,2020-08-15,0,0,0,0
1086,05,2020-08-16,2,0,0,0
1087,05,2020-08-17,0,0,0,0
1088,05,2020-08-18,0,1,0,1
1089,05,2020-08-19,0,0,0,1
1090,05,2020-08-20,0,0,0,1
1091,05,2020-08-21,2,1,1,1
1092,05,2020-08-22,0,0,0,0
1093,05,2020-08-23,0,0,0,0
1094,05,2020-08-24,0,0,0,0
1095,05,2020-08-25,0,0,0,0
1096,05,2020-08-26,0,0,1,1
1097,05,2020-08-27,0,0,0,0
1098,05,2020-08-28,1,0,0,0
1099,05,2020-08-29,1,0,0,0
1100,05,2020-08-30,0,0,0,0
1101,05,2020-08-31,0,0,0,0
1102,05,2020-09-01,1,0,0,0
1103,05,2020-09-02,0,0,0,0
1104,05,2020-09-03,0,0,0,0
1105,05,2020-09-04,0,0,0,0
1106,05,2020-09-05,1,0,0,1
1107,05,2020-09-06,0,0,0,0
1108,05,2020-09-07,0,0,0,0
1109,05,2020-09-08,0,0,0,0
1110,05,2020-09-09,5,1,0,2
1111,05,2020-09-10,0,0,0,0
1112,05,2020-09-11,0,1,0,1
1113,05,2020-09-12,1,0,0,2
1114,05,2020-09-13,1,0,0,0
1115,05,2020-09-14,1,0,0,0
1116,05,2020-09-15,2,0,0,1
1117,05,2020-09-16,0,0,0,2
1118,05,2020-09-17,1,0,0,0
1119,05,2020-09-18,1,1,0,1
1120,05,2020-09-19,0,0,0,0
1121,05,2020-09-20,0,0,0,1
1122,05,2020-09-21,1,0,0,1
1123,05,2020-09-22,1,1,0,1
1124,05,2020-09-23,0,0,0,0
1125,05,2020-09-24,0,0,0,0
1126,05,2020-09-25,2,1,0,2
1127,05,2020-09-26,2,0,1,1
1128,05,2020-09-27,0,1,0,0
1129,05,2020-09-28,0,0,0,0
1130,05,2020-09-29,2,0,1,1
1131,05,2020-09-30,2,0,0,2
1132,05,2020-10-01,2,1,0,0
1133,05,2020-10-02,1,0,0,0
1134,05,2020-10-03,0,0,0,0
1135,05,2020-10-04,7,0,0,0
1136,05,2020-10-05,2,0,0,0
1137,05,2020-10-06,0,1,0,2
1138,05,2020-10-07,3,0,0,1
1139,05,2020-10-08,1,0,0,0
1140,05,2020-10-09,1,0,0,1
1141,05,2020-10-10,3,0,0,2
1142,05,2020-10-11,1,0,0,0
1143,05,2020-10-12,6,0,0,0
1144,05,2020-10-13,1,0,0,2
1145,05,2020-10-14,6,0,1,1
1146,05,2020-10-15,4,0,0,1
1147,05,2020-10-16,7,4,1,0
1148,05,2020-10-17,1,1,1,2
1149,05,2020-10-18,4,1,0,1
1150,05,2020-10-19,3,0,0,6
1151,05,2020-10-20,16,0,1,2
1152,05,2020-10-21,9,3,1,1
1153,05,2020-10-22,6,0,2,5
1154,05,2020-10-23,8,1,0,3
1155,05,2020-10-24,19,3,1,4
1156,05,2020-10-25,11,3,1,3
1157,05,2020-10-26,28,2,3,9
1158,05,2020-10-27,20,0,2,5
1159,05,2020-10-28,20,1,0,15
1160,05,2020-10-29,6,6,0,5
1161,05,2020-10-30,30,1,0,24
1162,05,2020-10-31,53,7,3,4
1163,05,2020-11-01,7,1,0,2
1164,05,2020-11-02,6,0,1,1
1165,05,2020-11-03,6,2,1,7
1166,05,2020-11-04,22,3,0,2
1167,05,2020-11-05,21,1,2,7
1168,05,2020-11-06,13,3,0,6
1169,05,2020-11-07,21,2,1,15
1170,06,2020-03-19,12,4,0,4
1171,06,2020-03-20,22,3,2,10
1172,06,2020-03-21,5,0,2,1
1173,06,2020-03-22,2,1,2,2
1174,06,2020-03-23,22,5,0,0
1175,06,2020-03-24,12,1,0,23
1176,06,2020-03-25,29,5,1,8
1177,06,2020-03-26,17,1,3,5
1178,06,2020-03-27,19,4,0,5
1179,06,2020-03-28,22,4,3,11
1180,06,2020-03-29,19,5,2,10
1181,06,2020-03-30,11,5,3,1
1182,06,2020-03-31,22,3,3,7
1183,06,2020-04-01,40,9,6,18
1184,06,2020-04-02,43,17,3,9
1185,06,2020-04-03,36,9,3,9
1186,06,2020-04-04,37,11,3,18
1187,06,2020-04-05,11,2,5,4
1188,06,2020-04-06,31,11,4,10
1189,06,2020-04-07,37,11,1,13
1190,06,2020-04-08,32,16,8,16
1191,06,2020-04-09,26,5,5,11
1192,06,2020-04-10,39,7,2,14
1193,06,2020-04-11,11,2,4,20
1194,06,2020-04-12,6,2,1,2
1195,06,2020-04-13,22,4,7,8
1196,06,2020-04-14,28,4,6,14
1197,06,2020-04-15,13,1,4,15
1198,06,2020-04-16,18,2,3,13
1199,06,2020-04-17,24,3,8,29
1200,06,2020-04-18,17,1,2,3
1201,06,2020-04-19,5,0,1,0
1202,06,2020-04-20,19,4,9,14
1203,06,2020-04-21,12,0,1,14
1204,06,2020-04-22,22,4,2,14
1205,06,2020-04-23,11,3,1,13
1206,06,2020-04-24,11,5,7,5
1207,06,2020-04-25,6,1,4,14
1208,06,2020-04-26,5,5,1,3
1209,06,2020-04-27,10,3,4,2
1210,06,2020-04-28,14,4,2,14
1211,06,2020-04-29,11,7,0,11
1212,06,2020-04-30,4,2,5,15
1213,06,2020-05-01,6,1,1,14
1214,06,2020-05-02,0,0,1,24
1215,06,2020-05-03,6,0,0,2
1216,06,2020-05-04,19,2,10,4
1217,06,2020-05-05,14,2,2,10
1218,06,2020-05-06,10,2,4,16
1219,06,2020-05-07,18,0,1,5
1220,06,2020-05-08,9,2,5,3
1221,06,2020-05-09,5,2,0,1
1222,06,2020-05-10,1,0,0,0
1223,06,2020-05-11,5,0,2,10
1224,06,2020-05-12,6,0,2,8
1225,06,2020-05-13,3,0,2,9
1226,06,2020-05-14,6,2,1,10
1227,06,2020-05-15,6,3,2,21
1228,06,2020-05-16,4,0,1,2
1229,06,2020-05-17,0,0,1,1
1230,06,2020-05-18,0,0,1,15
1231,06,2020-05-19,2,1,2,5
1232,06,2020-05-20,6,0,0,9
1233,06,2020-05-21,7,0,1,7
1234,06,2020-05-22,2,0,1,2
1235,06,2020-05-23,0,0,0,0
1236,06,2020-05-24,2,0,1,1
1237,06,2020-05-25,1,0,1,4
1238,06,2020-05-26,2,0,2,6
1239,06,2020-05-27,2,1,0,6
1240,06,2020-05-28,2,1,1,7
1241,06,2020-05-29,3,0,0,5
1242,06,2020-05-30,2,0,0,3
1243,06,2020-05-31,1,0,0,0
1244,06,2020-06-01,1,0,0,2
1245,06,2020-06-02,1,1,2,3
1246,06,2020-06-03,0,0,1,3
1247,06,2020-06-04,1,0,1,3
1248,06,2020-06-05,7,0,0,7
1249,06,2020-06-06,0,0,0,1
1250,06,2020-06-07,0,0,0,1
1251,06,2020-06-08,2,0,0,0
1252,06,2020-06-09,3,0,0,6
1253,06,2020-06-10,0,0,0,4
1254,06,2020-06-11,1,0,0,3
1255,06,2020-06-12,1,0,1,0
1256,06,2020-06-13,0,0,0,1
1257,06,2020-06-14,0,0,0,0
1258,06,2020-06-15,0,0,0,2
1259,06,2020-06-16,4,0,1,4
1260,06,2020-06-17,1,0,0,5
1261,06,2020-06-18,4,0,0,4
1262,06,2020-06-19,3,0,2,2
1263,06,2020-06-20,0,0,1,13
1264,06,2020-06-21,0,0,0,0
1265,06,2020-06-22,0,0,0,1
1266,06,2020-06-23,1,0,1,2
1267,06,2020-06-24,0,0,0,1
1268,06,2020-06-25,0,0,0,0
1269,06,2020-06-26,0,0,0,17
1270,06,2020-06-27,0,0,0,0
1271,06,2020-06-28,0,0,0,0
1272,06,2020-06-29,0,0,0,0
1273,06,2020-06-30,2,0,0,8
1274,06,2020-07-01,0,0,0,5
1275,06,2020-07-02,2,0,0,1
1276,06,2020-07-03,0,0,0,2
1277,06,2020-07-04,0,0,0,0
1278,06,2020-07-05,0,0,0,0
1279,06,2020-07-06,0,0,0,0
1280,06,2020-07-07,0,0,0,1
1281,06,2020-07-08,0,0,0,1
1282,06,2020-07-09,0,0,0,0
1283,06,2020-07-10,0,0,0,1
1284,06,2020-07-11,0,0,0,1
1285,06,2020-07-12,0,0,0,0
1286,06,2020-07-13,0,0,0,0
1287,06,2020-07-14,1,0,0,0
1288,06,2020-07-15,4,0,0,1
1289,06,2020-07-16,1,1,0,1
1290,06,2020-07-17,0,0,0,0
1291,06,2020-07-18,0,0,0,0
1292,06,2020-07-19,0,0,0,0
1293,06,2020-07-20,0,0,0,0
1294,06,2020-07-21,5,0,0,0
1295,06,2020-07-22,8,0,0,2
1296,06,2020-07-23,4,1,0,11
1297,06,2020-07-24,2,1,0,1
1298,06,2020-07-25,1,0,0,1
1299,06,2020-07-26,0,0,0,0
1300,06,2020-07-27,4,2,0,3
1301,06,2020-07-28,3,0,1,2
1302,06,2020-07-29,1,0,0,1
1303,06,2020-07-30,3,1,1,6
1304,06,2020-07-31,4,0,0,1
1305,06,2020-08-01,1,0,0,0
1306,06,2020-08-02,1,0,0,0
1307,06,2020-08-03,4,0,0,2
1308,06,2020-08-04,6,0,0,3
1309,06,2020-08-05,6,0,0,0
1310,06,2020-08-06,4,1,0,1
1311,06,2020-08-07,7,2,0,3
1312,06,2020-08-08,2,0,0,1
1313,06,2020-08-09,0,0,0,0
1314,06,2020-08-10,6,0,0,3
1315,06,2020-08-11,2,0,0,3
1316,06,2020-08-12,2,0,0,5
1317,06,2020-08-13,18,0,0,3
1318,06,2020-08-14,9,0,0,5
1319,06,2020-08-15,1,0,0,2
1320,06,2020-08-16,1,0,0,0
1321,06,2020-08-17,6,0,0,6
1322,06,2020-08-18,6,0,0,3
1323,06,2020-08-19,4,0,0,3
1324,06,2020-08-20,4,2,1,2
1325,06,2020-08-21,13,0,0,10
1326,06,2020-08-22,12,0,1,15
1327,06,2020-08-23,0,1,0,1
1328,06,2020-08-24,14,3,1,14
1329,06,2020-08-25,9,2,1,5
1330,06,2020-08-26,17,0,0,9
1331,06,2020-08-27,6,1,0,10
1332,06,2020-08-28,6,3,0,7
1333,06,2020-08-29,3,0,0,3
1334,06,2020-08-30,0,0,0,1
1335,06,2020-08-31,13,3,0,8
1336,06,2020-09-01,3,0,0,4
1337,06,2020-09-02,22,3,0,7
1338,06,2020-09-03,9,1,0,7
1339,06,2020-09-04,9,1,3,12
1340,06,2020-09-05,6,0,1,1
1341,06,2020-09-06,4,1,0,2
1342,06,2020-09-07,18,2,0,9
1343,06,2020-09-08,24,1,2,14
1344,06,2020-09-09,14,7,2,13
1345,06,2020-09-10,2,0,1,6
1346,06,2020-09-11,11,1,2,10
1347,06,2020-09-12,11,0,2,3
1348,06,2020-09-13,4,0,0,3
1349,06,2020-09-14,17,1,1,9
1350,06,2020-09-15,10,1,2,8
1351,06,2020-09-16,12,2,0,7
1352,06,2020-09-17,16,2,0,7
1353,06,2020-09-18,21,7,1,9
1354,06,2020-09-19,18,1,1,3
1355,06,2020-09-20,1,0,0,0
1356,06,2020-09-21,11,1,2,13
1357,06,2020-09-22,18,4,2,22
1358,06,2020-09-23,11,2,1,4
1359,06,2020-09-24,10,0,2,4
1360,06,2020-09-25,9,0,2,14
1361,06,2020-09-26,5,2,1,19
1362,06,2020-09-27,0,0,0,3
1363,06,2020-09-28,11,4,1,13
1364,06,2020-09-29,9,1,0,5
1365,06,2020-09-30,11,2,0,15
1366,06,2020-10-01,10,3,0,7
1367,06,2020-10-02,17,0,0,9
1368,06,2020-10-03,5,1,0,5
1369,06,2020-10-04,4,1,0,3
1370,06,2020-10-05,6,2,0,5
1371,06,2020-10-06,11,4,3,16
1372,06,2020-10-07,3,1,0,8
1373,06,2020-10-08,9,3,0,7
1374,06,2020-10-09,8,1,0,4
1375,06,2020-10-10,8,1,2,5
1376,06,2020-10-11,9,0,0,2
1377,06,2020-10-12,26,5,3,10
1378,06,2020-10-13,16,3,1,16
1379,06,2020-10-14,17,3,0,6
1380,06,2020-10-15,16,7,0,7
1381,06,2020-10-16,17,3,0,5
1382,06,2020-10-17,19,2,0,5
1383,06,2020-10-18,7,0,2,3
1384,06,2020-10-19,20,6,1,5
1385,06,2020-10-20,22,4,1,24
1386,06,2020-10-21,18,1,2,9
1387,06,2020-10-22,21,2,0,11
1388,06,2020-10-23,22,6,0,9
1389,06,2020-10-24,18,3,1,10
1390,06,2020-10-25,9,3,1,5
1391,06,2020-10-26,17,5,3,27
1392,06,2020-10-27,51,4,5,12
1393,06,2020-10-28,31,8,4,18
1394,06,2020-10-29,21,2,1,15
1395,06,2020-10-30,20,4,2,16
1396,06,2020-10-31,38,5,5,16
1397,06,2020-11-01,16,3,0,7
1398,06,2020-11-02,23,2,8,21
1399,06,2020-11-03,63,6,10,19
1400,06,2020-11-04,54,15,2,23
1401,06,2020-11-05,60,5,4,31
1402,06,2020-11-06,48,4,7,25
1403,06,2020-11-07,44,9,4,22
1404,07,2020-03-19,7,1,0,0
1405,07,2020-03-20,7,0,1,3
1406,07,2020-03-21,6,0,0,1
1407,07,2020-03-22,2,0,0,0
1408,07,2020-03-23,7,0,1,0
1409,07,2020-03-24,8,2,1,1
1410,07,2020-03-25,44,1,1,33
1411,07,2020-03-26,11,1,1,5
1412,07,2020-03-27,12,2,4,6
1413,07,2020-03-28,34,1,1,21
1414,07,2020-03-29,7,0,1,1
1415,07,2020-03-30,21,0,1,12
1416,07,2020-03-31,33,5,1,20
1417,07,2020-04-01,15,1,4,11
1418,07,2020-04-02,12,2,6,10
1419,07,2020-04-03,19,2,1,5
1420,07,2020-04-04,1,0,2,7
1421,07,2020-04-05,5,1,0,0
1422,07,2020-04-06,23,4,4,9
1423,07,2020-04-07,14,0,2,10
1424,07,2020-04-08,9,2,3,6
1425,07,2020-04-09,7,2,3,10
1426,07,2020-04-10,10,2,2,10
1427,07,2020-04-11,2,1,0,6
1428,07,2020-04-12,2,1,0,2
1429,07,2020-04-13,10,0,3,1
1430,07,2020-04-14,10,2,3,8
1431,07,2020-04-15,7,1,0,11
1432,07,2020-04-16,4,0,0,3
1433,07,2020-04-17,14,1,3,9
1434,07,2020-04-18,8,0,1,6
1435,07,2020-04-19,1,0,0,0
1436,07,2020-04-20,4,1,3,9
1437,07,2020-04-21,6,3,1,5
1438,07,2020-04-22,4,0,1,5
1439,07,2020-04-23,8,0,2,10
1440,07,2020-04-24,5,1,0,1
1441,07,2020-04-25,6,2,2,7
1442,07,2020-04-26,7,0,1,1
1443,07,2020-04-27,11,0,6,2
1444,07,2020-04-28,51,2,2,6
1445,07,2020-04-29,3,1,1,4
1446,07,2020-04-30,28,1,1,25
1447,07,2020-05-01,9,0,1,8
1448,07,2020-05-02,2,0,0,3
1449,07,2020-05-03,0,0,2,0
1450,07,2020-05-04,4,1,2,6
1451,07,2020-05-05,36,0,5,14
1452,07,2020-05-06,16,0,2,30
1453,07,2020-05-07,8,0,3,5
1454,07,2020-05-08,4,0,2,5
1455,07,2020-05-09,3,0,1,1
1456,07,2020-05-10,9,1,2,6
1457,07,2020-05-11,1,0,0,5
1458,07,2020-05-12,4,0,0,9
1459,07,2020-05-13,9,0,5,13
1460,07,2020-05-14,7,0,1,6
1461,07,2020-05-15,1,1,3,5
1462,07,2020-05-16,1,0,1,15
1463,07,2020-05-17,0,0,0,0
1464,07,2020-05-18,6,0,1,2
1465,07,2020-05-19,4,0,1,8
1466,07,2020-05-20,5,0,2,13
1467,07,2020-05-21,0,0,0,10
1468,07,2020-05-22,3,1,0,2
1469,07,2020-05-23,0,0,0,1
1470,07,2020-05-24,2,0,0,0
1471,07,2020-05-25,2,1,1,2
1472,07,2020-05-26,4,0,1,6
1473,07,2020-05-27,4,0,2,9
1474,07,2020-05-28,0,0,1,15
1475,07,2020-05-29,0,0,0,12
1476,07,2020-05-30,0,0,0,4
1477,07,2020-05-31,1,0,0,0
1478,07,2020-06-01,2,0,0,0
1479,07,2020-06-02,3,1,1,1
1480,07,2020-06-03,0,0,0,8
1481,07,2020-06-04,1,1,1,3
1482,07,2020-06-05,0,0,0,0
1483,07,2020-06-06,0,0,0,1
1484,07,2020-06-07,0,0,0,0
1485,07,2020-06-08,2,0,1,2
1486,07,2020-06-09,0,0,0,3
1487,07,2020-06-10,1,0,0,1
1488,07,2020-06-11,1,0,0,3
1489,07,2020-06-12,1,0,0,3
1490,07,2020-06-13,0,0,0,0
1491,07,2020-06-14,0,0,0,0
1492,07,2020-06-15,0,0,0,2
1493,07,2020-06-16,0,0,0,0
1494,07,2020-06-17,0,0,0,3
1495,07,2020-06-18,0,0,0,2
1496,07,2020-06-19,0,0,0,1
1497,07,2020-06-20,0,0,0,7
1498,07,2020-06-21,0,0,0,1
1499,07,2020-06-22,0,0,0,0
1500,07,2020-06-23,0,0,0,1
1501,07,2020-06-24,1,0,0,1
1502,07,2020-06-25,0,0,0,0
1503,07,2020-06-26,0,0,0,1
1504,07,2020-06-27,0,0,0,0
1505,07,2020-06-28,0,0,0,0
1506,07,2020-06-29,0,0,0,0
1507,07,2020-06-30,0,0,0,0
1508,07,2020-07-01,0,0,0,0
1509,07,2020-07-02,0,0,0,0
1510,07,2020-07-03,0,0,0,0
1511,07,2020-07-04,0,0,0,0
1512,07,2020-07-05,0,0,0,0
1513,07,2020-07-06,1,0,0,0
1514,07,2020-07-07,0,0,0,0
1515,07,2020-07-08,1,0,0,2
1516,07,2020-07-09,0,0,0,0
1517,07,2020-07-10,1,0,1,0
1518,07,2020-07-11,1,0,0,1
1519,07,2020-07-12,0,0,0,0
1520,07,2020-07-13,2,0,0,0
1521,07,2020-07-14,1,0,0,1
1522,07,2020-07-15,2,0,0,2
1523,07,2020-07-16,0,0,0,0
1524,07,2020-07-17,0,0,0,0
1525,07,2020-07-18,0,0,0,0
1526,07,2020-07-19,0,0,0,0
1527,07,2020-07-20,0,0,0,1
1528,07,2020-07-21,1,0,0,1
1529,07,2020-07-22,1,0,0,0
1530,07,2020-07-23,0,0,0,0
1531,07,2020-07-24,0,0,1,1
1532,07,2020-07-25,0,0,0,0
1533,07,2020-07-26,0,0,0,0
1534,07,2020-07-27,0,0,0,0
1535,07,2020-07-28,0,0,0,0
1536,07,2020-07-29,0,0,0,0
1537,07,2020-07-30,1,0,0,0
1538,07,2020-07-31,0,0,0,1
1539,07,2020-08-01,0,0,0,0
1540,07,2020-08-02,0,0,0,0
1541,07,2020-08-03,0,0,0,0
1542,07,2020-08-04,0,0,0,0
1543,07,2020-08-05,1,0,0,0
1544,07,2020-08-06,0,0,0,0
1545,07,2020-08-07,1,0,0,1
1546,07,2020-08-08,0,0,0,0
1547,07,2020-08-09,0,0,0,0
1548,07,2020-08-10,1,0,0,1
1549,07,2020-08-11,8,0,1,0
1550,07,2020-08-12,0,0,0,0
1551,07,2020-08-13,0,0,1,0
1552,07,2020-08-14,0,0,0,0
1553,07,2020-08-15,0,0,0,0
1554,07,2020-08-16,0,0,0,0
1555,07,2020-08-17,1,0,0,0
1556,07,2020-08-18,2,0,0,0
1557,07,2020-08-19,0,0,0,0
1558,07,2020-08-20,3,0,0,1
1559,07,2020-08-21,2,0,0,1
1560,07,2020-08-22,0,0,0,1
1561,07,2020-08-23,0,0,0,0
1562,07,2020-08-24,1,0,3,0
1563,07,2020-08-25,0,0,0,0
1564,07,2020-08-26,1,0,0,1
1565,07,2020-08-27,4,0,0,1
1566,07,2020-08-28,2,0,0,1
1567,07,2020-08-29,0,1,1,1
1568,07,2020-08-30,0,0,0,0
1569,07,2020-08-31,2,0,0,2
1570,07,2020-09-01,1,0,0,1
1571,07,2020-09-02,0,0,0,0
1572,07,2020-09-03,0,0,0,0
1573,07,2020-09-04,0,0,0,0
1574,07,2020-09-05,0,0,0,0
1575,07,2020-09-06,0,0,0,0
1576,07,2020-09-07,2,0,1,0
1577,07,2020-09-08,0,0,0,2
1578,07,2020-09-09,0,0,0,0
1579,07,2020-09-10,1,0,0,0
1580,07,2020-09-11,2,0,0,1
1581,07,2020-09-12,2,0,0,0
1582,07,2020-09-13,0,0,0,0
1583,07,2020-09-14,0,0,0,0
1584,07,2020-09-15,1,0,0,1
1585,07,2020-09-16,4,1,0,3
1586,07,2020-09-17,1,0,2,8
1587,07,2020-09-18,1,0,0,2
1588,07,2020-09-19,0,0,0,0
1589,07,2020-09-20,0,0,0,0
1590,07,2020-09-21,4,1,1,0
1591,07,2020-09-22,1,1,0,0
1592,07,2020-09-23,2,1,0,0
1593,07,2020-09-24,0,0,0,1
1594,07,2020-09-25,0,0,0,2
1595,07,2020-09-26,0,0,0,2
1596,07,2020-09-27,0,0,0,0
1597,07,2020-09-28,0,0,0,0
1598,07,2020-09-29,2,0,0,4
1599,07,2020-09-30,0,0,0,0
1600,07,2020-10-01,1,1,0,0
1601,07,2020-10-02,0,0,0,1
1602,07,2020-10-03,0,0,0,0
1603,07,2020-10-04,0,0,0,0
1604,07,2020-10-05,2,0,0,1
1605,07,2020-10-06,2,0,0,1
1606,07,2020-10-07,1,1,1,0
1607,07,2020-10-08,1,0,0,0
1608,07,2020-10-09,1,1,0,0
1609,07,2020-10-10,0,0,0,0
1610,07,2020-10-11,3,0,0,0
1611,07,2020-10-12,7,0,1,2
1612,07,2020-10-13,4,2,0,1
1613,07,2020-10-14,10,0,0,2
1614,07,2020-10-15,8,0,0,1
1615,07,2020-10-16,10,2,0,3
1616,07,2020-10-17,1,1,0,0
1617,07,2020-10-18,8,0,2,0
1618,07,2020-10-19,16,1,1,2
1619,07,2020-10-20,13,1,0,4
1620,07,2020-10-21,7,0,0,1
1621,07,2020-10-22,11,0,2,9
1622,07,2020-10-23,3,1,1,0
1623,07,2020-10-24,25,0,0,9
1624,07,2020-10-25,19,2,3,4
1625,07,2020-10-26,19,1,3,6
1626,07,2020-10-27,11,1,3,4
1627,07,2020-10-28,10,0,1,5
1628,07,2020-10-29,21,1,2,6
1629,07,2020-10-30,6,1,1,7
1630,07,2020-10-31,30,0,4,8
1631,07,2020-11-01,15,1,4,1
1632,07,2020-11-02,22,3,6,8
1633,07,2020-11-03,39,3,4,11
1634,07,2020-11-04,23,2,5,16
1635,07,2020-11-05,25,1,8,9
1636,07,2020-11-06,20,0,4,10
1637,07,2020-11-07,12,1,2,8
1638,08,2020-03-19,1,1,0,0
1639,08,2020-03-20,0,0,0,0
1640,08,2020-03-21,2,0,0,0
1641,08,2020-03-22,1,0,0,0
1642,08,2020-03-23,1,1,0,0
1643,08,2020-03-24,0,0,0,1
1644,08,2020-03-25,2,1,0,0
1645,08,2020-03-26,8,4,0,0
1646,08,2020-03-27,0,1,0,0
1647,08,2020-03-28,11,0,0,0
1648,08,2020-03-29,7,3,0,2
1649,08,2020-03-30,0,0,0,0
1650,08,2020-03-31,22,7,0,4
1651,08,2020-04-01,7,0,1,0
1652,08,2020-04-02,13,1,0,2
1653,08,2020-04-03,5,0,1,3
1654,08,2020-04-04,11,2,1,7
1655,08,2020-04-05,10,0,1,3
1656,08,2020-04-06,8,0,2,7
1657,08,2020-04-07,13,1,0,7
1658,08,2020-04-08,0,0,1,2
1659,08,2020-04-09,11,2,2,5
1660,08,2020-04-10,9,0,2,8
1661,08,2020-04-11,3,1,2,5
1662,08,2020-04-12,23,0,4,9
1663,08,2020-04-13,0,0,0,0
1664,08,2020-04-14,9,3,4,5
1665,08,2020-04-15,7,1,4,8
1666,08,2020-04-16,3,0,0,5
1667,08,2020-04-17,14,3,2,9
1668,08,2020-04-18,11,1,5,7
1669,08,2020-04-19,6,0,3,3
1670,08,2020-04-20,3,0,5,0
1671,08,2020-04-21,4,0,1,2
1672,08,2020-04-22,10,2,2,6
1673,08,2020-04-23,2,0,0,1
1674,08,2020-04-24,4,1,0,1
1675,08,2020-04-25,3,1,1,1
1676,08,2020-04-26,4,0,0,3
1677,08,2020-04-27,4,0,2,1
1678,08,2020-04-28,1,0,0,0
1679,08,2020-04-29,4,0,0,7
1680,08,2020-04-30,0,0,0,1
1681,08,2020-05-01,3,0,2,0
1682,08,2020-05-02,2,0,0,0
1683,08,2020-05-03,2,2,1,0
1684,08,2020-05-04,0,0,1,1
1685,08,2020-05-05,2,0,0,1
1686,08,2020-05-06,12,0,0,2
1687,08,2020-05-07,6,1,0,2
1688,08,2020-05-08,0,0,0,0
1689,08,2020-05-09,7,1,4,0
1690,08,2020-05-10,3,0,0,1
1691,08,2020-05-11,1,0,1,0
1692,08,2020-05-12,1,0,1,2
1693,08,2020-05-13,0,0,0,0
1694,08,2020-05-14,7,0,2,2
1695,08,2020-05-15,6,0,1,4
1696,08,2020-05-16,0,0,0,1
1697,08,2020-05-17,2,1,0,0
1698,08,2020-05-18,0,0,0,0
1699,08,2020-05-19,29,3,2,1
1700,08,2020-05-20,0,0,0,1
1701,08,2020-05-21,0,0,1,0
1702,08,2020-05-22,3,0,0,2
1703,08,2020-05-23,0,0,0,0
1704,08,2020-05-24,0,0,0,2
1705,08,2020-05-25,0,0,0,0
1706,08,2020-05-26,1,0,0,8
1707,08,2020-05-27,1,0,0,0
1708,08,2020-05-28,1,0,0,3
1709,08,2020-05-29,1,1,0,0
1710,08,2020-05-30,2,0,1,26
1711,08,2020-05-31,0,0,0,0
1712,08,2020-06-01,3,1,0,2
1713,08,2020-06-02,0,0,0,0
1714,08,2020-06-03,0,0,0,0
1715,08,2020-06-04,1,0,0,3
1716,08,2020-06-05,0,0,0,10
1717,08,2020-06-06,8,2,0,0
1718,08,2020-06-07,0,0,0,1
1719,08,2020-06-08,0,0,0,0
1720,08,2020-06-09,0,0,0,0
1721,08,2020-06-10,0,0,0,3
1722,08,2020-06-11,6,1,0,16
1723,08,2020-06-12,0,0,0,1
1724,08,2020-06-13,0,0,0,1
1725,08,2020-06-14,0,0,0,1
1726,08,2020-06-15,0,0,2,0
1727,08,2020-06-16,0,0,0,1
1728,08,2020-06-17,0,0,0,1
1729,08,2020-06-18,0,0,0,0
1730,08,2020-06-19,0,0,0,1
1731,08,2020-06-20,0,0,2,0
1732,08,2020-06-21,0,0,0,0
1733,08,2020-06-22,0,0,1,0
1734,08,2020-06-23,0,0,0,1
1735,08,2020-06-24,0,0,0,0
1736,08,2020-06-25,0,0,0,0
1737,08,2020-06-26,0,0,0,0
1738,08,2020-06-27,0,0,1,1
1739,08,2020-06-28,0,0,0,0
1740,08,2020-06-29,0,0,0,0
1741,08,2020-06-30,0,0,0,0
1742,08,2020-07-01,0,0,0,1
1743,08,2020-07-02,0,0,0,0
1744,08,2020-07-03,0,0,0,0
1745,08,2020-07-04,0,0,0,0
1746,08,2020-07-05,0,0,0,0
1747,08,2020-07-06,1,0,0,0
1748,08,2020-07-07,0,0,0,0
1749,08,2020-07-08,0,0,0,0
1750,08,2020-07-09,0,0,0,0
1751,08,2020-07-10,0,0,0,0
1752,08,2020-07-11,0,0,0,0
1753,08,2020-07-12,0,0,0,0
1754,08,2020-07-13,0,0,0,0
1755,08,2020-07-14,1,0,0,4
1756,08,2020-07-15,0,0,0,0
1757,08,2020-07-16,0,0,0,0
1758,08,2020-07-17,0,0,0,0
1759,08,2020-07-18,0,0,0,0
1760,08,2020-07-19,0,0,0,0
1761,08,2020-07-20,0,0,0,0
1762,08,2020-07-21,0,0,0,0
1763,08,2020-07-22,0,0,0,0
1764,08,2020-07-23,2,0,0,4
1765,08,2020-07-24,0,0,0,0
1766,08,2020-07-25,0,0,0,0
1767,08,2020-07-26,1,0,0,0
1768,08,2020-07-27,1,0,0,0
1769,08,2020-07-28,0,0,0,0
1770,08,2020-07-29,0,0,0,0
1771,08,2020-07-30,1,0,0,0
1772,08,2020-07-31,0,0,0,0
1773,08,2020-08-01,0,0,0,0
1774,08,2020-08-02,0,0,0,0
1775,08,2020-08-03,0,0,0,2
1776,08,2020-08-04,0,0,0,1
1777,08,2020-08-05,1,0,0,0
1778,08,2020-08-06,0,0,0,0
1779,08,2020-08-07,0,0,0,0
1780,08,2020-08-08,0,0,0,0
1781,08,2020-08-09,0,0,0,0
1782,08,2020-08-10,0,0,0,1
1783,08,2020-08-11,0,0,0,0
1784,08,2020-08-12,0,0,0,0
1785,08,2020-08-13,0,0,0,0
1786,08,2020-08-14,1,0,0,0
1787,08,2020-08-15,0,0,0,0
1788,08,2020-08-16,0,0,0,0
1789,08,2020-08-17,0,0,0,0
1790,08,2020-08-18,0,0,0,0
1791,08,2020-08-19,1,0,0,0
1792,08,2020-08-20,1,0,0,0
1793,08,2020-08-21,0,0,0,0
1794,08,2020-08-22,0,0,0,0
1795,08,2020-08-23,0,0,0,0
1796,08,2020-08-24,0,0,0,0
1797,08,2020-08-25,1,0,0,0
1798,08,2020-08-26,0,0,0,0
1799,08,2020-08-27,0,0,0,0
1800,08,2020-08-28,0,0,0,0
1801,08,2020-08-29,0,0,0,0
1802,08,2020-08-30,0,0,0,0
1803,08,2020-08-31,2,0,0,1
1804,08,2020-09-01,0,0,0,0
1805,08,2020-09-02,0,0,0,0
1806,08,2020-09-03,0,0,0,1
1807,08,2020-09-04,1,0,0,0
1808,08,2020-09-05,0,0,0,0
1809,08,2020-09-06,0,0,0,0
1810,08,2020-09-07,0,0,0,0
1811,08,2020-09-08,1,0,0,0
1812,08,2020-09-09,0,0,0,0
1813,08,2020-09-10,0,0,0,0
1814,08,2020-09-11,2,0,0,0
1815,08,2020-09-12,0,0,0,0
1816,08,2020-09-13,1,0,0,2
1817,08,2020-09-14,0,0,0,0
1818,08,2020-09-15,6,1,0,1
1819,08,2020-09-16,1,0,1,0
1820,08,2020-09-17,1,0,0,0
1821,08,2020-09-18,1,1,0,3
1822,08,2020-09-19,0,0,0,0
1823,08,2020-09-20,0,0,0,0
1824,08,2020-09-21,0,0,1,0
1825,08,2020-09-22,4,0,0,2
1826,08,2020-09-23,0,0,0,0
1827,08,2020-09-24,0,1,1,0
1828,08,2020-09-25,0,1,0,0
1829,08,2020-09-26,0,0,0,2
1830,08,2020-09-27,2,0,1,2
1831,08,2020-09-28,2,0,0,0
1832,08,2020-09-29,1,0,0,0
1833,08,2020-09-30,0,0,0,0
1834,08,2020-10-01,2,0,0,4
1835,08,2020-10-02,1,0,0,0
1836,08,2020-10-03,3,0,0,0
1837,08,2020-10-04,0,0,1,0
1838,08,2020-10-05,1,0,0,1
1839,08,2020-10-06,1,0,0,0
1840,08,2020-10-07,2,1,0,0
1841,08,2020-10-08,0,0,0,0
1842,08,2020-10-09,2,0,0,2
1843,08,2020-10-10,0,0,0,0
1844,08,2020-10-11,4,2,0,1
1845,08,2020-10-12,0,0,0,0
1846,08,2020-10-13,0,0,0,2
1847,08,2020-10-14,3,1,0,3
1848,08,2020-10-15,3,1,0,2
1849,08,2020-10-16,2,0,0,0
1850,08,2020-10-17,2,0,1,2
1851,08,2020-10-18,3,1,0,0
1852,08,2020-10-19,4,2,0,0
1853,08,2020-10-20,1,0,0,0
1854,08,2020-10-21,5,1,1,0
1855,08,2020-10-22,0,0,0,0
1856,08,2020-10-23,10,2,1,8
1857,08,2020-10-24,5,0,0,2
1858,08,2020-10-25,1,1,0,0
1859,08,2020-10-26,1,0,0,1
1860,08,2020-10-27,3,1,1,6
1861,08,2020-10-28,0,0,0,0
1862,08,2020-10-29,17,1,2,4
1863,08,2020-10-30,6,1,0,1
1864,08,2020-10-31,0,0,0,0
1865,08,2020-11-01,15,6,1,4
1866,08,2020-11-02,0,0,0,0
1867,08,2020-11-03,7,1,2,2
1868,08,2020-11-04,25,1,0,5
1869,08,2020-11-05,7,2,3,7
1870,08,2020-11-06,2,1,2,2
1871,08,2020-11-07,15,1,1,4
1872,09,2020-03-19,0,0,0,0
1873,09,2020-03-20,1,0,0,0
1874,09,2020-03-21,1,0,0,1
1875,09,2020-03-22,1,0,0,0
1876,09,2020-03-23,1,2,0,0
1877,09,2020-03-24,0,0,0,0
1878,09,2020-03-25,5,0,0,1
1879,09,2020-03-26,0,0,0,0
1880,09,2020-03-27,1,0,0,0
1881,09,2020-03-28,0,0,0,0
1882,09,2020-03-29,0,1,0,0
1883,09,2020-03-30,2,1,0,0
1884,09,2020-03-31,3,0,0,2
1885,09,2020-04-01,5,3,0,1
1886,09,2020-04-02,2,0,1,1
1887,09,2020-04-03,0,0,0,0
1888,09,2020-04-04,1,0,0,2
1889,09,2020-04-05,3,0,0,0
1890,09,2020-04-06,1,0,0,1
1891,09,2020-04-07,2,0,0,1
1892,09,2020-04-08,3,0,0,1
1893,09,2020-04-09,1,0,0,1
1894,09,2020-04-10,1,0,0,4
1895,09,2020-04-11,0,0,0,0
1896,09,2020-04-12,1,0,0,0
1897,09,2020-04-13,0,0,0,0
1898,09,2020-04-14,0,0,0,0
1899,09,2020-04-15,2,0,0,0
1900,09,2020-04-16,0,0,0,0
1901,09,2020-04-17,2,1,1,4
1902,09,2020-04-18,0,0,0,0
1903,09,2020-04-19,0,0,0,1
1904,09,2020-04-20,1,0,0,1
1905,09,2020-04-21,0,0,0,1
1906,09,2020-04-22,0,0,0,0
1907,09,2020-04-23,1,0,0,0
1908,09,2020-04-24,1,0,0,4
1909,09,2020-04-25,0,0,0,0
1910,09,2020-04-26,0,0,0,0
1911,09,2020-04-27,0,0,0,1
1912,09,2020-04-28,0,0,0,0
1913,09,2020-04-29,0,0,0,0
1914,09,2020-04-30,0,0,0,0
1915,09,2020-05-01,0,0,0,3
1916,09,2020-05-02,0,0,0,0
1917,09,2020-05-03,0,0,0,0
1918,09,2020-05-04,0,0,0,0
1919,09,2020-05-05,0,0,0,0
1920,09,2020-05-06,0,0,0,0
1921,09,2020-05-07,0,0,0,0
1922,09,2020-05-08,0,0,0,0
1923,09,2020-05-09,0,0,0,0
1924,09,2020-05-10,0,0,0,0
1925,09,2020-05-11,0,0,0,0
1926,09,2020-05-12,0,0,0,0
1927,09,2020-05-13,0,0,0,0
1928,09,2020-05-14,0,0,0,0
1929,09,2020-05-15,0,0,0,0
1930,09,2020-05-16,0,0,0,0
1931,09,2020-05-17,0,0,0,0
1932,09,2020-05-18,0,0,0,0
1933,09,2020-05-19,0,0,0,0
1934,09,2020-05-20,2,0,0,0
1935,09,2020-05-21,1,0,0,0
1936,09,2020-05-22,0,0,1,2
1937,09,2020-05-23,0,0,0,0
1938,09,2020-05-24,0,0,0,0
1939,09,2020-05-25,0,0,0,0
1940,09,2020-05-26,0,0,0,0
1941,09,2020-05-27,0,0,0,1
1942,09,2020-05-28,0,0,0,0
1943,09,2020-05-29,0,0,0,0
1944,09,2020-05-30,0,0,0,0
1945,09,2020-05-31,0,0,0,0
1946,09,2020-06-01,0,0,0,0
1947,09,2020-06-02,0,0,0,0
1948,09,2020-06-03,0,0,0,0
1949,09,2020-06-04,0,0,0,0
1950,09,2020-06-05,0,0,0,0
1951,09,2020-06-06,0,0,0,0
1952,09,2020-06-07,0,0,0,0
1953,09,2020-06-08,0,0,0,0
1954,09,2020-06-09,0,0,0,0
1955,09,2020-06-10,0,0,0,0
1956,09,2020-06-11,0,0,0,1
1957,09,2020-06-12,0,0,0,0
1958,09,2020-06-13,0,0,0,0
1959,09,2020-06-14,0,0,0,0
1960,09,2020-06-15,0,0,0,0
1961,09,2020-06-16,0,0,0,0
1962,09,2020-06-17,0,0,0,0
1963,09,2020-06-18,0,0,0,0
1964,09,2020-06-19,0,0,0,0
1965,09,2020-06-20,0,0,0,0
1966,09,2020-06-21,0,0,0,0
1967,09,2020-06-22,0,0,0,0
1968,09,2020-06-23,0,0,0,0
1969,09,2020-06-24,0,0,0,0
1970,09,2020-06-25,0,0,0,0
1971,09,2020-06-26,0,0,0,0
1972,09,2020-06-27,0,0,0,0
1973,09,2020-06-28,0,0,0,0
1974,09,2020-06-29,0,0,0,0
1975,09,2020-06-30,0,0,0,0
1976,09,2020-07-01,0,0,0,0
1977,09,2020-07-02,0,0,0,0
1978,09,2020-07-03,0,0,0,0
1979,09,2020-07-04,0,0,0,0
1980,09,2020-07-05,0,0,0,0
1981,09,2020-07-06,0,0,0,0
1982,09,2020-07-07,0,0,0,0
1983,09,2020-07-08,0,0,0,0
1984,09,2020-07-09,0,0,0,0
1985,09,2020-07-10,0,0,0,0
1986,09,2020-07-11,0,0,0,0
1987,09,2020-07-12,0,0,0,0
1988,09,2020-07-13,0,0,0,0
1989,09,2020-07-14,0,0,0,0
1990,09,2020-07-15,0,0,0,0
1991,09,2020-07-16,0,0,0,0
1992,09,2020-07-17,0,0,0,0
1993,09,2020-07-18,0,0,0,0
1994,09,2020-07-19,0,0,0,0
1995,09,2020-07-20,0,0,0,0
1996,09,2020-07-21,0,0,0,0
1997,09,2020-07-22,0,0,0,0
1998,09,2020-07-23,0,0,0,0
1999,09,2020-07-24,0,0,0,0
2000,09,2020-07-25,0,0,0,0
2001,09,2020-07-26,0,0,0,0
2002,09,2020-07-27,0,0,0,0
2003,09,2020-07-28,0,0,0,0
2004,09,2020-07-29,0,0,0,0
2005,09,2020-07-30,0,0,0,0
2006,09,2020-07-31,0,0,0,0
2007,09,2020-08-01,0,0,0,0
2008,09,2020-08-02,0,0,0,0
2009,09,2020-08-03,0,0,0,0
2010,09,2020-08-04,0,0,0,0
2011,09,2020-08-05,0,0,0,0
2012,09,2020-08-06,0,0,0,0
2013,09,2020-08-07,0,0,0,0
2014,09,2020-08-08,0,0,0,0
2015,09,2020-08-09,0,0,0,0
2016,09,2020-08-10,0,0,0,0
2017,09,2020-08-11,0,0,0,0
2018,09,2020-08-12,0,0,0,0
2019,09,2020-08-13,0,0,0,0
2020,09,2020-08-14,0,0,0,0
2021,09,2020-08-15,0,0,0,0
2022,09,2020-08-16,0,0,0,0
2023,09,2020-08-17,0,0,0,0
2024,09,2020-08-18,0,0,0,0
2025,09,2020-08-19,1,0,0,0
2026,09,2020-08-20,0,0,0,0
2027,09,2020-08-21,0,0,0,1
2028,09,2020-08-22,0,0,0,0
2029,09,2020-08-23,0,0,0,0
2030,09,2020-08-24,0,0,0,0
2031,09,2020-08-25,0,0,0,0
2032,09,2020-08-26,0,0,0,0
2033,09,2020-08-27,0,0,0,0
2034,09,2020-08-28,1,1,0,0
2035,09,2020-08-29,0,0,0,0
2036,09,2020-08-30,0,0,0,0
2037,09,2020-08-31,0,0,0,0
2038,09,2020-09-01,0,0,0,0
2039,09,2020-09-02,0,0,0,0
2040,09,2020-09-03,0,0,0,0
2041,09,2020-09-04,0,0,0,0
2042,09,2020-09-05,0,0,0,0
2043,09,2020-09-06,0,0,0,0
2044,09,2020-09-07,0,0,0,0
2045,09,2020-09-08,0,0,0,0
2046,09,2020-09-09,0,0,0,0
2047,09,2020-09-10,2,0,0,0
2048,09,2020-09-11,1,0,0,0
2049,09,2020-09-12,0,0,0,0
2050,09,2020-09-13,0,0,0,0
2051,09,2020-09-14,1,1,0,0
2052,09,2020-09-15,0,0,0,0
2053,09,2020-09-16,0,0,0,0
2054,09,2020-09-17,0,0,0,0
2055,09,2020-09-18,0,0,0,0
2056,09,2020-09-19,0,0,0,0
2057,09,2020-09-20,0,0,0,0
2058,09,2020-09-21,2,2,0,2
2059,09,2020-09-22,1,0,0,1
2060,09,2020-09-23,1,0,0,0
2061,09,2020-09-24,0,0,0,0
2062,09,2020-09-25,1,0,0,0
2063,09,2020-09-26,0,0,0,0
2064,09,2020-09-27,0,0,0,0
2065,09,2020-09-28,1,0,0,0
2066,09,2020-09-29,0,1,0,2
2067,09,2020-09-30,0,0,0,0
2068,09,2020-10-01,1,0,0,0
2069,09,2020-10-02,0,0,0,0
2070,09,2020-10-03,2,0,0,1
2071,09,2020-10-04,2,1,1,0
2072,09,2020-10-05,0,0,0,0
2073,09,2020-10-06,4,1,0,3
2074,09,2020-10-07,0,0,0,1
2075,09,2020-10-08,0,0,0,0
2076,09,2020-10-09,3,3,0,2
2077,09,2020-10-10,0,0,0,0
2078,09,2020-10-11,0,0,0,0
2079,09,2020-10-12,4,0,0,0
2080,09,2020-10-13,3,1,0,1
2081,09,2020-10-14,1,1,0,0
2082,09,2020-10-15,0,0,0,0
2083,09,2020-10-16,2,1,0,0
2084,09,2020-10-17,2,1,0,0
2085,09,2020-10-18,1,0,2,0
2086,09,2020-10-19,2,0,0,1
2087,09,2020-10-20,0,0,0,0
2088,09,2020-10-21,4,0,0,2
2089,09,2020-10-22,2,0,0,3
2090,09,2020-10-23,2,0,0,1
2091,09,2020-10-24,1,0,0,0
2092,09,2020-10-25,0,0,0,1
2093,09,2020-10-26,0,0,2,3
2094,09,2020-10-27,2,0,0,2
2095,09,2020-10-28,1,0,0,0
2096,09,2020-10-29,2,1,0,5
2097,09,2020-10-30,6,1,0,3
2098,09,2020-10-31,3,1,0,3
2099,09,2020-11-01,2,1,1,1
2100,09,2020-11-02,5,0,1,0
2101,09,2020-11-03,4,0,0,1
2102,09,2020-11-04,4,1,0,0
2103,09,2020-11-05,9,1,0,1
2104,09,2020-11-06,4,1,0,2
2105,09,2020-11-07,0,0,0,2
2106,10,2020-03-19,6,1,0,0
2107,10,2020-03-20,2,0,0,0
2108,10,2020-03-21,6,2,0,0
2109,10,2020-03-22,9,0,0,0
2110,10,2020-03-23,9,0,2,0
2111,10,2020-03-24,3,0,0,0
2112,10,2020-03-25,17,5,4,3
2113,10,2020-03-26,12,2,0,0
2114,10,2020-03-27,4,0,0,0
2115,10,2020-03-28,4,0,1,0
2116,10,2020-03-29,1,0,0,0
2117,10,2020-03-30,6,0,0,1
2118,10,2020-03-31,13,1,1,0
2119,10,2020-04-01,34,5,10,17
2120,10,2020-04-02,23,2,2,3
2121,10,2020-04-03,9,0,1,1
2122,10,2020-04-04,38,4,10,2
2123,10,2020-04-05,10,1,3,0
2124,10,2020-04-06,3,0,1,0
2125,10,2020-04-07,13,2,3,3
2126,10,2020-04-08,29,2,9,24
2127,10,2020-04-09,157,5,11,95
2128,10,2020-04-10,62,0,1,49
2129,10,2020-04-11,9,0,2,0
2130,10,2020-04-12,24,0,0,1
2131,10,2020-04-13,24,0,1,1
2132,10,2020-04-14,19,1,3,0
2133,10,2020-04-15,11,0,5,14
2134,10,2020-04-16,18,0,2,18
2135,10,2020-04-17,13,0,2,13
2136,10,2020-04-18,6,0,0,1
2137,10,2020-04-19,4,1,2,0
2138,10,2020-04-20,12,0,6,19
2139,10,2020-04-21,7,5,4,10
2140,10,2020-04-22,37,0,7,27
2141,10,2020-04-23,29,2,5,14
2142,10,2020-04-24,29,0,4,27
2143,10,2020-04-25,12,0,3,2
2144,10,2020-04-26,0,0,1,0
2145,10,2020-04-27,6,0,2,7
2146,10,2020-04-28,29,5,1,22
2147,10,2020-04-29,26,4,3,27
2148,10,2020-04-30,16,3,2,10
2149,10,2020-05-01,19,0,1,18
2150,10,2020-05-02,13,2,0,3
2151,10,2020-05-03,14,5,0,20
2152,10,2020-05-04,4,0,1,0
2153,10,2020-05-05,4,0,0,10
2154,10,2020-05-06,10,0,2,16
2155,10,2020-05-07,20,0,4,27
2156,10,2020-05-08,5,0,1,3
2157,10,2020-05-09,1,0,0,0
2158,10,2020-05-10,4,0,0,2
2159,10,2020-05-11,2,0,1,0
2160,10,2020-05-12,2,0,0,5
2161,10,2020-05-13,2,0,0,5
2162,10,2020-05-14,6,0,0,1
2163,10,2020-05-15,1,0,0,8
2164,10,2020-05-16,5,0,0,4
2165,10,2020-05-17,2,0,3,1
2166,10,2020-05-18,7,0,0,0
2167,10,2020-05-19,1,0,0,5
2168,10,2020-05-20,3,0,2,12
2169,10,2020-05-21,5,0,0,2
2170,10,2020-05-22,1,0,0,0
2171,10,2020-05-23,1,0,0,0
2172,10,2020-05-24,1,0,2,0
2173,10,2020-05-25,0,0,0,0
2174,10,2020-05-26,1,0,2,5
2175,10,2020-05-27,2,0,1,19
2176,10,2020-05-28,4,0,2,3
2177,10,2020-05-29,2,0,1,5
2178,10,2020-05-30,0,0,0,3
2179,10,2020-05-31,0,0,0,1
2180,10,2020-06-01,1,0,0,0
2181,10,2020-06-02,0,0,1,0
2182,10,2020-06-03,0,0,0,4
2183,10,2020-06-04,0,0,0,3
2184,10,2020-06-05,1,0,1,12
2185,10,2020-06-06,1,0,0,2
2186,10,2020-06-07,1,0,0,0
2187,10,2020-06-08,0,0,0,0
2188,10,2020-06-09,2,0,0,2
2189,10,2020-06-10,0,0,0,4
2190,10,2020-06-11,4,1,0,1
2191,10,2020-06-12,0,0,0,0
2192,10,2020-06-13,0,0,0,3
2193,10,2020-06-14,0,0,1,0
2194,10,2020-06-15,0,0,0,0
2195,10,2020-06-16,2,0,0,2
2196,10,2020-06-17,1,0,0,3
2197,10,2020-06-18,1,0,0,0
2198,10,2020-06-19,0,0,0,0
2199,10,2020-06-20,2,0,0,0
2200,10,2020-06-21,0,0,0,0
2201,10,2020-06-22,0,0,0,0
2202,10,2020-06-23,0,0,0,3
2203,10,2020-06-24,0,0,0,1
2204,10,2020-06-25,3,0,0,1
2205,10,2020-06-26,0,0,0,0
2206,10,2020-06-27,0,0,0,0
2207,10,2020-06-28,1,0,0,0
2208,10,2020-06-29,0,0,0,0
2209,10,2020-06-30,0,0,0,1
2210,10,2020-07-01,0,0,0,0
2211,10,2020-07-02,1,1,0,0
2212,10,2020-07-03,0,0,0,0
2213,10,2020-07-04,0,0,0,0
2214,10,2020-07-05,0,0,0,0
2215,10,2020-07-06,0,0,0,1
2216,10,2020-07-07,0,0,0,0
2217,10,2020-07-08,1,1,0,2
2218,10,2020-07-09,0,0,0,0
2219,10,2020-07-10,1,0,0,1
2220,10,2020-07-11,0,0,0,0
2221,10,2020-07-12,0,0,0,0
2222,10,2020-07-13,0,0,0,0
2223,10,2020-07-14,0,0,0,0
2224,10,2020-07-15,0,0,0,0
2225,10,2020-07-16,0,0,0,1
2226,10,2020-07-17,0,0,0,0
2227,10,2020-07-18,3,0,0,0
2228,10,2020-07-19,0,0,0,1
2229,10,2020-07-20,0,0,0,0
2230,10,2020-07-21,2,0,0,1
2231,10,2020-07-22,0,0,0,0
2232,10,2020-07-23,1,0,0,0
2233,10,2020-07-24,0,0,0,1
2234,10,2020-07-25,0,0,0,0
2235,10,2020-07-26,2,0,0,0
2236,10,2020-07-27,0,0,0,0
2237,10,2020-07-28,0,0,0,0
2238,10,2020-07-29,2,0,0,1
2239,10,2020-07-30,1,0,0,0
2240,10,2020-07-31,0,0,0,1
2241,10,2020-08-01,0,0,0,2
2242,10,2020-08-02,0,0,0,0
2243,10,2020-08-03,0,0,0,0
2244,10,2020-08-04,0,0,1,0
2245,10,2020-08-05,0,0,0,0
2246,10,2020-08-06,2,0,0,2
2247,10,2020-08-07,0,0,0,0
2248,10,2020-08-08,2,0,0,1
2249,10,2020-08-09,0,0,0,1
2250,10,2020-08-10,0,0,0,0
2251,10,2020-08-11,1,0,0,0
2252,10,2020-08-12,1,0,0,1
2253,10,2020-08-13,0,0,0,0
2254,10,2020-08-14,1,0,0,0
2255,10,2020-08-15,0,0,0,0
2256,10,2020-08-16,0,0,0,0
2257,10,2020-08-17,0,0,0,1
2258,10,2020-08-18,4,0,0,0
2259,10,2020-08-19,2,0,0,1
2260,10,2020-08-20,1,0,0,1
2261,10,2020-08-21,0,0,0,0
2262,10,2020-08-22,3,0,0,2
2263,10,2020-08-23,0,0,0,1
2264,10,2020-08-24,0,0,0,0
2265,10,2020-08-25,1,0,0,0
2266,10,2020-08-26,0,0,0,1
2267,10,2020-08-27,2,0,0,3
2268,10,2020-08-28,0,0,0,0
2269,10,2020-08-29,0,0,0,2
2270,10,2020-08-30,0,0,0,0
2271,10,2020-08-31,0,0,0,3
2272,10,2020-09-01,0,0,0,2
2273,10,2020-09-02,0,0,0,0
2274,10,2020-09-03,0,0,0,0
2275,10,2020-09-04,1,1,0,3
2276,10,2020-09-05,2,0,0,0
2277,10,2020-09-06,1,0,0,0
2278,10,2020-09-07,2,0,0,0
2279,10,2020-09-08,2,0,0,2
2280,10,2020-09-09,2,0,0,0
2281,10,2020-09-10,0,0,0,0
2282,10,2020-09-11,0,0,0,2
2283,10,2020-09-12,0,0,0,0
2284,10,2020-09-13,0,0,0,0
2285,10,2020-09-14,0,0,0,2
2286,10,2020-09-15,0,0,0,0
2287,10,2020-09-16,1,0,0,0
2288,10,2020-09-17,2,0,0,0
2289,10,2020-09-18,5,1,0,3
2290,10,2020-09-19,4,0,0,0
2291,10,2020-09-20,0,0,0,0
2292,10,2020-09-21,2,0,0,0
2293,10,2020-09-22,2,1,0,3
2294,10,2020-09-23,1,0,0,0
2295,10,2020-09-24,2,1,0,1
2296,10,2020-09-25,0,0,0,0
2297,10,2020-09-26,2,0,0,2
2298,10,2020-09-27,0,0,0,0
2299,10,2020-09-28,0,0,1,3
2300,10,2020-09-29,0,0,0,0
2301,10,2020-09-30,3,1,0,3
2302,10,2020-10-01,1,0,0,1
2303,10,2020-10-02,1,0,0,1
2304,10,2020-10-03,0,0,0,0
2305,10,2020-10-04,1,0,0,1
2306,10,2020-10-05,2,1,0,2
2307,10,2020-10-06,0,0,0,1
2308,10,2020-10-07,1,0,0,0
2309,10,2020-10-08,1,0,0,0
2310,10,2020-10-09,0,0,0,1
2311,10,2020-10-10,1,0,0,1
2312,10,2020-10-11,0,0,1,2
2313,10,2020-10-12,0,0,0,2
2314,10,2020-10-13,6,1,1,1
2315,10,2020-10-14,1,0,0,2
2316,10,2020-10-15,10,0,0,0
2317,10,2020-10-16,1,0,1,0
2318,10,2020-10-17,2,0,0,0
2319,10,2020-10-18,0,0,0,0
2320,10,2020-10-19,5,0,0,1
2321,10,2020-10-20,15,1,0,2
2322,10,2020-10-21,12,1,0,2
2323,10,2020-10-22,5,1,0,1
2324,10,2020-10-23,1,0,0,0
2325,10,2020-10-24,2,0,1,2
2326,10,2020-10-25,5,0,0,1
2327,10,2020-10-26,0,0,0,0
2328,10,2020-10-27,27,4,1,11
2329,10,2020-10-28,12,3,0,5
2330,10,2020-10-29,4,0,0,4
2331,10,2020-10-30,20,3,2,1
2332,10,2020-10-31,8,1,1,8
2333,10,2020-11-01,13,1,4,7
2334,10,2020-11-02,0,0,0,7
2335,10,2020-11-03,6,4,5,6
2336,10,2020-11-04,15,0,0,1
2337,10,2020-11-05,13,4,1,6
2338,10,2020-11-06,16,0,4,13
2339,10,2020-11-07,5,3,3,5
2340,11,2020-03-19,19,5,3,4
2341,11,2020-03-20,10,2,2,1
2342,11,2020-03-21,2,0,3,0
2343,11,2020-03-22,5,1,1,0
2344,11,2020-03-23,14,4,0,0
2345,11,2020-03-24,5,1,2,0
2346,11,2020-03-25,12,1,3,4
2347,11,2020-03-26,13,3,1,6
2348,11,2020-03-27,12,2,0,3
2349,11,2020-03-28,21,4,2,8
2350,11,2020-03-29,18,1,0,1
2351,11,2020-03-30,19,2,1,1
2352,11,2020-03-31,15,1,2,3
2353,11,2020-04-01,17,3,2,7
2354,11,2020-04-02,31,1,0,6
2355,11,2020-04-03,7,1,4,3
2356,11,2020-04-04,8,1,0,3
2357,11,2020-04-05,8,0,3,6
2358,11,2020-04-06,7,2,4,4
2359,11,2020-04-07,13,2,0,9
2360,11,2020-04-08,4,0,3,5
2361,11,2020-04-09,3,1,2,5
2362,11,2020-04-10,6,2,1,7
2363,11,2020-04-11,7,0,0,5
2364,11,2020-04-12,17,0,1,0
2365,11,2020-04-13,13,1,2,0
2366,11,2020-04-14,4,0,1,2
2367,11,2020-04-15,4,0,0,10
2368,11,2020-04-16,3,0,0,4
2369,11,2020-04-17,7,1,0,7
2370,11,2020-04-18,7,0,1,9
2371,11,2020-04-19,3,1,0,0
2372,11,2020-04-20,2,0,1,1
2373,11,2020-04-21,11,1,1,6
2374,11,2020-04-22,1,0,1,2
2375,11,2020-04-23,1,0,1,5
2376,11,2020-04-24,5,0,2,3
2377,11,2020-04-25,3,0,1,5
2378,11,2020-04-26,1,0,1,2
2379,11,2020-04-27,3,1,0,0
2380,11,2020-04-28,8,2,1,7
2381,11,2020-04-29,0,0,0,2
2382,11,2020-04-30,7,0,2,11
2383,11,2020-05-01,5,0,0,1
2384,11,2020-05-02,1,0,0,1
2385,11,2020-05-03,5,0,0,0
2386,11,2020-05-04,2,0,1,4
2387,11,2020-05-05,1,0,1,3
2388,11,2020-05-06,0,0,0,9
2389,11,2020-05-07,2,0,1,2
2390,11,2020-05-08,1,0,0,0
2391,11,2020-05-09,0,1,1,1
2392,11,2020-05-10,0,0,0,0
2393,11,2020-05-11,0,0,0,0
2394,11,2020-05-12,0,0,0,3
2395,11,2020-05-13,9,1,0,2
2396,11,2020-05-14,0,0,0,3
2397,11,2020-05-15,0,0,0,3
2398,11,2020-05-16,7,1,0,0
2399,11,2020-05-17,3,0,0,3
2400,11,2020-05-18,3,1,0,0
2401,11,2020-05-19,2,0,0,2
2402,11,2020-05-20,2,0,0,5
2403,11,2020-05-21,2,0,0,2
2404,11,2020-05-22,7,2,0,1
2405,11,2020-05-23,0,0,0,0
2406,11,2020-05-24,0,0,0,0
2407,11,2020-05-25,1,0,0,0
2408,11,2020-05-26,0,0,0,1
2409,11,2020-05-27,0,0,0,1
2410,11,2020-05-28,2,0,0,4
2411,11,2020-05-29,1,0,0,1
2412,11,2020-05-30,1,0,0,1
2413,11,2020-05-31,2,0,1,0
2414,11,2020-06-01,0,0,1,0
2415,11,2020-06-02,2,0,1,0
2416,11,2020-06-03,0,0,0,2
2417,11,2020-06-04,0,0,0,2
2418,11,2020-06-05,1,0,0,1
2419,11,2020-06-06,0,0,0,1
2420,11,2020-06-07,0,0,0,0
2421,11,2020-06-08,0,0,0,0
2422,11,2020-06-09,0,0,0,0
2423,11,2020-06-10,0,0,0,0
2424,11,2020-06-11,1,0,0,0
2425,11,2020-06-12,0,0,0,0
2426,11,2020-06-13,0,0,0,0
2427,11,2020-06-14,0,0,0,0
2428,11,2020-06-15,1,0,0,1
2429,11,2020-06-16,0,0,0,2
2430,11,2020-06-17,0,0,0,0
2431,11,2020-06-18,0,0,0,1
2432,11,2020-06-19,0,0,0,0
2433,11,2020-06-20,1,0,0,1
2434,11,2020-06-21,3,0,0,0
2435,11,2020-06-22,1,0,0,0
2436,11,2020-06-23,1,0,0,0
2437,11,2020-06-24,0,0,0,1
2438,11,2020-06-25,1,0,1,1
2439,11,2020-06-26,0,0,0,0
2440,11,2020-06-27,3,0,0,0
2441,11,2020-06-28,0,0,0,0
2442,11,2020-06-29,0,0,0,0
2443,11,2020-06-30,0,0,0,0
2444,11,2020-07-01,0,0,0,1
2445,11,2020-07-02,0,0,0,0
2446,11,2020-07-03,0,0,0,0
2447,11,2020-07-04,0,0,0,0
2448,11,2020-07-05,0,0,0,0
2449,11,2020-07-06,0,0,0,0
2450,11,2020-07-07,0,0,0,0
2451,11,2020-07-08,0,0,0,0
2452,11,2020-07-09,0,0,0,0
2453,11,2020-07-10,0,0,0,0
2454,11,2020-07-11,0,0,0,0
2455,11,2020-07-12,0,0,0,0
2456,11,2020-07-13,0,0,0,0
2457,11,2020-07-14,0,0,0,0
2458,11,2020-07-15,0,0,0,0
2459,11,2020-07-16,0,0,0,0
2460,11,2020-07-17,0,0,0,0
2461,11,2020-07-18,1,0,0,0
2462,11,2020-07-19,0,0,0,0
2463,11,2020-07-20,0,0,0,0
2464,11,2020-07-21,0,0,0,0
2465,11,2020-07-22,1,0,0,0
2466,11,2020-07-23,1,1,0,0
2467,11,2020-07-24,0,0,0,0
2468,11,2020-07-25,2,1,0,0
2469,11,2020-07-26,1,0,0,0
2470,11,2020-07-27,0,0,0,0
2471,11,2020-07-28,0,0,0,1
2472,11,2020-07-29,0,0,0,0
2473,11,2020-07-30,0,0,0,0
2474,11,2020-07-31,0,0,0,0
2475,11,2020-08-01,0,0,0,0
2476,11,2020-08-02,0,0,0,0
2477,11,2020-08-03,0,0,0,1
2478,11,2020-08-04,0,0,0,0
2479,11,2020-08-05,0,0,0,0
2480,11,2020-08-06,0,0,0,0
2481,11,2020-08-07,0,0,0,0
2482,11,2020-08-08,0,0,0,0
2483,11,2020-08-09,0,0,0,0
2484,11,2020-08-10,0,0,0,0
2485,11,2020-08-11,0,0,0,0
2486,11,2020-08-12,1,0,0,0
2487,11,2020-08-13,0,0,0,0
2488,11,2020-08-14,0,0,0,0
2489,11,2020-08-15,1,0,0,1
2490,11,2020-08-16,0,0,0,0
2491,11,2020-08-17,0,0,0,0
2492,11,2020-08-18,0,0,0,0
2493,11,2020-08-19,0,0,0,0
2494,11,2020-08-20,0,0,0,0
2495,11,2020-08-21,0,0,0,0
2496,11,2020-08-22,1,0,0,0
2497,11,2020-08-23,0,0,0,0
2498,11,2020-08-24,1,1,0,0
2499,11,2020-08-25,0,0,0,0
2500,11,2020-08-26,0,0,0,0
2501,11,2020-08-27,0,0,0,1
2502,11,2020-08-28,1,0,0,1
2503,11,2020-08-29,0,0,0,1
2504,11,2020-08-30,0,0,0,0
2505,11,2020-08-31,0,0,0,0
2506,11,2020-09-01,2,0,0,0
2507,11,2020-09-02,1,0,0,0
2508,11,2020-09-03,0,0,0,0
2509,11,2020-09-04,1,0,0,0
2510,11,2020-09-05,1,1,0,0
2511,11,2020-09-06,0,0,0,0
2512,11,2020-09-07,0,0,0,1
2513,11,2020-09-08,1,0,0,0
2514,11,2020-09-09,0,0,0,1
2515,11,2020-09-10,0,0,0,1
2516,11,2020-09-11,0,0,0,1
2517,11,2020-09-12,1,0,0,0
2518,11,2020-09-13,0,0,0,0
2519,11,2020-09-14,0,0,1,1
2520,11,2020-09-15,0,0,0,0
2521,11,2020-09-16,1,0,0,0
2522,11,2020-09-17,1,0,0,1
2523,11,2020-09-18,0,0,0,1
2524,11,2020-09-19,2,0,0,0
2525,11,2020-09-20,3,0,0,0
2526,11,2020-09-21,1,1,0,1
2527,11,2020-09-22,2,0,0,1
2528,11,2020-09-23,2,1,0,0
2529,11,2020-09-24,0,1,0,1
2530,11,2020-09-25,1,0,0,2
2531,11,2020-09-26,1,0,0,1
2532,11,2020-09-27,1,0,0,1
2533,11,2020-09-28,0,0,0,1
2534,11,2020-09-29,1,0,0,0
2535,11,2020-09-30,0,0,1,2
2536,11,2020-10-01,1,0,0,2
2537,11,2020-10-02,1,1,0,0
2538,11,2020-10-03,0,0,0,1
2539,11,2020-10-04,2,0,0,0
2540,11,2020-10-05,0,0,1,1
2541,11,2020-10-06,1,1,0,0
2542,11,2020-10-07,0,0,0,1
2543,11,2020-10-08,2,0,0,2
2544,11,2020-10-09,3,1,0,0
2545,11,2020-10-10,1,1,0,0
2546,11,2020-10-11,0,0,0,1
2547,11,2020-10-12,2,0,0,1
2548,11,2020-10-13,2,0,1,1
2549,11,2020-10-14,2,2,1,1
2550,11,2020-10-15,3,0,0,0
2551,11,2020-10-16,3,1,0,2
2552,11,2020-10-17,2,0,0,1
2553,11,2020-10-18,3,0,0,0
2554,11,2020-10-19,6,0,0,3
2555,11,2020-10-20,6,1,0,2
2556,11,2020-10-21,5,1,2,2
2557,11,2020-10-22,2,2,1,1
2558,11,2020-10-23,7,0,0,4
2559,11,2020-10-24,5,0,0,3
2560,11,2020-10-25,12,2,1,0
2561,11,2020-10-26,7,0,1,4
2562,11,2020-10-27,8,0,1,4
2563,11,2020-10-28,8,0,6,6
2564,11,2020-10-29,9,0,1,2
2565,11,2020-10-30,9,0,1,7
2566,11,2020-10-31,4,1,0,2
2567,11,2020-11-01,9,3,0,4
2568,11,2020-11-02,6,0,0,1
2569,11,2020-11-03,6,0,0,4
2570,11,2020-11-04,19,3,2,10
2571,11,2020-11-05,12,1,5,7
2572,11,2020-11-06,12,0,1,2
2573,11,2020-11-07,10,0,0,8
2574,12,2020-03-19,4,0,1,1
2575,12,2020-03-20,4,0,0,1
2576,12,2020-03-21,1,0,0,1
2577,12,2020-03-22,2,0,0,0
2578,12,2020-03-23,1,0,0,0
2579,12,2020-03-24,6,1,0,1
2580,12,2020-03-25,3,1,0,5
2581,12,2020-03-26,8,2,3,0
2582,12,2020-03-27,6,1,1,3
2583,12,2020-03-28,13,0,1,3
2584,12,2020-03-29,2,0,0,0
2585,12,2020-03-30,10,2,0,3
2586,12,2020-03-31,6,2,0,2
2587,12,2020-04-01,4,0,1,0
2588,12,2020-04-02,9,1,0,3
2589,12,2020-04-03,13,1,1,2
2590,12,2020-04-04,10,2,2,5
2591,12,2020-04-05,3,0,2,3
2592,12,2020-04-06,6,0,0,1
2593,12,2020-04-07,4,0,1,7
2594,12,2020-04-08,3,0,1,5
2595,12,2020-04-09,4,1,1,3
2596,12,2020-04-10,7,2,2,6
2597,12,2020-04-11,8,0,0,2
2598,12,2020-04-12,2,0,1,0
2599,12,2020-04-13,3,0,1,1
2600,12,2020-04-14,1,0,0,2
2601,12,2020-04-15,3,0,0,4
2602,12,2020-04-16,1,0,0,1
2603,12,2020-04-17,5,0,0,2
2604,12,2020-04-18,8,0,0,2
2605,12,2020-04-19,1,0,0,2
2606,12,2020-04-20,4,0,0,1
2607,12,2020-04-21,1,0,1,2
2608,12,2020-04-22,3,0,0,6
2609,12,2020-04-23,3,0,0,6
2610,12,2020-04-24,0,0,0,13
2611,12,2020-04-25,0,0,0,2
2612,12,2020-04-26,0,0,0,0
2613,12,2020-04-27,0,0,0,0
2614,12,2020-04-28,0,0,0,3
2615,12,2020-04-29,0,0,1,2
2616,12,2020-04-30,1,0,1,4
2617,12,2020-05-01,0,0,0,5
2618,12,2020-05-02,0,0,0,4
2619,12,2020-05-03,0,0,0,0
2620,12,2020-05-04,0,0,0,0
2621,12,2020-05-05,0,0,0,3
2622,12,2020-05-06,2,0,0,1
2623,12,2020-05-07,0,0,0,0
2624,12,2020-05-08,0,0,0,0
2625,12,2020-05-09,0,0,0,1
2626,12,2020-05-10,0,0,0,0
2627,12,2020-05-11,0,0,0,0
2628,12,2020-05-12,0,0,0,1
2629,12,2020-05-13,1,0,0,0
2630,12,2020-05-14,0,0,1,2
2631,12,2020-05-15,0,0,0,0
2632,12,2020-05-16,0,0,0,4
2633,12,2020-05-17,0,0,0,0
2634,12,2020-05-18,0,0,0,0
2635,12,2020-05-19,0,0,0,0
2636,12,2020-05-20,0,0,0,0
2637,12,2020-05-21,0,0,0,0
2638,12,2020-05-22,1,0,0,4
2639,12,2020-05-23,0,0,0,0
2640,12,2020-05-24,0,0,0,0
2641,12,2020-05-25,0,0,0,0
2642,12,2020-05-26,0,0,0,0
2643,12,2020-05-27,0,0,0,0
2644,12,2020-05-28,0,0,1,1
2645,12,2020-05-29,0,0,0,0
2646,12,2020-05-30,0,0,0,4
2647,12,2020-05-31,0,0,0,0
2648,12,2020-06-01,0,0,0,0
2649,12,2020-06-02,0,0,0,0
2650,12,2020-06-03,0,0,0,0
2651,12,2020-06-04,0,0,0,0
2652,12,2020-06-05,0,0,0,0
2653,12,2020-06-06,0,0,0,0
2654,12,2020-06-07,0,0,0,0
2655,12,2020-06-08,0,0,0,0
2656,12,2020-06-09,0,0,0,0
2657,12,2020-06-10,0,0,0,0
2658,12,2020-06-11,0,0,0,1
2659,12,2020-06-12,0,0,0,0
2660,12,2020-06-13,0,0,0,0
2661,12,2020-06-14,0,0,0,0
2662,12,2020-06-15,0,0,0,5
2663,12,2020-06-16,0,0,0,0
2664,12,2020-06-17,0,0,0,0
2665,12,2020-06-18,0,0,0,0
2666,12,2020-06-19,0,0,0,0
2667,12,2020-06-20,0,0,0,0
2668,12,2020-06-21,0,0,0,0
2669,12,2020-06-22,0,0,0,0
2670,12,2020-06-23,0,0,0,0
2671,12,2020-06-24,0,0,0,0
2672,12,2020-06-25,0,0,0,0
2673,12,2020-06-26,0,0,0,0
2674,12,2020-06-27,0,0,0,0
2675,12,2020-06-28,0,0,0,0
2676,12,2020-06-29,0,0,0,0
2677,12,2020-06-30,0,0,0,0
2678,12,2020-07-01,0,0,0,0
2679,12,2020-07-02,0,0,0,0
2680,12,2020-07-03,0,0,0,0
2681,12,2020-07-04,0,0,0,0
2682,12,2020-07-05,0,0,0,0
2683,12,2020-07-06,0,0,0,0
2684,12,2020-07-07,0,0,0,0
2685,12,2020-07-08,0,0,0,0
2686,12,2020-07-09,0,0,0,0
2687,12,2020-07-10,0,0,0,0
2688,12,2020-07-11,0,0,0,0
2689,12,2020-07-12,0,0,0,0
2690,12,2020-07-13,0,0,0,0
2691,12,2020-07-14,0,0,0,0
2692,12,2020-07-15,0,0,0,0
2693,12,2020-07-16,0,0,0,0
2694,12,2020-07-17,0,0,0,0
2695,12,2020-07-18,0,0,0,0
2696,12,2020-07-19,0,0,0,0
2697,12,2020-07-20,0,0,0,0
2698,12,2020-07-21,0,0,0,0
2699,12,2020-07-22,0,0,0,0
2700,12,2020-07-23,0,0,0,0
2701,12,2020-07-24,0,0,0,0
2702,12,2020-07-25,0,0,0,1
2703,12,2020-07-26,0,0,0,0
2704,12,2020-07-27,2,0,0,0
2705,12,2020-07-28,0,0,0,0
2706,12,2020-07-29,0,0,0,0
2707,12,2020-07-30,1,0,0,0
2708,12,2020-07-31,2,1,0,0
2709,12,2020-08-01,1,0,0,0
2710,12,2020-08-02,0,0,0,0
2711,12,2020-08-03,0,0,0,0
2712,12,2020-08-04,0,0,0,0
2713,12,2020-08-05,1,0,0,4
2714,12,2020-08-06,1,0,0,0
2715,12,2020-08-07,0,0,0,0
2716,12,2020-08-08,0,0,0,0
2717,12,2020-08-09,0,0,0,0
2718,12,2020-08-10,0,0,0,0
2719,12,2020-08-11,1,0,0,0
2720,12,2020-08-12,0,0,0,0
2721,12,2020-08-13,0,0,0,0
2722,12,2020-08-14,0,0,0,0
2723,12,2020-08-15,0,0,0,0
2724,12,2020-08-16,0,0,0,0
2725,12,2020-08-17,0,0,0,1
2726,12,2020-08-18,0,0,0,1
2727,12,2020-08-19,0,0,0,0
2728,12,2020-08-20,0,0,0,0
2729,12,2020-08-21,1,0,0,0
2730,12,2020-08-22,1,0,0,0
2731,12,2020-08-23,0,0,0,0
2732,12,2020-08-24,0,1,0,1
2733,12,2020-08-25,0,0,0,0
2734,12,2020-08-26,0,0,0,0
2735,12,2020-08-27,0,0,0,0
2736,12,2020-08-28,0,0,0,0
2737,12,2020-08-29,0,0,0,0
2738,12,2020-08-30,0,0,0,0
2739,12,2020-08-31,2,0,0,0
2740,12,2020-09-01,0,0,0,0
2741,12,2020-09-02,2,0,0,0
2742,12,2020-09-03,0,0,0,0
2743,12,2020-09-04,1,0,0,2
2744,12,2020-09-05,0,0,0,1
2745,12,2020-09-06,1,0,0,0
2746,12,2020-09-07,2,0,0,2
2747,12,2020-09-08,1,0,0,0
2748,12,2020-09-09,0,0,0,1
2749,12,2020-09-10,2,0,0,0
2750,12,2020-09-11,1,0,0,0
2751,12,2020-09-12,1,0,0,1
2752,12,2020-09-13,0,0,0,0
2753,12,2020-09-14,4,1,0,0
2754,12,2020-09-15,0,0,0,0
2755,12,2020-09-16,0,1,0,0
2756,12,2020-09-17,2,1,1,0
2757,12,2020-09-18,3,1,0,0
2758,12,2020-09-19,0,0,0,0
2759,12,2020-09-20,0,0,0,0
2760,12,2020-09-21,2,2,0,0
2761,12,2020-09-22,2,0,0,5
2762,12,2020-09-23,1,0,1,2
2763,12,2020-09-24,2,0,0,2
2764,12,2020-09-25,2,0,0,2
2765,12,2020-09-26,1,1,0,1
2766,12,2020-09-27,0,1,0,0
2767,12,2020-09-28,1,1,0,0
2768,12,2020-09-29,2,0,0,2
2769,12,2020-09-30,1,0,0,1
2770,12,2020-10-01,4,0,0,2
2771,12,2020-10-02,2,0,0,0
2772,12,2020-10-03,0,1,0,2
2773,12,2020-10-04,1,0,0,1
2774,12,2020-10-05,1,0,0,0
2775,12,2020-10-06,0,0,0,3
2776,12,2020-10-07,2,0,0,1
2777,12,2020-10-08,4,1,0,1
2778,12,2020-10-09,1,1,0,1
2779,12,2020-10-10,3,0,0,1
2780,12,2020-10-11,2,0,2,1
2781,12,2020-10-12,3,0,0,0
2782,12,2020-10-13,3,1,0,0
2783,12,2020-10-14,5,1,1,0
2784,12,2020-10-15,2,0,1,3
2785,12,2020-10-16,6,1,1,1
2786,12,2020-10-17,3,1,3,3
2787,12,2020-10-18,2,0,1,1
2788,12,2020-10-19,4,0,0,1
2789,12,2020-10-20,0,0,0,0
2790,12,2020-10-21,4,2,0,0
2791,12,2020-10-22,8,1,1,2
2792,12,2020-10-23,7,0,0,3
2793,12,2020-10-24,2,1,0,4
2794,12,2020-10-25,20,0,0,2
2795,12,2020-10-26,12,0,2,2
2796,12,2020-10-27,6,1,0,5
2797,12,2020-10-28,9,0,2,2
2798,12,2020-10-29,7,0,5,3
2799,12,2020-10-30,11,2,0,4
2800,12,2020-10-31,15,1,2,2
2801,12,2020-11-01,7,1,1,1
2802,12,2020-11-02,8,0,3,0
2803,12,2020-11-03,13,1,2,8
2804,12,2020-11-04,10,1,0,8
2805,12,2020-11-05,17,1,2,10
2806,12,2020-11-06,9,4,1,11
2807,12,2020-11-07,7,0,2,4
2808,13,2020-03-19,89,16,0,43
2809,13,2020-03-20,44,5,0,7
2810,13,2020-03-21,63,12,0,21
2811,13,2020-03-22,48,1,0,11
2812,13,2020-03-23,80,15,0,30
2813,13,2020-03-24,94,20,3,30
2814,13,2020-03-25,80,5,5,65
2815,13,2020-03-26,114,20,4,53
2816,13,2020-03-27,136,16,4,38
2817,13,2020-03-28,107,15,3,27
2818,13,2020-03-29,117,25,7,6
2819,13,2020-03-30,138,34,5,22
2820,13,2020-03-31,167,23,12,101
2821,13,2020-04-01,140,28,8,94
2822,13,2020-04-02,106,21,10,33
2823,13,2020-04-03,160,29,14,67
2824,13,2020-04-04,98,15,11,62
2825,13,2020-04-05,77,10,6,19
2826,13,2020-04-06,150,18,25,45
2827,13,2020-04-07,67,10,16,138
2828,13,2020-04-08,136,19,8,71
2829,13,2020-04-09,75,10,10,120
2830,13,2020-04-10,127,30,6,62
2831,13,2020-04-11,47,9,13,56
2832,13,2020-04-12,84,8,2,11
2833,13,2020-04-13,41,8,7,16
2834,13,2020-04-14,96,12,17,74
2835,13,2020-04-15,86,15,10,60
2836,13,2020-04-16,86,17,19,76
2837,13,2020-04-17,119,13,11,67
2838,13,2020-04-18,60,9,9,85
2839,13,2020-04-19,27,6,6,82
2840,13,2020-04-20,84,21,19,55
2841,13,2020-04-21,106,7,20,82
2842,13,2020-04-22,115,8,30,84
2843,13,2020-04-23,67,13,9,56
2844,13,2020-04-24,80,17,25,82
2845,13,2020-04-25,53,5,9,68
2846,13,2020-04-26,32,4,4,5
2847,13,2020-04-27,57,8,15,33
2848,13,2020-04-28,54,7,11,76
2849,13,2020-04-29,62,8,8,51
2850,13,2020-04-30,29,6,9,63
2851,13,2020-05-01,32,1,6,32
2852,13,2020-05-02,34,0,2,12
2853,13,2020-05-03,21,4,5,11
2854,13,2020-05-04,33,4,8,48
2855,13,2020-05-05,25,3,9,54
2856,13,2020-05-06,39,2,3,42
2857,13,2020-05-07,24,6,5,48
2858,13,2020-05-08,18,3,1,28
2859,13,2020-05-09,10,0,3,7
2860,13,2020-05-10,12,7,4,7
2861,13,2020-05-11,34,9,11,19
2862,13,2020-05-12,15,4,5,25
2863,13,2020-05-13,22,5,6,27
2864,13,2020-05-14,16,3,5,29
2865,13,2020-05-15,23,3,5,39
2866,13,2020-05-16,11,3,4,12
2867,13,2020-05-17,11,1,2,3
2868,13,2020-05-18,12,2,5,7
2869,13,2020-05-19,18,1,2,23
2870,13,2020-05-20,17,1,7,48
2871,13,2020-05-21,13,0,6,17
2872,13,2020-05-22,2,2,3,13
2873,13,2020-05-23,12,1,1,11
2874,13,2020-05-24,3,0,1,2
2875,13,2020-05-25,11,3,4,23
2876,13,2020-05-26,10,2,3,27
2877,13,2020-05-27,7,2,0,18
2878,13,2020-05-28,4,2,2,19
2879,13,2020-05-29,8,1,3,29
2880,13,2020-05-30,5,0,0,2
2881,13,2020-05-31,5,0,0,2
2882,13,2020-06-01,1,0,0,4
2883,13,2020-06-02,8,0,4,12
2884,13,2020-06-03,10,1,2,21
2885,13,2020-06-04,8,1,0,34
2886,13,2020-06-05,19,2,1,20
2887,13,2020-06-06,6,0,0,6
2888,13,2020-06-07,1,0,0,2
2889,13,2020-06-08,7,3,4,11
2890,13,2020-06-09,5,0,2,5
2891,13,2020-06-10,6,0,1,15
2892,13,2020-06-11,3,0,1,7
2893,13,2020-06-12,3,0,0,9
2894,13,2020-06-13,8,0,0,4
2895,13,2020-06-14,1,0,0,2
2896,13,2020-06-15,4,0,1,1
2897,13,2020-06-16,4,1,1,15
2898,13,2020-06-17,1,0,0,5
2899,13,2020-06-18,2,2,2,8
2900,13,2020-06-19,2,1,1,9
2901,13,2020-06-20,1,1,1,7
2902,13,2020-06-21,0,0,0,2
2903,13,2020-06-22,2,1,1,8
2904,13,2020-06-23,4,0,3,9
2905,13,2020-06-24,4,1,1,33
2906,13,2020-06-25,5,0,1,8
2907,13,2020-06-26,1,0,1,5
2908,13,2020-06-27,0,0,1,7
2909,13,2020-06-28,3,0,0,1
2910,13,2020-06-29,3,0,2,24
2911,13,2020-06-30,1,0,1,10
2912,13,2020-07-01,2,0,0,5
2913,13,2020-07-02,4,0,0,11
2914,13,2020-07-03,3,0,2,4
2915,13,2020-07-04,1,0,0,2
2916,13,2020-07-05,0,0,0,0
2917,13,2020-07-06,2,0,0,1
2918,13,2020-07-07,2,0,0,6
2919,13,2020-07-08,8,3,0,10
2920,13,2020-07-09,3,1,0,4
2921,13,2020-07-10,5,0,0,1
2922,13,2020-07-11,2,0,0,2
2923,13,2020-07-12,0,0,0,0
2924,13,2020-07-13,5,0,1,11
2925,13,2020-07-14,1,0,0,2
2926,13,2020-07-15,15,0,0,7
2927,13,2020-07-16,9,2,1,11
2928,13,2020-07-17,6,1,2,17
2929,13,2020-07-18,1,0,0,2
2930,13,2020-07-19,0,0,0,0
2931,13,2020-07-20,10,3,0,9
2932,13,2020-07-21,10,0,1,4
2933,13,2020-07-22,2,0,0,7
2934,13,2020-07-23,5,1,0,21
2935,13,2020-07-24,9,1,1,20
2936,13,2020-07-25,4,0,0,5
2937,13,2020-07-26,0,0,0,0
2938,13,2020-07-27,10,1,0,8
2939,13,2020-07-28,5,0,0,5
2940,13,2020-07-29,5,0,0,4
2941,13,2020-07-30,4,0,0,2
2942,13,2020-07-31,8,1,1,14
2943,13,2020-08-01,1,0,0,2
2944,13,2020-08-02,2,0,0,2
2945,13,2020-08-03,14,0,0,10
2946,13,2020-08-04,6,0,1,15
2947,13,2020-08-05,3,0,0,1
2948,13,2020-08-06,2,0,0,2
2949,13,2020-08-07,14,0,0,9
2950,13,2020-08-08,0,0,0,2
2951,13,2020-08-09,0,0,0,1
2952,13,2020-08-10,9,0,2,5
2953,13,2020-08-11,6,1,0,12
2954,13,2020-08-12,11,1,0,81
2955,13,2020-08-13,10,1,0,9
2956,13,2020-08-14,13,2,2,16
2957,13,2020-08-15,4,1,0,2
2958,13,2020-08-16,1,0,0,0
2959,13,2020-08-17,19,1,1,9
2960,13,2020-08-18,23,2,3,34
2961,13,2020-08-19,21,4,1,10
2962,13,2020-08-20,28,0,2,29
2963,13,2020-08-21,28,4,1,16
2964,13,2020-08-22,17,1,0,18
2965,13,2020-08-23,3,1,0,2
2966,13,2020-08-24,26,4,0,30
2967,13,2020-08-25,45,5,0,65
2968,13,2020-08-26,33,4,1,30
2969,13,2020-08-27,26,6,0,22
2970,13,2020-08-28,26,1,0,18
2971,13,2020-08-29,30,2,0,19
2972,13,2020-08-30,1,0,1,0
2973,13,2020-08-31,51,8,2,8
2974,13,2020-09-01,39,12,2,46
2975,13,2020-09-02,49,8,0,29
2976,13,2020-09-03,44,8,2,24
2977,13,2020-09-04,48,5,1,35
2978,13,2020-09-05,40,4,0,19
2979,13,2020-09-06,11,0,0,6
2980,13,2020-09-07,104,17,5,56
2981,13,2020-09-08,59,14,3,63
2982,13,2020-09-09,46,6,2,39
2983,13,2020-09-10,28,6,3,30
2984,13,2020-09-11,72,15,2,38
2985,13,2020-09-12,28,12,3,21
2986,13,2020-09-13,4,1,1,6
2987,13,2020-09-14,85,21,3,51
2988,13,2020-09-15,70,10,4,49
2989,13,2020-09-16,69,4,1,54
2990,13,2020-09-17,73,8,6,57
2991,13,2020-09-18,83,14,5,62
2992,13,2020-09-19,30,6,0,29
2993,13,2020-09-20,7,0,0,2
2994,13,2020-09-21,104,26,2,45
2995,13,2020-09-22,93,7,7,77
2996,13,2020-09-23,37,3,1,47
2997,13,2020-09-24,54,12,4,51
2998,13,2020-09-25,78,10,3,58
2999,13,2020-09-26,62,10,3,68
3000,13,2020-09-27,28,1,3,22
3001,13,2020-09-28,60,11,11,51
3002,13,2020-09-29,58,18,7,52
3003,13,2020-09-30,40,8,3,41
3004,13,2020-10-01,47,10,5,60
3005,13,2020-10-02,71,7,3,49
3006,13,2020-10-03,82,7,2,57
3007,13,2020-10-04,50,7,2,19
3008,13,2020-10-05,51,15,4,26
3009,13,2020-10-06,71,16,7,66
3010,13,2020-10-07,54,6,7,58
3011,13,2020-10-08,61,11,6,52
3012,13,2020-10-09,56,9,4,46
3013,13,2020-10-10,44,4,7,45
3014,13,2020-10-11,45,2,2,19
3015,13,2020-10-12,60,13,6,44
3016,13,2020-10-13,67,13,8,51
3017,13,2020-10-14,69,14,6,57
3018,13,2020-10-15,69,9,3,45
3019,13,2020-10-16,106,8,12,60
3020,13,2020-10-17,77,10,5,45
3021,13,2020-10-18,51,10,4,23
3022,13,2020-10-19,133,23,13,36
3023,13,2020-10-20,133,11,11,74
3024,13,2020-10-21,128,19,16,65
3025,13,2020-10-22,198,23,10,76
3026,13,2020-10-23,127,21,15,71
3027,13,2020-10-24,114,9,10,62
3028,13,2020-10-25,103,13,4,45
3029,13,2020-10-26,149,21,14,44
3030,13,2020-10-27,189,21,26,117
3031,13,2020-10-28,128,22,12,101
3032,13,2020-10-29,147,21,15,99
3033,13,2020-10-30,165,28,18,93
3034,13,2020-10-31,137,18,9,103
3035,13,2020-11-01,107,9,12,36
3036,13,2020-11-02,151,31,35,82
3037,13,2020-11-03,159,26,28,119
3038,13,2020-11-04,186,29,26,115
3039,13,2020-11-05,136,16,12,101
3040,13,2020-11-06,146,31,25,115
3041,13,2020-11-07,157,22,18,85
3042,14,2020-03-19,3,0,0,1
3043,14,2020-03-20,1,0,1,2
3044,14,2020-03-21,6,3,0,1
3045,14,2020-03-22,10,2,0,0
3046,14,2020-03-23,11,2,0,2
3047,14,2020-03-24,5,4,0,2
3048,14,2020-03-25,17,4,0,1
3049,14,2020-03-26,9,3,0,4
3050,14,2020-03-27,16,5,1,1
3051,14,2020-03-28,22,7,0,4
3052,14,2020-03-29,16,4,0,1
3053,14,2020-03-30,7,1,5,1
3054,14,2020-03-31,11,6,0,4
3055,14,2020-04-01,25,7,1,7
3056,14,2020-04-02,19,8,1,0
3057,14,2020-04-03,11,6,2,8
3058,14,2020-04-04,10,5,2,14
3059,14,2020-04-05,14,3,3,1
3060,14,2020-04-06,19,5,7,7
3061,14,2020-04-07,16,1,3,6
3062,14,2020-04-08,13,3,3,4
3063,14,2020-04-09,7,2,2,5
3064,14,2020-04-10,13,1,1,1
3065,14,2020-04-11,10,1,2,10
3066,14,2020-04-12,8,0,2,8
3067,14,2020-04-13,2,0,1,4
3068,14,2020-04-14,7,0,5,5
3069,14,2020-04-15,9,1,5,6
3070,14,2020-04-16,4,4,1,8
3071,14,2020-04-17,7,2,2,10
3072,14,2020-04-18,8,0,0,9
3073,14,2020-04-19,9,2,1,1
3074,14,2020-04-20,2,0,1,1
3075,14,2020-04-21,11,1,1,8
3076,14,2020-04-22,3,1,0,4
3077,14,2020-04-23,2,1,1,4
3078,14,2020-04-24,11,1,1,3
3079,14,2020-04-25,1,0,1,0
3080,14,2020-04-26,1,1,0,0
3081,14,2020-04-27,1,0,0,1
3082,14,2020-04-28,7,1,2,7
3083,14,2020-04-29,10,0,2,11
3084,14,2020-04-30,1,0,1,2
3085,14,2020-05-01,6,1,0,5
3086,14,2020-05-02,4,0,2,1
3087,14,2020-05-03,1,0,0,0
3088,14,2020-05-04,4,0,1,1
3089,14,2020-05-05,10,0,0,7
3090,14,2020-05-06,3,0,0,3
3091,14,2020-05-07,4,0,1,6
3092,14,2020-05-08,3,0,2,4
3093,14,2020-05-09,2,0,0,0
3094,14,2020-05-10,1,1,0,0
3095,14,2020-05-11,1,0,3,1
3096,14,2020-05-12,6,0,2,5
3097,14,2020-05-13,2,1,2,5
3098,14,2020-05-14,2,0,0,4
3099,14,2020-05-15,4,0,0,9
3100,14,2020-05-16,4,0,0,5
3101,14,2020-05-17,1,0,0,0
3102,14,2020-05-18,0,1,1,5
3103,14,2020-05-19,5,0,1,4
3104,14,2020-05-20,1,0,0,3
3105,14,2020-05-21,1,0,2,5
3106,14,2020-05-22,2,0,0,5
3107,14,2020-05-23,1,0,1,1
3108,14,2020-05-24,2,1,0,0
3109,14,2020-05-25,3,0,2,0
3110,14,2020-05-26,1,0,1,3
3111,14,2020-05-27,0,0,0,23
3112,14,2020-05-28,0,0,0,2
3113,14,2020-05-29,0,0,1,6
3114,14,2020-05-30,0,0,0,1
3115,14,2020-05-31,0,0,0,0
3116,14,2020-06-01,0,0,0,0
3117,14,2020-06-02,0,0,0,1
3118,14,2020-06-03,0,0,0,2
3119,14,2020-06-04,0,0,0,1
3120,14,2020-06-05,0,0,0,0
3121,14,2020-06-06,0,0,0,0
3122,14,2020-06-07,0,0,1,0
3123,14,2020-06-08,0,0,0,0
3124,14,2020-06-09,1,0,0,0
3125,14,2020-06-10,0,0,0,2
3126,14,2020-06-11,0,0,0,1
3127,14,2020-06-12,1,0,0,9
3128,14,2020-06-13,0,0,0,0
3129,14,2020-06-14,0,0,0,1
3130,14,2020-06-15,0,0,0,1
3131,14,2020-06-16,1,0,0,1
3132,14,2020-06-17,0,0,0,0
3133,14,2020-06-18,1,0,0,0
3134,14,2020-06-19,0,0,0,0
3135,14,2020-06-20,0,0,0,12
3136,14,2020-06-21,0,0,0,0
3137,14,2020-06-22,0,0,0,0
3138,14,2020-06-23,0,0,0,3
3139,14,2020-06-24,1,0,0,3
3140,14,2020-06-25,0,0,0,0
3141,14,2020-06-26,0,0,0,0
3142,14,2020-06-27,0,0,0,0
3143,14,2020-06-28,0,0,0,1
3144,14,2020-06-29,0,0,0,0
3145,14,2020-06-30,0,0,0,0
3146,14,2020-07-01,0,0,0,0
3147,14,2020-07-02,0,0,0,0
3148,14,2020-07-03,0,0,0,0
3149,14,2020-07-04,0,0,0,1
3150,14,2020-07-05,0,0,0,0
3151,14,2020-07-06,0,0,0,0
3152,14,2020-07-07,1,0,0,0
3153,14,2020-07-08,0,0,0,1
3154,14,2020-07-09,0,0,0,0
3155,14,2020-07-10,0,0,1,1
3156,14,2020-07-11,0,0,0,0
3157,14,2020-07-12,0,0,0,0
3158,14,2020-07-13,0,0,0,0
3159,14,2020-07-14,0,0,0,0
3160,14,2020-07-15,0,0,0,0
3161,14,2020-07-16,0,0,0,0
3162,14,2020-07-17,0,0,1,3
3163,14,2020-07-18,0,0,0,0
3164,14,2020-07-19,0,0,0,0
3165,14,2020-07-20,1,1,0,0
3166,14,2020-07-21,1,0,0,1
3167,14,2020-07-22,0,0,0,0
3168,14,2020-07-23,0,0,0,0
3169,14,2020-07-24,0,0,0,1
3170,14,2020-07-25,0,0,0,0
3171,14,2020-07-26,0,0,0,0
3172,14,2020-07-27,0,0,0,0
3173,14,2020-07-28,0,0,0,1
3174,14,2020-07-29,1,0,0,0
3175,14,2020-07-30,0,0,0,0
3176,14,2020-07-31,2,0,0,1
3177,14,2020-08-01,0,0,0,0
3178,14,2020-08-02,0,0,0,0
3179,14,2020-08-03,0,0,0,0
3180,14,2020-08-04,1,0,0,1
3181,14,2020-08-05,0,0,0,3
3182,14,2020-08-06,0,0,0,0
3183,14,2020-08-07,0,0,0,0
3184,14,2020-08-08,0,0,0,0
3185,14,2020-08-09,0,0,0,0
3186,14,2020-08-10,3,0,0,0
3187,14,2020-08-11,1,1,0,1
3188,14,2020-08-12,0,0,0,1
3189,14,2020-08-13,0,0,0,0
3190,14,2020-08-14,0,0,0,3
3191,14,2020-08-15,1,0,0,0
3192,14,2020-08-16,0,0,0,0
3193,14,2020-08-17,0,0,0,0
3194,14,2020-08-18,0,0,0,2
3195,14,2020-08-19,1,0,0,2
3196,14,2020-08-20,2,0,0,0
3197,14,2020-08-21,0,0,0,0
3198,14,2020-08-22,1,0,0,7
3199,14,2020-08-23,0,0,0,0
3200,14,2020-08-24,0,0,0,0
3201,14,2020-08-25,0,0,0,1
3202,14,2020-08-26,0,0,0,3
3203,14,2020-08-27,0,0,0,1
3204,14,2020-08-28,0,0,0,0
3205,14,2020-08-29,0,0,0,0
3206,14,2020-08-30,0,0,0,0
3207,14,2020-08-31,0,0,0,0
3208,14,2020-09-01,0,0,0,0
3209,14,2020-09-02,0,0,0,0
3210,14,2020-09-03,0,0,0,0
3211,14,2020-09-04,1,0,0,0
3212,14,2020-09-05,0,0,0,0
3213,14,2020-09-06,0,0,0,0
3214,14,2020-09-07,1,0,0,2
3215,14,2020-09-08,3,2,0,0
3216,14,2020-09-09,2,1,0,0
3217,14,2020-09-10,3,0,0,2
3218,14,2020-09-11,5,1,0,0
3219,14,2020-09-12,3,1,0,1
3220,14,2020-09-13,1,0,0,1
3221,14,2020-09-14,2,0,1,0
3222,14,2020-09-15,2,1,0,2
3223,14,2020-09-16,1,0,0,0
3224,14,2020-09-17,5,0,1,1
3225,14,2020-09-18,4,2,0,1
3226,14,2020-09-19,5,1,0,2
3227,14,2020-09-20,2,0,0,0
3228,14,2020-09-21,4,0,0,2
3229,14,2020-09-22,3,0,0,1
3230,14,2020-09-23,5,2,0,5
3231,14,2020-09-24,2,2,0,1
3232,14,2020-09-25,6,1,0,5
3233,14,2020-09-26,3,1,1,3
3234,14,2020-09-27,1,0,0,1
3235,14,2020-09-28,0,0,0,0
3236,14,2020-09-29,3,3,0,9
3237,14,2020-09-30,1,0,0,3
3238,14,2020-10-01,3,0,0,2
3239,14,2020-10-02,2,1,0,3
3240,14,2020-10-03,7,2,0,0
3241,14,2020-10-04,6,2,0,1
3242,14,2020-10-05,4,0,1,2
3243,14,2020-10-06,4,1,0,4
3244,14,2020-10-07,4,0,0,3
3245,14,2020-10-08,7,4,2,0
3246,14,2020-10-09,7,0,0,5
3247,14,2020-10-10,4,4,0,2
3248,14,2020-10-11,6,1,0,2
3249,14,2020-10-12,8,1,0,3
3250,14,2020-10-13,13,3,1,4
3251,14,2020-10-14,9,2,1,5
3252,14,2020-10-15,10,1,0,7
3253,14,2020-10-16,5,1,2,2
3254,14,2020-10-17,11,5,1,4
3255,14,2020-10-18,8,1,0,2
3256,14,2020-10-19,10,4,2,4
3257,14,2020-10-20,13,2,0,5
3258,14,2020-10-21,19,4,1,10
3259,14,2020-10-22,9,0,2,9
3260,14,2020-10-23,23,4,1,5
3261,14,2020-10-24,7,1,1,8
3262,14,2020-10-25,3,0,1,4
3263,14,2020-10-26,9,3,1,6
3264,14,2020-10-27,38,3,3,7
3265,14,2020-10-28,16,5,3,11
3266,14,2020-10-29,21,3,1,3
3267,14,2020-10-30,12,4,2,8
3268,14,2020-10-31,27,5,1,8
3269,14,2020-11-01,13,1,0,2
3270,14,2020-11-02,22,4,4,2
3271,14,2020-11-03,36,6,4,12
3272,14,2020-11-04,23,3,3,10
3273,14,2020-11-05,29,5,2,22
3274,14,2020-11-06,27,4,4,22
3275,14,2020-11-07,18,3,2,18
3276,15,2020-03-19,1,0,0,0
3277,15,2020-03-20,1,0,0,0
3278,15,2020-03-21,1,0,0,0
3279,15,2020-03-22,0,1,0,0
3280,15,2020-03-23,0,0,0,0
3281,15,2020-03-24,2,1,0,0
3282,15,2020-03-25,1,1,0,1
3283,15,2020-03-26,0,0,0,1
3284,15,2020-03-27,1,0,0,0
3285,15,2020-03-28,1,0,0,0
3286,15,2020-03-29,0,0,0,0
3287,15,2020-03-30,3,0,0,0
3288,15,2020-03-31,3,1,0,0
3289,15,2020-04-01,1,1,0,1
3290,15,2020-04-02,9,1,0,1
3291,15,2020-04-03,3,2,0,0
3292,15,2020-04-04,1,0,0,0
3293,15,2020-04-05,2,1,0,0
3294,15,2020-04-06,2,0,0,0
3295,15,2020-04-07,0,1,0,3
3296,15,2020-04-08,2,1,0,2
3297,15,2020-04-09,2,0,0,1
3298,15,2020-04-10,0,0,0,0
3299,15,2020-04-11,0,0,0,0
3300,15,2020-04-12,1,0,0,0
3301,15,2020-04-13,1,0,0,0
3302,15,2020-04-14,1,2,0,1
3303,15,2020-04-15,1,0,0,2
3304,15,2020-04-16,1,1,0,1
3305,15,2020-04-17,1,0,0,5
3306,15,2020-04-18,0,0,0,1
3307,15,2020-04-19,5,0,0,0
3308,15,2020-04-20,1,1,0,0
3309,15,2020-04-21,3,0,1,0
3310,15,2020-04-22,1,0,0,2
3311,15,2020-04-23,1,0,3,1
3312,15,2020-04-24,0,0,1,3
3313,15,2020-04-25,0,0,0,0
3314,15,2020-04-26,0,0,0,0
3315,15,2020-04-27,6,0,1,0
3316,15,2020-04-28,3,0,0,2
3317,15,2020-04-29,0,0,0,0
3318,15,2020-04-30,0,1,0,0
3319,15,2020-05-01,0,0,0,0
3320,15,2020-05-02,1,0,0,0
3321,15,2020-05-03,0,0,0,0
3322,15,2020-05-04,1,0,2,2
3323,15,2020-05-05,2,1,1,0
3324,15,2020-05-06,0,0,0,3
3325,15,2020-05-07,0,0,1,1
3326,15,2020-05-08,0,0,0,2
3327,15,2020-05-09,0,0,0,0
3328,15,2020-05-10,0,0,0,0
3329,15,2020-05-11,0,0,0,0
3330,15,2020-05-12,2,0,0,1
3331,15,2020-05-13,1,1,0,1
3332,15,2020-05-14,0,0,0,0
3333,15,2020-05-15,0,0,0,2
3334,15,2020-05-16,1,0,0,0
3335,15,2020-05-17,0,0,0,0
3336,15,2020-05-18,0,0,0,0
3337,15,2020-05-19,0,0,0,0
3338,15,2020-05-20,0,0,0,1
3339,15,2020-05-21,0,0,0,0
3340,15,2020-05-22,0,0,0,0
3341,15,2020-05-23,0,0,0,0
3342,15,2020-05-24,0,0,0,0
3343,15,2020-05-25,1,1,0,0
3344,15,2020-05-26,0,0,0,2
3345,15,2020-05-27,0,0,0,0
3346,15,2020-05-28,0,0,0,0
3347,15,2020-05-29,0,0,0,0
3348,15,2020-05-30,0,0,0,1
3349,15,2020-05-31,0,0,0,0
3350,15,2020-06-01,0,0,0,0
3351,15,2020-06-02,0,0,0,0
3352,15,2020-06-03,0,0,0,0
3353,15,2020-06-04,0,0,0,1
3354,15,2020-06-05,0,0,0,0
3355,15,2020-06-06,0,0,0,0
3356,15,2020-06-07,0,0,0,0
3357,15,2020-06-08,0,0,0,0
3358,15,2020-06-09,0,0,0,0
3359,15,2020-06-10,0,0,0,6
3360,15,2020-06-11,0,0,0,0
3361,15,2020-06-12,1,0,0,0
3362,15,2020-06-13,0,0,0,0
3363,15,2020-06-14,0,0,0,0
3364,15,2020-06-15,0,0,0,0
3365,15,2020-06-16,0,0,0,0
3366,15,2020-06-17,0,0,0,0
3367,15,2020-06-18,0,0,0,0
3368,15,2020-06-19,0,0,0,0
3369,15,2020-06-20,0,0,0,0
3370,15,2020-06-21,0,0,0,0
3371,15,2020-06-22,0,0,0,0
3372,15,2020-06-23,0,0,0,0
3373,15,2020-06-24,0,0,0,0
3374,15,2020-06-25,0,0,0,0
3375,15,2020-06-26,0,0,0,0
3376,15,2020-06-27,0,0,0,0
3377,15,2020-06-28,0,0,0,0
3378,15,2020-06-29,0,0,0,0
3379,15,2020-06-30,0,0,0,1
3380,15,2020-07-01,0,0,0,0
3381,15,2020-07-02,0,0,0,0
3382,15,2020-07-03,0,0,0,0
3383,15,2020-07-04,1,1,0,0
3384,15,2020-07-05,0,0,0,0
3385,15,2020-07-06,0,0,0,0
3386,15,2020-07-07,0,0,0,0
3387,15,2020-07-08,0,0,0,0
3388,15,2020-07-09,0,0,0,0
3389,15,2020-07-10,0,0,0,0
3390,15,2020-07-11,0,0,0,0
3391,15,2020-07-12,0,0,0,0
3392,15,2020-07-13,0,0,0,0
3393,15,2020-07-14,0,0,0,0
3394,15,2020-07-15,0,0,0,0
3395,15,2020-07-16,0,0,0,0
3396,15,2020-07-17,0,0,0,0
3397,15,2020-07-18,0,0,0,0
3398,15,2020-07-19,0,0,0,0
3399,15,2020-07-20,0,0,0,0
3400,15,2020-07-21,0,0,0,0
3401,15,2020-07-22,0,0,0,0
3402,15,2020-07-23,0,0,0,0
3403,15,2020-07-24,0,0,0,0
3404,15,2020-07-25,0,0,0,0
3405,15,2020-07-26,0,0,0,0
3406,15,2020-07-27,0,0,0,0
3407,15,2020-07-28,0,0,0,0
3408,15,2020-07-29,0,0,0,0
3409,15,2020-07-30,0,0,0,1
3410,15,2020-07-31,0,0,0,2
3411,15,2020-08-01,0,0,0,0
3412,15,2020-08-02,0,0,0,0
3413,15,2020-08-03,0,0,0,0
3414,15,2020-08-04,0,0,0,0
3415,15,2020-08-05,0,0,0,0
3416,15,2020-08-06,0,0,0,0
3417,15,2020-08-07,0,0,0,0
3418,15,2020-08-08,0,0,0,0
3419,15,2020-08-09,0,0,0,0
3420,15,2020-08-10,0,0,0,0
3421,15,2020-08-11,0,0,0,0
3422,15,2020-08-12,0,0,0,0
3423,15,2020-08-13,0,0,0,1
3424,15,2020-08-14,0,0,0,0
3425,15,2020-08-15,0,0,0,0
3426,15,2020-08-16,0,0,0,0
3427,15,2020-08-17,0,0,0,0
3428,15,2020-08-18,0,0,0,0
3429,15,2020-08-19,0,0,0,0
3430,15,2020-08-20,0,0,0,0
3431,15,2020-08-21,0,0,0,0
3432,15,2020-08-22,0,0,0,0
3433,15,2020-08-23,0,0,0,0
3434,15,2020-08-24,0,0,0,0
3435,15,2020-08-25,0,0,0,0
3436,15,2020-08-26,0,0,0,0
3437,15,2020-08-27,0,0,0,0
3438,15,2020-08-28,0,0,0,0
3439,15,2020-08-29,0,0,0,0
3440,15,2020-08-30,0,0,0,0
3441,15,2020-08-31,1,1,0,0
3442,15,2020-09-01,0,0,0,0
3443,15,2020-09-02,0,0,0,0
3444,15,2020-09-03,0,0,0,0
3445,15,2020-09-04,4,3,0,0
3446,15,2020-09-05,0,0,0,0
3447,15,2020-09-06,0,0,0,0
3448,15,2020-09-07,1,0,1,0
3449,15,2020-09-08,2,0,0,0
3450,15,2020-09-09,0,0,0,0
3451,15,2020-09-10,1,0,0,1
3452,15,2020-09-11,3,0,0,0
3453,15,2020-09-12,0,0,0,0
3454,15,2020-09-13,0,0,1,0
3455,15,2020-09-14,0,0,0,0
3456,15,2020-09-15,0,0,0,2
3457,15,2020-09-16,0,0,0,0
3458,15,2020-09-17,3,0,0,0
3459,15,2020-09-18,3,0,0,1
3460,15,2020-09-19,0,0,1,1
3461,15,2020-09-20,0,0,0,0
3462,15,2020-09-21,0,0,0,0
3463,15,2020-09-22,1,0,0,1
3464,15,2020-09-23,0,0,0,1
3465,15,2020-09-24,0,0,0,1
3466,15,2020-09-25,0,0,0,0
3467,15,2020-09-26,5,0,0,0
3468,15,2020-09-27,0,0,0,0
3469,15,2020-09-28,1,1,1,0
3470,15,2020-09-29,1,0,1,1
3471,15,2020-09-30,1,0,0,1
3472,15,2020-10-01,3,0,0,1
3473,15,2020-10-02,0,0,1,0
3474,15,2020-10-03,0,0,0,3
3475,15,2020-10-04,0,0,0,0
3476,15,2020-10-05,8,1,1,0
3477,15,2020-10-06,2,0,0,1
3478,15,2020-10-07,9,0,0,1
3479,15,2020-10-08,3,0,0,1
3480,15,2020-10-09,5,0,0,3
3481,15,2020-10-10,0,1,0,1
3482,15,2020-10-11,1,1,0,0
3483,15,2020-10-12,6,0,0,0
3484,15,2020-10-13,2,0,0,1
3485,15,2020-10-14,6,2,0,2
3486,15,2020-10-15,2,0,1,1
3487,15,2020-10-16,2,1,3,2
3488,15,2020-10-17,2,0,0,1
3489,15,2020-10-18,3,0,0,0
3490,15,2020-10-19,1,2,1,0
3491,15,2020-10-20,0,0,1,5
3492,15,2020-10-21,2,1,1,1
3493,15,2020-10-22,3,1,0,1
3494,15,2020-10-23,4,1,0,1
3495,15,2020-10-24,3,1,0,0
3496,15,2020-10-25,1,0,0,0
3497,15,2020-10-26,9,2,0,0
3498,15,2020-10-27,1,1,1,2
3499,15,2020-10-28,1,2,0,3
3500,15,2020-10-29,5,1,0,2
3501,15,2020-10-30,2,3,0,3
3502,15,2020-10-31,1,0,0,1
3503,15,2020-11-01,0,0,0,0
3504,15,2020-11-02,7,0,0,6
3505,15,2020-11-03,5,0,1,3
3506,15,2020-11-04,7,1,0,3
3507,15,2020-11-05,6,3,0,3
3508,15,2020-11-06,6,1,0,5
3509,15,2020-11-07,7,3,0,4
3510,16,2020-03-19,1,0,0,2
3511,16,2020-03-20,1,0,0,0
3512,16,2020-03-21,2,1,0,0
3513,16,2020-03-22,3,2,1,0
3514,16,2020-03-23,2,2,0,0
3515,16,2020-03-24,8,0,1,0
3516,16,2020-03-25,12,1,2,0
3517,16,2020-03-26,5,0,0,4
3518,16,2020-03-27,10,2,0,2
3519,16,2020-03-28,2,1,2,4
3520,16,2020-03-29,10,2,1,1
3521,16,2020-03-30,6,0,2,0
3522,16,2020-03-31,4,0,1,6
3523,16,2020-04-01,6,1,0,2
3524,16,2020-04-02,4,1,1,2
3525,16,2020-04-03,4,1,0,4
3526,16,2020-04-04,1,1,0,1
3527,16,2020-04-05,3,0,2,1
3528,16,2020-04-06,0,0,1,1
3529,16,2020-04-07,0,0,1,2
3530,16,2020-04-08,3,1,1,2
3531,16,2020-04-09,0,0,0,0
3532,16,2020-04-10,1,1,0,2
3533,16,2020-04-11,0,0,0,0
3534,16,2020-04-12,1,0,0,1
3535,16,2020-04-13,0,0,0,0
3536,16,2020-04-14,0,0,0,0
3537,16,2020-04-15,0,0,1,0
3538,16,2020-04-16,0,0,0,2
3539,16,2020-04-17,1,0,0,0
3540,16,2020-04-18,0,0,0,1
3541,16,2020-04-19,2,0,0,0
3542,16,2020-04-20,0,0,1,0
3543,16,2020-04-21,0,0,0,0
3544,16,2020-04-22,0,0,0,2
3545,16,2020-04-23,0,0,0,0
3546,16,2020-04-24,0,0,0,1
3547,16,2020-04-25,0,0,0,0
3548,16,2020-04-26,0,0,0,0
3549,16,2020-04-27,0,0,0,0
3550,16,2020-04-28,0,0,1,0
3551,16,2020-04-29,0,0,0,0
3552,16,2020-04-30,0,0,0,4
3553,16,2020-05-01,1,0,0,0
3554,16,2020-05-02,0,0,0,0
3555,16,2020-05-03,0,0,1,1
3556,16,2020-05-04,1,1,0,0
3557,16,2020-05-05,0,0,0,0
3558,16,2020-05-06,0,0,0,1
3559,16,2020-05-07,0,0,0,0
3560,16,2020-05-08,0,0,0,0
3561,16,2020-05-09,0,0,0,0
3562,16,2020-05-10,0,0,0,0
3563,16,2020-05-11,0,0,0,0
3564,16,2020-05-12,0,0,0,0
3565,16,2020-05-13,4,1,0,0
3566,16,2020-05-14,0,0,0,0
3567,16,2020-05-15,0,0,0,0
3568,16,2020-05-16,0,0,0,0
3569,16,2020-05-17,0,0,0,1
3570,16,2020-05-18,1,0,0,0
3571,16,2020-05-19,1,0,0,3
3572,16,2020-05-20,0,0,0,0
3573,16,2020-05-21,0,0,0,0
3574,16,2020-05-22,0,0,0,0
3575,16,2020-05-23,1,0,0,0
3576,16,2020-05-24,2,0,0,0
3577,16,2020-05-25,1,0,0,1
3578,16,2020-05-26,1,0,0,2
3579,16,2020-05-27,0,0,0,0
3580,16,2020-05-28,0,0,0,1
3581,16,2020-05-29,0,0,0,0
3582,16,2020-05-30,0,0,0,0
3583,16,2020-05-31,0,0,0,0
3584,16,2020-06-01,0,0,0,0
3585,16,2020-06-02,0,0,0,0
3586,16,2020-06-03,0,0,0,0
3587,16,2020-06-04,0,0,0,0
3588,16,2020-06-05,0,0,0,0
3589,16,2020-06-06,0,0,0,0
3590,16,2020-06-07,3,0,0,3
3591,16,2020-06-08,0,0,0,0
3592,16,2020-06-09,0,0,0,0
3593,16,2020-06-10,0,0,0,0
3594,16,2020-06-11,0,0,1,1
3595,16,2020-06-12,0,0,0,0
3596,16,2020-06-13,0,0,0,0
3597,16,2020-06-14,0,0,0,0
3598,16,2020-06-15,0,0,0,0
3599,16,2020-06-16,0,0,0,0
3600,16,2020-06-17,0,0,0,0
3601,16,2020-06-18,0,0,0,0
3602,16,2020-06-19,0,0,0,0
3603,16,2020-06-20,0,0,0,0
3604,16,2020-06-21,0,0,0,0
3605,16,2020-06-22,0,0,0,0
3606,16,2020-06-23,0,0,0,2
3607,16,2020-06-24,0,0,0,0
3608,16,2020-06-25,0,0,0,0
3609,16,2020-06-26,0,0,0,0
3610,16,2020-06-27,0,0,0,0
3611,16,2020-06-28,0,0,0,0
3612,16,2020-06-29,0,0,0,0
3613,16,2020-06-30,0,0,0,0
3614,16,2020-07-01,0,0,0,0
3615,16,2020-07-02,0,0,0,0
3616,16,2020-07-03,0,0,0,0
3617,16,2020-07-04,0,0,0,0
3618,16,2020-07-05,0,0,0,0
3619,16,2020-07-06,0,0,0,0
3620,16,2020-07-07,0,0,0,0
3621,16,2020-07-08,0,0,0,0
3622,16,2020-07-09,0,0,0,0
3623,16,2020-07-10,0,0,0,0
3624,16,2020-07-11,0,0,0,0
3625,16,2020-07-12,0,0,0,0
3626,16,2020-07-13,0,0,0,0
3627,16,2020-07-14,0,0,0,0
3628,16,2020-07-15,0,0,0,0
3629,16,2020-07-16,0,0,0,0
3630,16,2020-07-17,0,0,0,0
3631,16,2020-07-18,0,0,0,0
3632,16,2020-07-19,0,0,0,0
3633,16,2020-07-20,0,0,0,0
3634,16,2020-07-21,0,0,0,0
3635,16,2020-07-22,0,0,0,0
3636,16,2020-07-23,1,0,0,2
3637,16,2020-07-24,1,0,0,0
3638,16,2020-07-25,0,0,0,0
3639,16,2020-07-26,0,0,0,0
3640,16,2020-07-27,0,0,0,0
3641,16,2020-07-28,0,0,0,0
3642,16,2020-07-29,0,0,0,0
3643,16,2020-07-30,0,0,0,0
3644,16,2020-07-31,0,0,0,0
3645,16,2020-08-01,1,0,0,0
3646,16,2020-08-02,0,0,0,2
3647,16,2020-08-03,0,0,0,0
3648,16,2020-08-04,0,0,0,0
3649,16,2020-08-05,0,0,0,0
3650,16,2020-08-06,0,0,0,0
3651,16,2020-08-07,0,0,0,0
3652,16,2020-08-08,0,0,0,0
3653,16,2020-08-09,0,0,0,0
3654,16,2020-08-10,0,0,0,0
3655,16,2020-08-11,0,0,0,0
3656,16,2020-08-12,0,0,0,0
3657,16,2020-08-13,0,0,0,0
3658,16,2020-08-14,0,0,0,0
3659,16,2020-08-15,0,0,0,0
3660,16,2020-08-16,0,0,0,0
3661,16,2020-08-17,0,0,0,0
3662,16,2020-08-18,0,0,0,0
3663,16,2020-08-19,0,0,0,0
3664,16,2020-08-20,0,0,0,0
3665,16,2020-08-21,0,0,0,0
3666,16,2020-08-22,0,0,0,0
3667,16,2020-08-23,0,0,0,0
3668,16,2020-08-24,0,0,0,0
3669,16,2020-08-25,0,0,0,0
3670,16,2020-08-26,0,0,0,0
3671,16,2020-08-27,0,0,0,0
3672,16,2020-08-28,0,0,0,0
3673,16,2020-08-29,0,0,0,0
3674,16,2020-08-30,0,0,0,0
3675,16,2020-08-31,0,0,0,0
3676,16,2020-09-01,0,0,0,0
3677,16,2020-09-02,0,0,0,0
3678,16,2020-09-03,0,0,0,0
3679,16,2020-09-04,0,0,0,0
3680,16,2020-09-05,0,0,0,0
3681,16,2020-09-06,1,0,0,1
3682,16,2020-09-07,1,0,0,1
3683,16,2020-09-08,0,0,0,0
3684,16,2020-09-09,0,0,0,0
3685,16,2020-09-10,0,0,0,0
3686,16,2020-09-11,0,0,0,0
3687,16,2020-09-12,2,0,0,0
3688,16,2020-09-13,0,0,0,0
3689,16,2020-09-14,0,0,0,0
3690,16,2020-09-15,0,0,0,0
3691,16,2020-09-16,0,0,0,0
3692,16,2020-09-17,0,0,0,1
3693,16,2020-09-18,0,0,0,0
3694,16,2020-09-19,1,0,0,1
3695,16,2020-09-20,0,0,0,0
3696,16,2020-09-21,1,0,1,1
3697,16,2020-09-22,1,0,0,0
3698,16,2020-09-23,1,0,0,0
3699,16,2020-09-24,0,0,0,0
3700,16,2020-09-25,0,0,0,0
3701,16,2020-09-26,1,0,0,0
3702,16,2020-09-27,0,0,0,0
3703,16,2020-09-28,2,0,0,1
3704,16,2020-09-29,0,0,0,0
3705,16,2020-09-30,1,1,0,2
3706,16,2020-10-01,0,0,0,0
3707,16,2020-10-02,1,0,0,1
3708,16,2020-10-03,0,0,0,0
3709,16,2020-10-04,1,1,0,1
3710,16,2020-10-05,0,0,0,0
3711,16,2020-10-06,0,0,0,0
3712,16,2020-10-07,0,0,0,2
3713,16,2020-10-08,0,0,0,0
3714,16,2020-10-09,0,0,0,0
3715,16,2020-10-10,0,0,0,0
3716,16,2020-10-11,0,0,0,0
3717,16,2020-10-12,6,0,2,0
3718,16,2020-10-13,1,1,0,1
3719,16,2020-10-14,0,0,2,0
3720,16,2020-10-15,0,0,0,0
3721,16,2020-10-16,0,0,0,0
3722,16,2020-10-17,1,0,0,0
3723,16,2020-10-18,1,0,0,0
3724,16,2020-10-19,4,0,0,1
3725,16,2020-10-20,2,1,0,3
3726,16,2020-10-21,0,0,0,1
3727,16,2020-10-22,0,0,0,0
3728,16,2020-10-23,3,0,0,1
3729,16,2020-10-24,1,1,0,0
3730,16,2020-10-25,1,0,1,0
3731,16,2020-10-26,1,1,0,1
3732,16,2020-10-27,4,1,0,2
3733,16,2020-10-28,2,0,1,0
3734,16,2020-10-29,5,2,0,3
3735,16,2020-10-30,1,0,0,1
3736,16,2020-10-31,5,1,0,2
3737,16,2020-11-01,3,0,0,0
3738,16,2020-11-02,1,0,0,1
3739,16,2020-11-03,5,0,0,1
3740,16,2020-11-04,2,0,0,4
3741,16,2020-11-05,3,1,0,4
3742,16,2020-11-06,4,1,0,2
3743,16,2020-11-07,1,0,0,0
3744,17,2020-03-19,2,0,0,0
3745,17,2020-03-20,2,1,0,0
3746,17,2020-03-21,4,2,0,2
3747,17,2020-03-22,2,1,0,1
3748,17,2020-03-23,2,1,0,1
3749,17,2020-03-24,14,0,0,0
3750,17,2020-03-25,11,1,0,1
3751,17,2020-03-26,28,7,0,8
3752,17,2020-03-27,9,2,0,1
3753,17,2020-03-28,9,4,1,3
3754,17,2020-03-29,11,5,2,1
3755,17,2020-03-30,16,2,3,1
3756,17,2020-03-31,8,2,3,6
3757,17,2020-04-01,18,2,1,4
3758,17,2020-04-02,11,3,1,2
3759,17,2020-04-03,11,0,0,0
3760,17,2020-04-04,8,0,0,4
3761,17,2020-04-05,7,2,2,3
3762,17,2020-04-06,6,1,2,2
3763,17,2020-04-07,17,1,4,5
3764,17,2020-04-08,22,2,2,8
3765,17,2020-04-09,7,0,0,5
3766,17,2020-04-10,5,1,0,3
3767,17,2020-04-11,7,0,1,2
3768,17,2020-04-12,8,0,1,0
3769,17,2020-04-13,7,0,0,1
3770,17,2020-04-14,13,1,2,2
3771,17,2020-04-15,7,2,2,4
3772,17,2020-04-16,2,0,0,3
3773,17,2020-04-17,3,1,1,1
3774,17,2020-04-18,6,2,0,4
3775,17,2020-04-19,0,0,1,0
3776,17,2020-04-20,3,0,3,1
3777,17,2020-04-21,3,0,0,3
3778,17,2020-04-22,1,0,1,0
3779,17,2020-04-23,5,0,1,4
3780,17,2020-04-24,0,0,3,2
3781,17,2020-04-25,0,0,0,1
3782,17,2020-04-26,0,0,3,1
3783,17,2020-04-27,4,1,1,0
3784,17,2020-04-28,0,0,0,3
3785,17,2020-04-29,0,0,0,1
3786,17,2020-04-30,2,1,2,6
3787,17,2020-05-01,0,0,0,1
3788,17,2020-05-02,1,0,0,2
3789,17,2020-05-03,0,0,0,0
3790,17,2020-05-04,0,0,0,1
3791,17,2020-05-05,0,0,0,1
3792,17,2020-05-06,1,0,0,4
3793,17,2020-05-07,2,1,1,4
3794,17,2020-05-08,0,0,0,1
3795,17,2020-05-09,0,0,0,0
3796,17,2020-05-10,1,0,0,0
3797,17,2020-05-11,0,0,0,1
3798,17,2020-05-12,0,0,0,3
3799,17,2020-05-13,0,0,0,0
3800,17,2020-05-14,0,0,1,2
3801,17,2020-05-15,0,0,0,3
3802,17,2020-05-16,0,0,0,1
3803,17,2020-05-17,0,0,0,1
3804,17,2020-05-18,0,0,0,0
3805,17,2020-05-19,1,0,0,2
3806,17,2020-05-20,0,0,1,1
3807,17,2020-05-21,0,0,0,0
3808,17,2020-05-22,0,0,0,0
3809,17,2020-05-23,0,0,0,1
3810,17,2020-05-24,0,0,0,0
3811,17,2020-05-25,0,0,0,1
3812,17,2020-05-26,0,0,1,0
3813,17,2020-05-27,0,0,1,1
3814,17,2020-05-28,0,0,0,0
3815,17,2020-05-29,0,0,0,4
3816,17,2020-05-30,0,0,0,0
3817,17,2020-05-31,0,0,0,0
3818,17,2020-06-01,0,0,0,0
3819,17,2020-06-02,0,0,0,0
3820,17,2020-06-03,0,0,0,2
3821,17,2020-06-04,0,0,0,0
3822,17,2020-06-05,1,0,0,1
3823,17,2020-06-06,0,0,0,0
3824,17,2020-06-07,0,0,0,0
3825,17,2020-06-08,0,0,0,0
3826,17,2020-06-09,0,0,0,0
3827,17,2020-06-10,0,0,0,0
3828,17,2020-06-11,0,0,0,0
3829,17,2020-06-12,0,0,1,0
3830,17,2020-06-13,0,0,0,0
3831,17,2020-06-14,0,0,0,0
3832,17,2020-06-15,0,0,0,1
3833,17,2020-06-16,1,0,0,1
3834,17,2020-06-17,0,0,0,0
3835,17,2020-06-18,0,0,1,3
3836,17,2020-06-19,0,0,0,1
3837,17,2020-06-20,0,0,0,1
3838,17,2020-06-21,0,0,0,0
3839,17,2020-06-22,0,0,0,0
3840,17,2020-06-23,0,0,0,0
3841,17,2020-06-24,0,0,0,3
3842,17,2020-06-25,0,0,0,1
3843,17,2020-06-26,0,0,0,0
3844,17,2020-06-27,0,0,1,3
3845,17,2020-06-28,0,0,0,0
3846,17,2020-06-29,0,0,0,0
3847,17,2020-06-30,0,0,0,0
3848,17,2020-07-01,0,0,0,1
3849,17,2020-07-02,0,0,0,1
3850,17,2020-07-03,0,0,0,0
3851,17,2020-07-04,0,0,0,0
3852,17,2020-07-05,0,0,0,0
3853,17,2020-07-06,0,0,0,0
3854,17,2020-07-07,0,0,0,1
3855,17,2020-07-08,0,0,0,0
3856,17,2020-07-09,0,0,0,0
3857,17,2020-07-10,0,0,0,0
3858,17,2020-07-11,0,0,0,0
3859,17,2020-07-12,0,0,0,0
3860,17,2020-07-13,0,0,0,0
3861,17,2020-07-14,0,0,0,0
3862,17,2020-07-15,0,0,0,0
3863,17,2020-07-16,0,0,0,0
3864,17,2020-07-17,0,0,0,0
3865,17,2020-07-18,0,0,0,0
3866,17,2020-07-19,0,0,0,0
3867,17,2020-07-20,0,0,0,0
3868,17,2020-07-21,0,0,0,0
3869,17,2020-07-22,1,0,0,2
3870,17,2020-07-23,0,0,0,0
3871,17,2020-07-24,1,0,0,1
3872,17,2020-07-25,0,0,0,0
3873,17,2020-07-26,0,0,0,0
3874,17,2020-07-27,0,0,0,0
3875,17,2020-07-28,0,0,0,0
3876,17,2020-07-29,0,0,0,0
3877,17,2020-07-30,0,0,0,0
3878,17,2020-07-31,0,0,0,0
3879,17,2020-08-01,0,0,0,0
3880,17,2020-08-02,0,0,0,0
3881,17,2020-08-03,0,0,0,0
3882,17,2020-08-04,0,0,0,0
3883,17,2020-08-05,2,1,0,0
3884,17,2020-08-06,0,0,0,0
3885,17,2020-08-07,0,0,0,0
3886,17,2020-08-08,0,0,0,0
3887,17,2020-08-09,0,0,0,0
3888,17,2020-08-10,0,0,0,0
3889,17,2020-08-11,0,0,0,0
3890,17,2020-08-12,0,0,0,0
3891,17,2020-08-13,0,0,0,0
3892,17,2020-08-14,0,0,0,0
3893,17,2020-08-15,0,0,0,0
3894,17,2020-08-16,0,0,0,0
3895,17,2020-08-17,0,0,0,0
3896,17,2020-08-18,0,0,0,0
3897,17,2020-08-19,0,0,0,0
3898,17,2020-08-20,0,0,0,0
3899,17,2020-08-21,0,0,0,2
3900,17,2020-08-22,0,0,0,0
3901,17,2020-08-23,0,0,0,0
3902,17,2020-08-24,0,0,0,0
3903,17,2020-08-25,0,0,0,2
3904,17,2020-08-26,0,0,0,0
3905,17,2020-08-27,0,0,0,0
3906,17,2020-08-28,0,0,0,0
3907,17,2020-08-29,0,0,0,0
3908,17,2020-08-30,1,0,0,0
3909,17,2020-08-31,0,0,0,0
3910,17,2020-09-01,0,0,0,0
3911,17,2020-09-02,1,0,0,1
3912,17,2020-09-03,0,0,0,0
3913,17,2020-09-04,3,0,0,1
3914,17,2020-09-05,0,0,0,1
3915,17,2020-09-06,0,0,0,0
3916,17,2020-09-07,0,0,0,0
3917,17,2020-09-08,1,0,0,1
3918,17,2020-09-09,0,0,0,0
3919,17,2020-09-10,0,0,0,0
3920,17,2020-09-11,0,0,0,0
3921,17,2020-09-12,0,0,0,0
3922,17,2020-09-13,0,0,0,0
3923,17,2020-09-14,0,0,0,0
3924,17,2020-09-15,1,0,0,0
3925,17,2020-09-16,6,2,1,0
3926,17,2020-09-17,0,0,1,0
3927,17,2020-09-18,0,0,0,0
3928,17,2020-09-19,0,0,0,0
3929,17,2020-09-20,2,0,0,1
3930,17,2020-09-21,0,0,0,0
3931,17,2020-09-22,3,0,0,1
3932,17,2020-09-23,1,0,1,1
3933,17,2020-09-24,2,1,0,0
3934,17,2020-09-25,1,0,0,1
3935,17,2020-09-26,5,0,0,0
3936,17,2020-09-27,0,0,0,0
3937,17,2020-09-28,1,0,0,0
3938,17,2020-09-29,0,0,0,0
3939,17,2020-09-30,2,0,0,1
3940,17,2020-10-01,0,0,0,0
3941,17,2020-10-02,2,0,0,2
3942,17,2020-10-03,0,0,0,1
3943,17,2020-10-04,12,5,0,0
3944,17,2020-10-05,2,0,1,0
3945,17,2020-10-06,1,0,0,0
3946,17,2020-10-07,2,0,0,6
3947,17,2020-10-08,3,1,1,2
3948,17,2020-10-09,1,0,1,1
3949,17,2020-10-10,0,0,0,2
3950,17,2020-10-11,0,0,0,0
3951,17,2020-10-12,0,0,0,0
3952,17,2020-10-13,0,0,1,8
3953,17,2020-10-14,13,1,1,2
3954,17,2020-10-15,2,0,0,1
3955,17,2020-10-16,0,0,0,0
3956,17,2020-10-17,1,0,0,1
3957,17,2020-10-18,2,0,0,0
3958,17,2020-10-19,3,1,0,1
3959,17,2020-10-20,11,0,1,3
3960,17,2020-10-21,15,3,1,6
3961,17,2020-10-22,3,0,0,1
3962,17,2020-10-23,11,2,1,4
3963,17,2020-10-24,3,0,0,0
3964,17,2020-10-25,0,0,0,0
3965,17,2020-10-26,8,0,0,0
3966,17,2020-10-27,12,3,2,2
3967,17,2020-10-28,2,0,0,0
3968,17,2020-10-29,11,1,2,11
3969,17,2020-10-30,4,0,0,2
3970,17,2020-10-31,16,4,1,5
3971,17,2020-11-01,5,2,0,1
3972,17,2020-11-02,13,4,1,3
3973,17,2020-11-03,9,1,0,4
3974,17,2020-11-04,8,2,2,2
3975,17,2020-11-05,7,2,0,7
3976,17,2020-11-06,6,2,0,5
3977,17,2020-11-07,10,1,0,11
3978,18,2020-03-19,0,0,0,0
3979,18,2020-03-20,0,0,0,0
3980,18,2020-03-21,0,0,0,0
3981,18,2020-03-22,0,0,0,0
3982,18,2020-03-23,0,0,0,0
3983,18,2020-03-24,3,2,0,1
3984,18,2020-03-25,5,3,0,0
3985,18,2020-03-26,3,1,1,0
3986,18,2020-03-27,5,0,1,2
3987,18,2020-03-28,6,3,2,0
3988,18,2020-03-29,2,0,0,0
3989,18,2020-03-30,16,4,2,0
3990,18,2020-03-31,10,2,2,1
3991,18,2020-04-01,6,1,3,1
3992,18,2020-04-02,6,1,3,3
3993,18,2020-04-03,10,0,1,3
3994,18,2020-04-04,6,3,1,1
3995,18,2020-04-05,7,1,4,1
3996,18,2020-04-06,14,2,3,2
3997,18,2020-04-07,9,3,2,7
3998,18,2020-04-08,4,0,2,4
3999,18,2020-04-09,10,0,0,1
4000,18,2020-04-10,13,1,2,4
4001,18,2020-04-11,8,1,1,6
4002,18,2020-04-12,2,0,2,0
4003,18,2020-04-13,7,0,4,0
4004,18,2020-04-14,2,0,0,1
4005,18,2020-04-15,5,1,1,2
4006,18,2020-04-16,3,0,1,5
4007,18,2020-04-17,20,0,3,6
4008,18,2020-04-18,3,1,1,0
4009,18,2020-04-19,6,0,1,1
4010,18,2020-04-20,1,0,1,0
4011,18,2020-04-21,16,1,1,4
4012,18,2020-04-22,5,0,4,8
4013,18,2020-04-23,3,0,1,3
4014,18,2020-04-24,4,0,2,2
4015,18,2020-04-25,4,3,1,0
4016,18,2020-04-26,4,0,1,0
4017,18,2020-04-27,6,0,4,1
4018,18,2020-04-28,6,0,1,10
4019,18,2020-04-29,10,0,3,2
4020,18,2020-04-30,3,0,0,5
4021,18,2020-05-01,2,0,0,2
4022,18,2020-05-02,0,0,0,1
4023,18,2020-05-03,2,0,0,0
4024,18,2020-05-04,2,1,0,3
4025,18,2020-05-05,10,0,3,7
4026,18,2020-05-06,4,0,2,11
4027,18,2020-05-07,1,0,1,3
4028,18,2020-05-08,3,0,0,7
4029,18,2020-05-09,3,0,0,0
4030,18,2020-05-10,1,0,1,1
4031,18,2020-05-11,2,0,1,4
4032,18,2020-05-12,0,0,0,3
4033,18,2020-05-13,1,0,0,3
4034,18,2020-05-14,1,0,0,3
4035,18,2020-05-15,1,0,1,5
4036,18,2020-05-16,0,0,0,1
4037,18,2020-05-17,0,0,1,1
4038,18,2020-05-18,2,0,1,2
4039,18,2020-05-19,2,0,0,0
4040,18,2020-05-20,2,0,2,4
4041,18,2020-05-21,0,0,0,0
4042,18,2020-05-22,7,0,1,3
4043,18,2020-05-23,0,0,0,0
4044,18,2020-05-24,1,0,0,0
4045,18,2020-05-25,2,0,0,1
4046,18,2020-05-26,1,0,0,0
4047,18,2020-05-27,1,0,0,1
4048,18,2020-05-28,0,0,0,1
4049,18,2020-05-29,0,0,0,6
4050,18,2020-05-30,2,0,0,0
4051,18,2020-05-31,1,0,1,0
4052,18,2020-06-01,0,0,0,1
4053,18,2020-06-02,2,0,1,1
4054,18,2020-06-03,0,0,0,0
4055,18,2020-06-04,0,0,0,2
4056,18,2020-06-05,0,0,0,1
4057,18,2020-06-06,0,0,0,1
4058,18,2020-06-07,0,0,0,0
4059,18,2020-06-08,0,0,1,1
4060,18,2020-06-09,0,0,0,0
4061,18,2020-06-10,0,0,0,0
4062,18,2020-06-11,0,0,0,1
4063,18,2020-06-12,0,0,0,0
4064,18,2020-06-13,0,0,0,0
4065,18,2020-06-14,0,0,0,1
4066,18,2020-06-15,0,0,0,0
4067,18,2020-06-16,0,0,0,0
4068,18,2020-06-17,0,0,1,0
4069,18,2020-06-18,5,0,4,1
4070,18,2020-06-19,0,0,0,1
4071,18,2020-06-20,0,0,0,0
4072,18,2020-06-21,0,0,0,0
4073,18,2020-06-22,0,0,0,5
4074,18,2020-06-23,0,0,0,3
4075,18,2020-06-24,0,0,0,1
4076,18,2020-06-25,0,0,0,0
4077,18,2020-06-26,0,0,0,0
4078,18,2020-06-27,0,0,0,0
4079,18,2020-06-28,0,0,0,0
4080,18,2020-06-29,0,0,0,0
4081,18,2020-06-30,0,0,0,0
4082,18,2020-07-01,0,0,0,0
4083,18,2020-07-02,0,0,0,1
4084,18,2020-07-03,0,0,0,0
4085,18,2020-07-04,1,0,1,1
4086,18,2020-07-05,0,0,0,0
4087,18,2020-07-06,0,0,0,7
4088,18,2020-07-07,0,0,0,0
4089,18,2020-07-08,0,0,0,1
4090,18,2020-07-09,0,0,1,1
4091,18,2020-07-10,1,0,0,0
4092,18,2020-07-11,0,0,0,0
4093,18,2020-07-12,0,0,0,0
4094,18,2020-07-13,0,0,0,0
4095,18,2020-07-14,0,0,0,1
4096,18,2020-07-15,0,0,0,0
4097,18,2020-07-16,0,0,1,0
4098,18,2020-07-17,0,0,0,0
4099,18,2020-07-18,0,0,0,0
4100,18,2020-07-19,0,0,0,0
4101,18,2020-07-20,0,0,0,0
4102,18,2020-07-21,0,0,0,0
4103,18,2020-07-22,0,0,0,0
4104,18,2020-07-23,0,0,0,12
4105,18,2020-07-24,1,0,0,0
4106,18,2020-07-25,0,0,0,0
4107,18,2020-07-26,0,0,0,0
4108,18,2020-07-27,1,0,0,1
4109,18,2020-07-28,1,0,0,3
4110,18,2020-07-29,0,0,0,0
4111,18,2020-07-30,1,0,0,0
4112,18,2020-07-31,0,0,0,1
4113,18,2020-08-01,0,0,0,1
4114,18,2020-08-02,0,0,0,0
4115,18,2020-08-03,0,0,0,0
4116,18,2020-08-04,0,0,0,1
4117,18,2020-08-05,0,0,0,0
4118,18,2020-08-06,0,0,0,1
4119,18,2020-08-07,1,0,0,1
4120,18,2020-08-08,0,0,0,0
4121,18,2020-08-09,1,0,0,0
4122,18,2020-08-10,1,0,0,0
4123,18,2020-08-11,0,0,0,0
4124,18,2020-08-12,0,0,0,2
4125,18,2020-08-13,0,0,0,2
4126,18,2020-08-14,0,0,0,0
4127,18,2020-08-15,1,0,0,0
4128,18,2020-08-16,0,0,0,0
4129,18,2020-08-17,0,0,0,0
4130,18,2020-08-18,0,0,0,0
4131,18,2020-08-19,0,0,0,0
4132,18,2020-08-20,0,0,0,1
4133,18,2020-08-21,0,0,0,0
4134,18,2020-08-22,0,0,0,0
4135,18,2020-08-23,0,0,0,0
4136,18,2020-08-24,0,0,0,0
4137,18,2020-08-25,0,0,0,0
4138,18,2020-08-26,0,0,0,0
4139,18,2020-08-27,0,0,0,1
4140,18,2020-08-28,0,0,0,0
4141,18,2020-08-29,1,0,0,1
4142,18,2020-08-30,0,0,0,0
4143,18,2020-08-31,0,0,0,0
4144,18,2020-09-01,1,0,0,1
4145,18,2020-09-02,0,0,0,0
4146,18,2020-09-03,0,0,0,0
4147,18,2020-09-04,0,0,0,0
4148,18,2020-09-05,0,0,0,0
4149,18,2020-09-06,3,0,0,1
4150,18,2020-09-07,6,0,0,0
4151,18,2020-09-08,10,0,0,1
4152,18,2020-09-09,0,0,0,0
4153,18,2020-09-10,0,0,0,0
4154,18,2020-09-11,2,0,1,0
4155,18,2020-09-12,1,1,0,1
4156,18,2020-09-13,1,0,0,0
4157,18,2020-09-14,0,0,0,0
4158,18,2020-09-15,2,0,2,2
4159,18,2020-09-16,0,0,0,1
4160,18,2020-09-17,0,0,1,0
4161,18,2020-09-18,0,0,0,0
4162,18,2020-09-19,3,0,1,1
4163,18,2020-09-20,0,0,0,0
4164,18,2020-09-21,2,0,1,0
4165,18,2020-09-22,1,0,0,0
4166,18,2020-09-23,3,0,0,0
4167,18,2020-09-24,1,0,0,0
4168,18,2020-09-25,0,0,0,2
4169,18,2020-09-26,1,0,0,2
4170,18,2020-09-27,0,0,0,0
4171,18,2020-09-28,1,0,0,0
4172,18,2020-09-29,3,0,1,2
4173,18,2020-09-30,0,0,1,1
4174,18,2020-10-01,1,0,1,1
4175,18,2020-10-02,2,1,0,1
4176,18,2020-10-03,3,0,0,1
4177,18,2020-10-04,2,0,0,0
4178,18,2020-10-05,3,0,1,2
4179,18,2020-10-06,4,0,0,2
4180,18,2020-10-07,1,0,0,0
4181,18,2020-10-08,1,0,0,1
4182,18,2020-10-09,3,0,1,2
4183,18,2020-10-10,0,1,1,2
4184,18,2020-10-11,2,0,1,1
4185,18,2020-10-12,2,1,2,0
4186,18,2020-10-13,2,0,0,2
4187,18,2020-10-14,3,0,1,1
4188,18,2020-10-15,7,0,1,1
4189,18,2020-10-16,4,1,0,3
4190,18,2020-10-17,4,0,0,1
4191,18,2020-10-18,9,0,0,0
4192,18,2020-10-19,3,0,1,0
4193,18,2020-10-20,10,1,0,1
4194,18,2020-10-21,8,2,0,2
4195,18,2020-10-22,12,1,0,3
4196,18,2020-10-23,8,1,1,6
4197,18,2020-10-24,6,0,0,2
4198,18,2020-10-25,7,1,1,2
4199,18,2020-10-26,7,0,2,1
4200,18,2020-10-27,16,0,2,9
4201,18,2020-10-28,17,2,1,5
4202,18,2020-10-29,9,1,3,7
4203,18,2020-10-30,11,0,2,1
4204,18,2020-10-31,5,1,1,2
4205,18,2020-11-01,14,1,2,2
4206,18,2020-11-02,11,0,5,1
4207,18,2020-11-03,24,1,4,8
4208,18,2020-11-04,16,0,2,4
4209,18,2020-11-05,13,1,3,14
4210,18,2020-11-06,20,2,4,5
4211,18,2020-11-07,24,2,2,11
4212,19,2020-03-19,1,0,0,0
4213,19,2020-03-20,0,0,0,0
4214,19,2020-03-21,3,0,0,0
4215,19,2020-03-22,1,0,1,0
4216,19,2020-03-23,3,1,1,0
4217,19,2020-03-24,7,2,1,0
4218,19,2020-03-25,4,1,0,0
4219,19,2020-03-26,2,2,0,1
4220,19,2020-03-27,0,0,0,0
4221,19,2020-03-28,14,3,0,0
4222,19,2020-03-29,5,2,0,1
4223,19,2020-03-30,7,1,0,2
4224,19,2020-03-31,2,0,0,1
4225,19,2020-04-01,5,3,1,3
4226,19,2020-04-02,2,0,0,3
4227,19,2020-04-03,7,0,0,3
4228,19,2020-04-04,6,0,3,1
4229,19,2020-04-05,1,1,0,1
4230,19,2020-04-06,5,1,2,1
4231,19,2020-04-07,5,1,2,6
4232,19,2020-04-08,5,1,0,3
4233,19,2020-04-09,5,1,1,3
4234,19,2020-04-10,4,2,0,5
4235,19,2020-04-11,9,0,1,3
4236,19,2020-04-12,3,0,1,1
4237,19,2020-04-13,3,1,0,0
4238,19,2020-04-14,5,0,2,1
4239,19,2020-04-15,4,0,1,2
4240,19,2020-04-16,6,0,1,3
4241,19,2020-04-17,2,0,0,1
4242,19,2020-04-18,8,0,2,2
4243,19,2020-04-19,5,0,0,0
4244,19,2020-04-20,8,2,1,3
4245,19,2020-04-21,5,0,1,2
4246,19,2020-04-22,1,0,0,1
4247,19,2020-04-23,2,0,0,2
4248,19,2020-04-24,5,1,0,1
4249,19,2020-04-25,1,0,0,4
4250,19,2020-04-26,1,0,0,0
4251,19,2020-04-27,7,1,1,2
4252,19,2020-04-28,1,0,1,1
4253,19,2020-04-29,3,2,2,2
4254,19,2020-04-30,7,1,2,0
4255,19,2020-05-01,0,0,0,0
4256,19,2020-05-02,0,0,0,0
4257,19,2020-05-03,4,1,0,6
4258,19,2020-05-04,2,0,0,1
4259,19,2020-05-05,1,0,0,3
4260,19,2020-05-06,1,0,2,2
4261,19,2020-05-07,3,0,0,3
4262,19,2020-05-08,1,0,0,6
4263,19,2020-05-09,2,1,0,0
4264,19,2020-05-10,1,0,0,0
4265,19,2020-05-11,3,1,0,5
4266,19,2020-05-12,0,0,1,2
4267,19,2020-05-13,8,0,1,0
4268,19,2020-05-14,0,0,0,2
4269,19,2020-05-15,1,0,1,1
4270,19,2020-05-16,0,0,0,2
4271,19,2020-05-17,0,0,0,0
4272,19,2020-05-18,1,0,0,0
4273,19,2020-05-19,4,2,0,6
4274,19,2020-05-20,0,0,0,0
4275,19,2020-05-21,0,0,0,2
4276,19,2020-05-22,0,0,1,1
4277,19,2020-05-23,0,0,0,0
4278,19,2020-05-24,0,0,0,0
4279,19,2020-05-25,0,1,0,3
4280,19,2020-05-26,1,0,0,5
4281,19,2020-05-27,4,0,0,0
4282,19,2020-05-28,0,0,0,1
4283,19,2020-05-29,0,0,0,0
4284,19,2020-05-30,1,0,0,2
4285,19,2020-05-31,0,0,0,1
4286,19,2020-06-01,0,0,0,0
4287,19,2020-06-02,0,0,3,26
4288,19,2020-06-03,1,0,0,5
4289,19,2020-06-04,0,0,0,12
4290,19,2020-06-05,0,0,0,0
4291,19,2020-06-06,0,0,0,0
4292,19,2020-06-07,0,0,0,0
4293,19,2020-06-08,0,0,0,0
4294,19,2020-06-09,0,0,0,0
4295,19,2020-06-10,0,0,0,0
4296,19,2020-06-11,0,0,0,0
4297,19,2020-06-12,0,0,0,0
4298,19,2020-06-13,0,0,0,0
4299,19,2020-06-14,0,0,0,0
4300,19,2020-06-15,0,0,0,0
4301,19,2020-06-16,0,0,0,0
4302,19,2020-06-17,0,0,0,0
4303,19,2020-06-18,0,0,0,0
4304,19,2020-06-19,0,0,0,0
4305,19,2020-06-20,0,0,0,0
4306,19,2020-06-21,0,0,0,0
4307,19,2020-06-22,0,0,0,0
4308,19,2020-06-23,0,0,0,0
4309,19,2020-06-24,0,0,0,0
4310,19,2020-06-25,0,0,0,0
4311,19,2020-06-26,0,0,0,0
4312,19,2020-06-27,0,0,0,0
4313,19,2020-06-28,0,0,0,0
4314,19,2020-06-29,0,0,0,0
4315,19,2020-06-30,0,0,0,0
4316,19,2020-07-01,0,0,0,0
4317,19,2020-07-02,0,0,0,0
4318,19,2020-07-03,0,0,0,0
4319,19,2020-07-04,0,0,0,0
4320,19,2020-07-05,0,0,0,0
4321,19,2020-07-06,0,0,0,0
4322,19,2020-07-07,0,0,0,0
4323,19,2020-07-08,0,0,0,0
4324,19,2020-07-09,0,0,0,0
4325,19,2020-07-10,0,0,0,0
4326,19,2020-07-11,0,0,0,0
4327,19,2020-07-12,0,0,0,0
4328,19,2020-07-13,0,0,0,0
4329,19,2020-07-14,0,0,0,0
4330,19,2020-07-15,0,0,0,0
4331,19,2020-07-16,0,0,0,0
4332,19,2020-07-17,2,0,0,0
4333,19,2020-07-18,0,0,0,0
4334,19,2020-07-19,0,0,0,0
4335,19,2020-07-20,0,0,0,0
4336,19,2020-07-21,0,0,0,0
4337,19,2020-07-22,0,0,0,0
4338,19,2020-07-23,0,0,0,0
4339,19,2020-07-24,0,0,0,0
4340,19,2020-07-25,0,0,0,0
4341,19,2020-07-26,0,0,0,0
4342,19,2020-07-27,0,0,0,0
4343,19,2020-07-28,0,0,0,0
4344,19,2020-07-29,0,0,0,0
4345,19,2020-07-30,0,0,0,0
4346,19,2020-07-31,0,0,0,0
4347,19,2020-08-01,0,0,0,0
4348,19,2020-08-02,0,0,0,0
4349,19,2020-08-03,0,0,0,0
4350,19,2020-08-04,0,0,0,0
4351,19,2020-08-05,0,0,0,0
4352,19,2020-08-06,0,0,0,0
4353,19,2020-08-07,1,0,0,0
4354,19,2020-08-08,0,0,0,0
4355,19,2020-08-09,0,0,0,0
4356,19,2020-08-10,1,0,0,0
4357,19,2020-08-11,0,0,0,0
4358,19,2020-08-12,1,0,0,0
4359,19,2020-08-13,0,0,0,0
4360,19,2020-08-14,0,0,0,0
4361,19,2020-08-15,0,0,0,0
4362,19,2020-08-16,0,0,0,0
4363,19,2020-08-17,0,0,0,0
4364,19,2020-08-18,0,0,0,0
4365,19,2020-08-19,0,0,0,0
4366,19,2020-08-20,0,0,0,0
4367,19,2020-08-21,0,0,0,0
4368,19,2020-08-22,1,0,0,0
4369,19,2020-08-23,0,0,0,0
4370,19,2020-08-24,0,0,0,0
4371,19,2020-08-25,0,0,0,0
4372,19,2020-08-26,0,0,0,0
4373,19,2020-08-27,0,0,0,0
4374,19,2020-08-28,0,0,0,0
4375,19,2020-08-29,0,0,0,0
4376,19,2020-08-30,0,0,0,0
4377,19,2020-08-31,1,0,0,1
4378,19,2020-09-01,0,0,0,1
4379,19,2020-09-02,0,0,0,0
4380,19,2020-09-03,0,0,0,0
4381,19,2020-09-04,1,0,0,0
4382,19,2020-09-05,1,1,0,0
4383,19,2020-09-06,0,0,0,0
4384,19,2020-09-07,0,0,0,0
4385,19,2020-09-08,1,0,0,0
4386,19,2020-09-09,0,0,0,0
4387,19,2020-09-10,0,0,0,0
4388,19,2020-09-11,2,0,0,0
4389,19,2020-09-12,3,1,0,0
4390,19,2020-09-13,0,0,0,0
4391,19,2020-09-14,3,1,0,1
4392,19,2020-09-15,3,0,0,1
4393,19,2020-09-16,0,0,0,0
4394,19,2020-09-17,1,0,0,1
4395,19,2020-09-18,1,0,1,1
4396,19,2020-09-19,0,0,0,0
4397,19,2020-09-20,2,0,0,0
4398,19,2020-09-21,1,0,0,0
4399,19,2020-09-22,3,0,2,2
4400,19,2020-09-23,3,0,1,1
4401,19,2020-09-24,1,0,1,1
4402,19,2020-09-25,0,0,0,2
4403,19,2020-09-26,1,0,0,0
4404,19,2020-09-27,0,0,0,0
4405,19,2020-09-28,1,1,0,0
4406,19,2020-09-29,0,0,0,0
4407,19,2020-09-30,0,0,0,1
4408,19,2020-10-01,1,1,0,0
4409,19,2020-10-02,0,0,0,1
4410,19,2020-10-03,0,0,0,1
4411,19,2020-10-04,1,0,0,0
4412,19,2020-10-05,2,0,1,1
4413,19,2020-10-06,1,1,0,0
4414,19,2020-10-07,1,0,0,0
4415,19,2020-10-08,5,2,0,2
4416,19,2020-10-09,1,0,0,0
4417,19,2020-10-10,0,0,0,1
4418,19,2020-10-11,3,0,0,0
4419,19,2020-10-12,0,0,0,0
4420,19,2020-10-13,5,0,0,1
4421,19,2020-10-14,2,0,0,1
4422,19,2020-10-15,0,1,0,1
4423,19,2020-10-16,2,0,1,3
4424,19,2020-10-17,0,0,0,1
4425,19,2020-10-18,3,0,0,1
4426,19,2020-10-19,4,1,0,4
4427,19,2020-10-20,5,1,0,0
4428,19,2020-10-21,5,1,1,5
4429,19,2020-10-22,4,0,1,3
4430,19,2020-10-23,5,1,1,3
4431,19,2020-10-24,3,0,0,0
4432,19,2020-10-25,6,1,1,1
4433,19,2020-10-26,5,0,0,1
4434,19,2020-10-27,13,1,1,6
4435,19,2020-10-28,2,0,1,3
4436,19,2020-10-29,7,0,2,2
4437,19,2020-10-30,15,0,0,5
4438,19,2020-10-31,13,0,0,2
4439,19,2020-11-01,9,3,1,6
4440,19,2020-11-02,8,1,3,1
4441,19,2020-11-03,4,2,1,5
4442,19,2020-11-04,8,1,0,4
4443,19,2020-11-05,9,1,0,2
4444,19,2020-11-06,1,0,1,5
4445,19,2020-11-07,8,1,2,1
4446,21,2020-03-19,26,11,2,24
4447,21,2020-03-20,39,4,1,9
4448,21,2020-03-21,2,0,1,10
4449,21,2020-03-22,42,11,3,27
4450,21,2020-03-23,21,2,6,12
4451,21,2020-03-24,42,0,9,22
4452,21,2020-03-25,76,10,5,22
4453,21,2020-03-26,27,0,5,12
4454,21,2020-03-27,9,3,2,0
4455,21,2020-03-28,52,8,1,17
4456,21,2020-03-29,44,8,2,26
4457,21,2020-03-30,14,0,0,33
4458,21,2020-03-31,32,2,5,8
4459,21,2020-04-01,55,8,3,24
4460,21,2020-04-02,67,8,18,31
4461,21,2020-04-03,28,6,5,17
4462,21,2020-04-04,54,7,3,7
4463,21,2020-04-05,22,2,4,10
4464,21,2020-04-06,31,14,3,4
4465,21,2020-04-07,46,6,7,14
4466,21,2020-04-08,25,2,11,12
4467,21,2020-04-09,9,0,1,29
4468,21,2020-04-10,73,7,7,9
4469,21,2020-04-11,12,0,4,32
4470,21,2020-04-12,34,1,10,6
4471,21,2020-04-13,13,3,3,12
4472,21,2020-04-14,21,0,14,1
4473,21,2020-04-15,41,7,8,23
4474,21,2020-04-16,35,5,8,6
4475,21,2020-04-17,27,0,5,23
4476,21,2020-04-18,19,4,5,3
4477,21,2020-04-19,15,6,6,31
4478,21,2020-04-20,10,1,6,6
4479,21,2020-04-21,17,5,7,12
4480,21,2020-04-22,10,2,1,12
4481,21,2020-04-23,9,2,10,20
4482,21,2020-04-24,13,0,12,34
4483,21,2020-04-25,14,5,3,24
4484,21,2020-04-26,1,0,4,3
4485,21,2020-04-27,17,3,6,9
4486,21,2020-04-28,6,1,2,7
4487,21,2020-04-29,13,1,2,13
4488,21,2020-04-30,17,4,1,14
4489,21,2020-05-01,10,0,0,22
4490,21,2020-05-02,4,1,0,0
4491,21,2020-05-03,0,0,2,0
4492,21,2020-05-04,3,0,0,3
4493,21,2020-05-05,6,5,1,7
4494,21,2020-05-06,19,1,3,5
4495,21,2020-05-07,10,2,3,34
4496,21,2020-05-08,6,1,1,19
4497,21,2020-05-09,5,0,2,2
4498,21,2020-05-10,0,0,0,2
4499,21,2020-05-11,1,0,0,4
4500,21,2020-05-12,5,3,4,6
4501,21,2020-05-13,12,1,1,16
4502,21,2020-05-14,4,0,0,5
4503,21,2020-05-15,3,0,0,13
4504,21,2020-05-16,2,0,0,2
4505,21,2020-05-17,0,0,0,2
4506,21,2020-05-18,0,0,0,0
4507,21,2020-05-19,1,1,2,6
4508,21,2020-05-20,5,3,1,5
4509,21,2020-05-21,0,0,0,2
4510,21,2020-05-22,2,1,1,3
4511,21,2020-05-23,2,0,0,1
4512,21,2020-05-24,2,1,0,2
4513,21,2020-05-25,7,0,0,18
4514,21,2020-05-26,7,2,2,24
4515,21,2020-05-27,2,0,0,10
4516,21,2020-05-28,1,0,0,3
4517,21,2020-05-29,3,0,1,6
4518,21,2020-05-30,4,0,1,3
4519,21,2020-05-31,0,0,0,0
4520,21,2020-06-01,3,0,0,2
4521,21,2020-06-02,2,1,0,1
4522,21,2020-06-03,0,0,1,3
4523,21,2020-06-04,9,0,2,6
4524,21,2020-06-05,0,0,0,3
4525,21,2020-06-06,0,0,1,1
4526,21,2020-06-07,0,0,0,0
4527,21,2020-06-08,3,0,0,3
4528,21,2020-06-09,5,0,1,14
4529,21,2020-06-10,1,0,0,0
4530,21,2020-06-11,2,2,0,0
4531,21,2020-06-12,3,0,0,3
4532,21,2020-06-13,0,0,0,3
4533,21,2020-06-14,0,0,0,0
4534,21,2020-06-15,1,0,0,2
4535,21,2020-06-16,0,0,0,0
4536,21,2020-06-17,0,0,0,2
4537,21,2020-06-18,0,1,0,2
4538,21,2020-06-19,0,0,0,0
4539,21,2020-06-20,0,0,0,0
4540,21,2020-06-21,0,0,0,0
4541,21,2020-06-22,0,0,0,0
4542,21,2020-06-23,1,0,0,0
4543,21,2020-06-24,0,0,0,1
4544,21,2020-06-25,0,0,0,1
4545,21,2020-06-26,0,0,0,0
4546,21,2020-06-27,1,0,0,0
4547,21,2020-06-28,1,0,0,0
4548,21,2020-06-29,0,0,0,1
4549,21,2020-06-30,1,0,0,1
4550,21,2020-07-01,1,0,0,7
4551,21,2020-07-02,2,1,1,1
4552,21,2020-07-03,0,0,0,5
4553,21,2020-07-04,3,0,0,4
4554,21,2020-07-05,0,0,0,0
4555,21,2020-07-06,0,0,0,2
4556,21,2020-07-07,0,0,1,2
4557,21,2020-07-08,1,0,0,0
4558,21,2020-07-09,0,0,0,0
4559,21,2020-07-10,0,0,0,0
4560,21,2020-07-11,2,0,0,0
4561,21,2020-07-12,0,0,0,0
4562,21,2020-07-13,0,0,0,0
4563,21,2020-07-14,0,0,0,0
4564,21,2020-07-15,0,0,0,1
4565,21,2020-07-16,0,0,0,1
4566,21,2020-07-17,0,0,0,0
4567,21,2020-07-18,1,0,0,1
4568,21,2020-07-19,0,0,0,0
4569,21,2020-07-20,0,0,0,1
4570,21,2020-07-21,1,0,0,3
4571,21,2020-07-22,0,0,0,0
4572,21,2020-07-23,1,0,0,2
4573,21,2020-07-24,0,0,0,0
4574,21,2020-07-25,1,0,0,0
4575,21,2020-07-26,0,0,0,0
4576,21,2020-07-27,0,0,0,1
4577,21,2020-07-28,0,0,0,0
4578,21,2020-07-29,0,0,0,1
4579,21,2020-07-30,1,0,0,3
4580,21,2020-07-31,0,0,0,0
4581,21,2020-08-01,0,0,0,0
4582,21,2020-08-02,0,0,0,0
4583,21,2020-08-03,0,0,0,0
4584,21,2020-08-04,0,0,0,0
4585,21,2020-08-05,0,0,1,0
4586,21,2020-08-06,1,0,0,1
4587,21,2020-08-07,0,0,0,0
4588,21,2020-08-08,0,0,0,0
4589,21,2020-08-09,0,0,0,0
4590,21,2020-08-10,0,0,0,0
4591,21,2020-08-11,0,0,0,0
4592,21,2020-08-12,0,0,0,0
4593,21,2020-08-13,0,0,0,0
4594,21,2020-08-14,0,0,0,0
4595,21,2020-08-15,0,0,0,0
4596,21,2020-08-16,0,0,0,0
4597,21,2020-08-17,1,0,0,0
4598,21,2020-08-18,0,0,0,0
4599,21,2020-08-19,0,0,0,1
4600,21,2020-08-20,2,1,0,1
4601,21,2020-08-21,1,0,0,1
4602,21,2020-08-22,1,0,0,0
4603,21,2020-08-23,0,0,0,0
4604,21,2020-08-24,1,0,0,0
4605,21,2020-08-25,0,0,0,0
4606,21,2020-08-26,0,0,0,2
4607,21,2020-08-27,3,0,0,1
4608,21,2020-08-28,0,0,0,0
4609,21,2020-08-29,0,0,0,0
4610,21,2020-08-30,0,0,0,0
4611,21,2020-08-31,0,0,0,0
4612,21,2020-09-01,1,0,0,0
4613,21,2020-09-02,2,0,0,0
4614,21,2020-09-03,1,1,0,0
4615,21,2020-09-04,1,0,0,0
4616,21,2020-09-05,0,0,0,0
4617,21,2020-09-06,0,0,0,0
4618,21,2020-09-07,0,0,0,1
4619,21,2020-09-08,0,0,0,0
4620,21,2020-09-09,0,0,0,1
4621,21,2020-09-10,2,1,1,1
4622,21,2020-09-11,0,0,0,1
4623,21,2020-09-12,0,0,0,0
4624,21,2020-09-13,0,0,0,0
4625,21,2020-09-14,1,0,0,0
4626,21,2020-09-15,0,0,0,0
4627,21,2020-09-16,0,0,0,0
4628,21,2020-09-17,11,1,1,5
4629,21,2020-09-18,0,0,0,1
4630,21,2020-09-19,0,0,0,0
4631,21,2020-09-20,0,0,0,0
4632,21,2020-09-21,3,0,0,1
4633,21,2020-09-22,0,0,0,0
4634,21,2020-09-23,10,1,0,4
4635,21,2020-09-24,7,0,0,7
4636,21,2020-09-25,5,0,1,2
4637,21,2020-09-26,6,1,0,0
4638,21,2020-09-27,0,0,0,0
4639,21,2020-09-28,3,1,0,3
4640,21,2020-09-29,0,1,0,0
4641,21,2020-09-30,16,5,3,10
4642,21,2020-10-01,0,0,0,0
4643,21,2020-10-02,8,1,1,4
4644,21,2020-10-03,0,0,0,0
4645,21,2020-10-04,0,0,0,0
4646,21,2020-10-05,3,0,0,0
4647,21,2020-10-06,6,3,0,5
4648,21,2020-10-07,3,1,2,6
4649,21,2020-10-08,2,2,1,1
4650,21,2020-10-09,1,0,2,2
4651,21,2020-10-10,8,0,0,1
4652,21,2020-10-11,0,0,0,0
4653,21,2020-10-12,4,0,0,1
4654,21,2020-10-13,15,7,1,3
4655,21,2020-10-14,8,2,3,3
4656,21,2020-10-15,8,3,0,5
4657,21,2020-10-16,6,3,0,4
4658,21,2020-10-17,7,3,0,4
4659,21,2020-10-18,0,0,0,0
4660,21,2020-10-19,6,1,3,1
4661,21,2020-10-20,14,1,0,5
4662,21,2020-10-21,8,1,0,1
4663,21,2020-10-22,16,1,0,12
4664,21,2020-10-23,12,2,1,10
4665,21,2020-10-24,16,3,1,5
4666,21,2020-10-25,13,3,2,0
4667,21,2020-10-26,28,10,3,6
4668,21,2020-10-27,14,3,0,12
4669,21,2020-10-28,20,4,0,7
4670,21,2020-10-29,23,4,0,10
4671,21,2020-10-30,31,13,1,4
4672,21,2020-10-31,17,6,3,16
4673,21,2020-11-01,12,2,2,12
4674,21,2020-11-02,31,13,3,8
4675,21,2020-11-03,44,3,3,20
4676,21,2020-11-04,75,8,5,26
4677,21,2020-11-05,28,17,4,11
4678,21,2020-11-06,32,9,1,21
4679,21,2020-11-07,35,3,5,23
4680,22,2020-03-19,4,0,1,0
4681,22,2020-03-20,1,0,0,0
4682,22,2020-03-21,2,1,0,0
4683,22,2020-03-22,0,1,0,0
4684,22,2020-03-23,2,0,0,0
4685,22,2020-03-24,4,2,0,0
4686,22,2020-03-25,6,0,0,0
4687,22,2020-03-26,7,2,0,0
4688,22,2020-03-27,10,1,0,0
4689,22,2020-03-28,6,0,1,3
4690,22,2020-03-29,5,1,1,2
4691,22,2020-03-30,4,0,0,1
4692,22,2020-03-31,4,0,1,1
4693,22,2020-04-01,13,2,2,3
4694,22,2020-04-02,16,9,3,3
4695,22,2020-04-03,10,0,0,4
4696,22,2020-04-04,5,1,1,6
4697,22,2020-04-05,8,0,0,0
4698,22,2020-04-06,10,1,1,4
4699,22,2020-04-07,10,1,2,13
4700,22,2020-04-08,2,0,1,3
4701,22,2020-04-09,6,1,2,4
4702,22,2020-04-10,11,1,1,5
4703,22,2020-04-11,4,0,1,6
4704,22,2020-04-12,9,0,2,2
4705,22,2020-04-13,2,0,0,1
4706,22,2020-04-14,9,0,1,4
4707,22,2020-04-15,5,0,1,6
4708,22,2020-04-16,4,0,0,8
4709,22,2020-04-17,7,0,1,2
4710,22,2020-04-18,1,0,0,3
4711,22,2020-04-19,1,0,0,5
4712,22,2020-04-20,3,0,1,4
4713,22,2020-04-21,3,0,0,7
4714,22,2020-04-22,2,0,0,3
4715,22,2020-04-23,6,0,0,10
4716,22,2020-04-24,2,0,0,3
4717,22,2020-04-25,4,0,0,6
4718,22,2020-04-26,0,0,0,1
4719,22,2020-04-27,2,0,0,0
4720,22,2020-04-28,1,0,0,3
4721,22,2020-04-29,1,0,1,3
4722,22,2020-04-30,4,0,0,2
4723,22,2020-05-01,2,0,0,5
4724,22,2020-05-02,9,0,1,1
4725,22,2020-05-03,0,0,0,0
4726,22,2020-05-04,4,0,0,4
4727,22,2020-05-05,3,0,0,3
4728,22,2020-05-06,4,0,0,4
4729,22,2020-05-07,1,1,1,0
4730,22,2020-05-08,2,0,1,2
4731,22,2020-05-09,3,1,0,0
4732,22,2020-05-10,0,0,1,0
4733,22,2020-05-11,3,1,0,1
4734,22,2020-05-12,2,0,0,2
4735,22,2020-05-13,1,0,1,2
4736,22,2020-05-14,3,1,0,2
4737,22,2020-05-15,2,0,0,3
4738,22,2020-05-16,2,2,0,1
4739,22,2020-05-17,0,0,1,1
4740,22,2020-05-18,1,0,0,3
4741,22,2020-05-19,2,0,0,1
4742,22,2020-05-20,1,0,0,3
4743,22,2020-05-21,2,0,0,3
4744,22,2020-05-22,1,0,0,3
4745,22,2020-05-23,3,1,0,4
4746,22,2020-05-24,0,1,0,0
4747,22,2020-05-25,0,0,0,0
4748,22,2020-05-26,1,0,0,2
4749,22,2020-05-27,1,0,1,0
4750,22,2020-05-28,0,0,0,1
4751,22,2020-05-29,2,1,0,2
4752,22,2020-05-30,0,0,0,2
4753,22,2020-05-31,0,0,0,0
4754,22,2020-06-01,0,0,1,1
4755,22,2020-06-02,0,0,1,1
4756,22,2020-06-03,0,0,0,2
4757,22,2020-06-04,0,0,1,0
4758,22,2020-06-05,2,0,1,2
4759,22,2020-06-06,0,0,0,1
4760,22,2020-06-07,0,0,0,0
4761,22,2020-06-08,2,1,0,1
4762,22,2020-06-09,0,0,0,1
4763,22,2020-06-10,1,0,0,0
4764,22,2020-06-11,1,1,0,3
4765,22,2020-06-12,0,0,0,0
4766,22,2020-06-13,0,0,0,1
4767,22,2020-06-14,0,0,1,1
4768,22,2020-06-15,0,0,0,1
4769,22,2020-06-16,0,0,0,0
4770,22,2020-06-17,0,0,0,0
4771,22,2020-06-18,0,0,0,1
4772,22,2020-06-19,0,0,0,3
4773,22,2020-06-20,0,0,0,0
4774,22,2020-06-21,0,0,0,0
4775,22,2020-06-22,1,0,0,0
4776,22,2020-06-23,0,0,0,3
4777,22,2020-06-24,0,0,1,0
4778,22,2020-06-25,0,0,0,1
4779,22,2020-06-26,0,0,0,2
4780,22,2020-06-27,1,0,0,0
4781,22,2020-06-28,0,0,0,0
4782,22,2020-06-29,0,0,0,0
4783,22,2020-06-30,1,0,0,0
4784,22,2020-07-01,0,0,0,1
4785,22,2020-07-02,1,0,1,3
4786,22,2020-07-03,0,0,0,1
4787,22,2020-07-04,0,0,0,0
4788,22,2020-07-05,0,0,0,0
4789,22,2020-07-06,0,0,0,0
4790,22,2020-07-07,0,0,0,0
4791,22,2020-07-08,0,0,0,0
4792,22,2020-07-09,0,0,0,2
4793,22,2020-07-10,0,0,0,2
4794,22,2020-07-11,0,0,0,0
4795,22,2020-07-12,0,0,0,0
4796,22,2020-07-13,0,0,0,0
4797,22,2020-07-14,0,0,0,0
4798,22,2020-07-15,1,0,0,0
4799,22,2020-07-16,1,0,0,1
4800,22,2020-07-17,1,0,0,0
4801,22,2020-07-18,0,0,0,1
4802,22,2020-07-19,0,0,0,0
4803,22,2020-07-20,1,0,0,0
4804,22,2020-07-21,2,0,0,1
4805,22,2020-07-22,1,0,0,0
4806,22,2020-07-23,1,0,0,0
4807,22,2020-07-24,0,0,0,0
4808,22,2020-07-25,0,0,0,0
4809,22,2020-07-26,0,0,0,0
4810,22,2020-07-27,1,0,0,2
4811,22,2020-07-28,0,0,0,2
4812,22,2020-07-29,0,0,1,0
4813,22,2020-07-30,0,0,0,1
4814,22,2020-07-31,0,0,0,1
4815,22,2020-08-01,0,0,0,0
4816,22,2020-08-02,0,0,0,0
4817,22,2020-08-03,0,0,0,1
4818,22,2020-08-04,0,0,0,0
4819,22,2020-08-05,0,0,0,0
4820,22,2020-08-06,0,0,0,0
4821,22,2020-08-07,0,0,0,0
4822,22,2020-08-08,1,0,0,1
4823,22,2020-08-09,0,0,0,0
4824,22,2020-08-10,1,0,0,0
4825,22,2020-08-11,1,0,0,0
4826,22,2020-08-12,3,0,0,0
4827,22,2020-08-13,0,0,0,0
4828,22,2020-08-14,0,0,0,1
4829,22,2020-08-15,0,0,0,0
4830,22,2020-08-16,0,0,0,0
4831,22,2020-08-17,0,0,0,0
4832,22,2020-08-18,0,0,0,1
4833,22,2020-08-19,0,0,0,0
4834,22,2020-08-20,0,0,0,0
4835,22,2020-08-21,0,0,0,0
4836,22,2020-08-22,2,0,1,0
4837,22,2020-08-23,0,0,0,0
4838,22,2020-08-24,1,0,0,1
4839,22,2020-08-25,0,0,0,0
4840,22,2020-08-26,0,0,0,0
4841,22,2020-08-27,1,0,0,1
4842,22,2020-08-28,0,0,0,1
4843,22,2020-08-29,1,0,0,0
4844,22,2020-08-30,0,0,0,0
4845,22,2020-08-31,0,0,0,0
4846,22,2020-09-01,0,0,0,0
4847,22,2020-09-02,1,0,0,0
4848,22,2020-09-03,0,0,0,4
4849,22,2020-09-04,3,0,0,2
4850,22,2020-09-05,1,0,0,1
4851,22,2020-09-06,0,0,0,0
4852,22,2020-09-07,0,0,0,0
4853,22,2020-09-08,0,0,0,0
4854,22,2020-09-09,0,0,0,0
4855,22,2020-09-10,0,0,0,0
4856,22,2020-09-11,2,0,0,0
4857,22,2020-09-12,0,0,0,0
4858,22,2020-09-13,0,0,0,0
4859,22,2020-09-14,2,0,0,0
4860,22,2020-09-15,0,0,0,0
4861,22,2020-09-16,1,0,0,0
4862,22,2020-09-17,1,0,0,2
4863,22,2020-09-18,2,0,1,2
4864,22,2020-09-19,2,0,0,0
4865,22,2020-09-20,1,0,0,0
4866,22,2020-09-21,2,0,0,1
4867,22,2020-09-22,3,2,0,1
4868,22,2020-09-23,0,1,1,1
4869,22,2020-09-24,3,0,0,0
4870,22,2020-09-25,2,0,0,0
4871,22,2020-09-26,0,0,0,2
4872,22,2020-09-27,2,1,0,0
4873,22,2020-09-28,1,1,0,0
4874,22,2020-09-29,2,1,0,0
4875,22,2020-09-30,0,0,0,0
4876,22,2020-10-01,1,0,0,4
4877,22,2020-10-02,0,0,0,1
4878,22,2020-10-03,2,1,0,0
4879,22,2020-10-04,1,0,0,1
4880,22,2020-10-05,1,1,0,2
4881,22,2020-10-06,0,0,1,0
4882,22,2020-10-07,2,1,0,0
4883,22,2020-10-08,0,0,0,2
4884,22,2020-10-09,4,0,0,2
4885,22,2020-10-10,0,0,0,1
4886,22,2020-10-11,0,0,0,0
4887,22,2020-10-12,3,0,0,1
4888,22,2020-10-13,2,0,0,0
4889,22,2020-10-14,2,0,0,2
4890,22,2020-10-15,2,0,0,0
4891,22,2020-10-16,0,0,0,1
4892,22,2020-10-17,3,0,0,3
4893,22,2020-10-18,8,0,0,0
4894,22,2020-10-19,7,0,0,5
4895,22,2020-10-20,0,0,0,1
4896,22,2020-10-21,1,1,1,2
4897,22,2020-10-22,4,0,1,0
4898,22,2020-10-23,5,0,1,2
4899,22,2020-10-24,9,0,0,3
4900,22,2020-10-25,2,1,1,0
4901,22,2020-10-26,4,1,0,0
4902,22,2020-10-27,7,3,0,5
4903,22,2020-10-28,4,2,0,3
4904,22,2020-10-29,1,0,0,4
4905,22,2020-10-30,9,5,1,3
4906,22,2020-10-31,11,0,1,1
4907,22,2020-11-01,5,0,2,0
4908,22,2020-11-02,6,0,1,3
4909,22,2020-11-03,9,0,0,3
4910,22,2020-11-04,16,1,1,10
4911,22,2020-11-05,6,0,1,3
4912,22,2020-11-06,11,1,1,8
4913,22,2020-11-07,12,3,1,7
4914,23,2020-03-19,0,0,0,0
4915,23,2020-03-20,0,0,0,0
4916,23,2020-03-21,1,0,0,0
4917,23,2020-03-22,1,0,0,0
4918,23,2020-03-23,3,0,0,0
4919,23,2020-03-24,0,0,0,0
4920,23,2020-03-25,3,2,0,0
4921,23,2020-03-26,2,2,0,0
4922,23,2020-03-27,5,2,0,0
4923,23,2020-03-28,0,2,0,0
4924,23,2020-03-29,0,0,0,0
4925,23,2020-03-30,2,3,0,0
4926,23,2020-03-31,3,0,0,1
4927,23,2020-04-01,2,0,0,0
4928,23,2020-04-02,2,2,0,1
4929,23,2020-04-03,0,0,0,0
4930,23,2020-04-04,3,0,1,1
4931,23,2020-04-05,0,0,0,0
4932,23,2020-04-06,2,0,2,1
4933,23,2020-04-07,5,3,0,1
4934,23,2020-04-08,16,2,1,0
4935,23,2020-04-09,2,0,0,1
4936,23,2020-04-10,0,0,0,5
4937,23,2020-04-11,2,2,0,0
4938,23,2020-04-12,3,2,0,0
4939,23,2020-04-13,1,0,0,0
4940,23,2020-04-14,1,1,0,2
4941,23,2020-04-15,0,0,0,3
4942,23,2020-04-16,0,0,0,0
4943,23,2020-04-17,0,0,0,0
4944,23,2020-04-18,2,0,1,0
4945,23,2020-04-19,0,0,0,0
4946,23,2020-04-20,0,0,0,0
4947,23,2020-04-21,1,0,0,2
4948,23,2020-04-22,0,0,0,2
4949,23,2020-04-23,0,0,0,0
4950,23,2020-04-24,2,1,0,4
4951,23,2020-04-25,0,0,0,0
4952,23,2020-04-26,3,0,0,0
4953,23,2020-04-27,0,0,0,0
4954,23,2020-04-28,2,0,0,0
4955,23,2020-04-29,3,0,0,2
4956,23,2020-04-30,2,0,0,12
4957,23,2020-05-01,0,1,0,2
4958,23,2020-05-02,0,0,0,0
4959,23,2020-05-03,2,0,0,1
4960,23,2020-05-04,0,0,0,4
4961,23,2020-05-05,1,1,0,1
4962,23,2020-05-06,0,0,0,1
4963,23,2020-05-07,1,0,0,0
4964,23,2020-05-08,1,0,0,0
4965,23,2020-05-09,3,0,0,0
4966,23,2020-05-10,2,0,0,0
4967,23,2020-05-11,1,0,0,0
4968,23,2020-05-12,2,0,0,2
4969,23,2020-05-13,2,1,0,0
4970,23,2020-05-14,1,0,0,1
4971,23,2020-05-15,0,0,1,0
4972,23,2020-05-16,0,0,0,1
4973,23,2020-05-17,0,0,0,0
4974,23,2020-05-18,1,1,0,0
4975,23,2020-05-19,5,0,0,2
4976,23,2020-05-20,1,0,2,0
4977,23,2020-05-21,0,0,0,1
4978,23,2020-05-22,2,1,0,0
4979,23,2020-05-23,2,2,0,2
4980,23,2020-05-24,1,1,0,0
4981,23,2020-05-25,1,1,1,3
4982,23,2020-05-26,1,0,0,1
4983,23,2020-05-27,3,0,1,0
4984,23,2020-05-28,1,1,1,0
4985,23,2020-05-29,1,0,0,2
4986,23,2020-05-30,0,0,0,0
4987,23,2020-05-31,0,0,0,0
4988,23,2020-06-01,0,0,0,0
4989,23,2020-06-02,0,0,0,0
4990,23,2020-06-03,1,0,1,1
4991,23,2020-06-04,0,0,0,1
4992,23,2020-06-05,0,0,0,2
4993,23,2020-06-06,1,0,1,0
4994,23,2020-06-07,0,0,0,0
4995,23,2020-06-08,0,0,0,2
4996,23,2020-06-09,0,0,0,1
4997,23,2020-06-10,0,0,0,4
4998,23,2020-06-11,0,0,0,1
4999,23,2020-06-12,0,0,0,1
5000,23,2020-06-13,0,0,0,0
5001,23,2020-06-14,0,0,0,0
5002,23,2020-06-15,0,0,1,0
5003,23,2020-06-16,0,0,0,0
5004,23,2020-06-17,0,0,0,0
5005,23,2020-06-18,0,0,0,0
5006,23,2020-06-19,0,0,0,0
5007,23,2020-06-20,0,0,0,0
5008,23,2020-06-21,0,0,0,0
5009,23,2020-06-22,0,0,0,3
5010,23,2020-06-23,0,0,0,0
5011,23,2020-06-24,0,0,0,0
5012,23,2020-06-25,0,0,0,0
5013,23,2020-06-26,0,0,0,0
5014,23,2020-06-27,0,0,0,0
5015,23,2020-06-28,0,0,0,0
5016,23,2020-06-29,0,0,0,0
5017,23,2020-06-30,0,0,0,1
5018,23,2020-07-01,0,0,0,0
5019,23,2020-07-02,0,0,0,0
5020,23,2020-07-03,0,0,0,0
5021,23,2020-07-04,0,0,0,0
5022,23,2020-07-05,0,0,0,0
5023,23,2020-07-06,0,0,0,0
5024,23,2020-07-07,0,0,0,0
5025,23,2020-07-08,0,0,0,0
5026,23,2020-07-09,0,0,0,0
5027,23,2020-07-10,0,0,0,0
5028,23,2020-07-11,0,0,0,0
5029,23,2020-07-12,0,0,0,0
5030,23,2020-07-13,0,0,0,0
5031,23,2020-07-14,0,0,0,0
5032,23,2020-07-15,2,2,0,0
5033,23,2020-07-16,1,0,1,3
5034,23,2020-07-17,0,0,0,0
5035,23,2020-07-18,0,0,0,0
5036,23,2020-07-19,0,0,0,0
5037,23,2020-07-20,1,0,0,0
5038,23,2020-07-21,0,0,0,0
5039,23,2020-07-22,0,0,0,0
5040,23,2020-07-23,0,0,0,0
5041,23,2020-07-24,0,0,0,0
5042,23,2020-07-25,0,0,0,1
5043,23,2020-07-26,0,0,0,0
5044,23,2020-07-27,1,0,0,1
5045,23,2020-07-28,0,0,0,0
5046,23,2020-07-29,0,0,0,1
5047,23,2020-07-30,0,0,0,0
5048,23,2020-07-31,0,0,0,0
5049,23,2020-08-01,0,0,0,0
5050,23,2020-08-02,0,0,0,0
5051,23,2020-08-03,0,0,0,0
5052,23,2020-08-04,0,0,0,0
5053,23,2020-08-05,0,0,0,0
5054,23,2020-08-06,0,0,0,0
5055,23,2020-08-07,0,0,0,0
5056,23,2020-08-08,0,0,0,0
5057,23,2020-08-09,0,0,0,0
5058,23,2020-08-10,1,0,0,0
5059,23,2020-08-11,1,0,0,2
5060,23,2020-08-12,0,0,0,0
5061,23,2020-08-13,1,1,0,0
5062,23,2020-08-14,0,0,0,0
5063,23,2020-08-15,0,0,0,0
5064,23,2020-08-16,0,0,0,0
5065,23,2020-08-17,2,1,1,0
5066,23,2020-08-18,0,0,0,0
5067,23,2020-08-19,0,0,0,1
5068,23,2020-08-20,0,0,0,0
5069,23,2020-08-21,0,0,0,0
5070,23,2020-08-22,0,0,0,0
5071,23,2020-08-23,0,0,0,0
5072,23,2020-08-24,0,0,0,0
5073,23,2020-08-25,0,0,0,1
5074,23,2020-08-26,0,0,0,0
5075,23,2020-08-27,0,0,0,0
5076,23,2020-08-28,0,0,0,0
5077,23,2020-08-29,0,0,0,0
5078,23,2020-08-30,0,0,0,0
5079,23,2020-08-31,0,0,0,1
5080,23,2020-09-01,0,0,0,0
5081,23,2020-09-02,0,0,0,0
5082,23,2020-09-03,0,0,0,0
5083,23,2020-09-04,0,0,0,0
5084,23,2020-09-05,0,0,0,0
5085,23,2020-09-06,0,0,0,0
5086,23,2020-09-07,0,0,0,0
5087,23,2020-09-08,2,0,0,0
5088,23,2020-09-09,0,0,0,0
5089,23,2020-09-10,0,0,0,0
5090,23,2020-09-11,0,0,0,0
5091,23,2020-09-12,0,0,0,0
5092,23,2020-09-13,1,0,0,0
5093,23,2020-09-14,1,0,0,0
5094,23,2020-09-15,0,0,0,2
5095,23,2020-09-16,0,0,0,0
5096,23,2020-09-17,0,0,0,0
5097,23,2020-09-18,0,0,0,0
5098,23,2020-09-19,0,0,0,0
5099,23,2020-09-20,0,0,0,0
5100,23,2020-09-21,2,1,1,0
5101,23,2020-09-22,2,2,0,0
5102,23,2020-09-23,0,0,0,0
5103,23,2020-09-24,0,0,0,0
5104,23,2020-09-25,0,0,0,0
5105,23,2020-09-26,0,0,0,0
5106,23,2020-09-27,0,0,0,0
5107,23,2020-09-28,0,0,0,0
5108,23,2020-09-29,2,0,0,0
5109,23,2020-09-30,1,1,0,0
5110,23,2020-10-01,0,0,0,1
5111,23,2020-10-02,0,0,0,0
5112,23,2020-10-03,0,0,0,0
5113,23,2020-10-04,2,0,0,0
5114,23,2020-10-05,0,1,0,0
5115,23,2020-10-06,2,2,0,2
5116,23,2020-10-07,1,0,0,0
5117,23,2020-10-08,0,0,0,1
5118,23,2020-10-09,0,0,0,1
5119,23,2020-10-10,1,0,0,0
5120,23,2020-10-11,0,0,0,0
5121,23,2020-10-12,0,0,0,0
5122,23,2020-10-13,1,0,0,0
5123,23,2020-10-14,0,0,0,1
5124,23,2020-10-15,2,1,0,0
5125,23,2020-10-16,2,2,0,0
5126,23,2020-10-17,6,0,1,0
5127,23,2020-10-18,0,0,0,0
5128,23,2020-10-19,3,1,0,0
5129,23,2020-10-20,3,1,0,1
5130,23,2020-10-21,2,1,2,0
5131,23,2020-10-22,3,0,0,0
5132,23,2020-10-23,1,1,0,1
5133,23,2020-10-24,5,1,0,1
5134,23,2020-10-25,1,0,0,0
5135,23,2020-10-26,3,0,0,0
5136,23,2020-10-27,6,2,2,1
5137,23,2020-10-28,6,1,0,0
5138,23,2020-10-29,5,3,0,3
5139,23,2020-10-30,3,2,0,1
5140,23,2020-10-31,5,0,0,4
5141,23,2020-11-01,2,0,0,1
5142,23,2020-11-02,0,0,0,2
5143,23,2020-11-03,11,6,1,12
5144,23,2020-11-04,17,1,0,5
5145,23,2020-11-05,16,3,1,6
5146,23,2020-11-06,2,1,2,3
5147,23,2020-11-07,10,0,1,1
5148,24,2020-03-19,1,1,0,0
5149,24,2020-03-20,1,1,0,1
5150,24,2020-03-21,1,0,0,0
5151,24,2020-03-22,2,0,0,0
5152,24,2020-03-23,23,0,0,9
5153,24,2020-03-24,9,1,0,4
5154,24,2020-03-25,6,1,0,0
5155,24,2020-03-26,6,0,0,1
5156,24,2020-03-27,9,1,0,0
5157,24,2020-03-28,0,0,0,2
5158,24,2020-03-29,0,0,0,0
5159,24,2020-03-30,1,0,0,0
5160,24,2020-03-31,1,0,1,1
5161,24,2020-04-01,6,1,0,2
5162,24,2020-04-02,4,0,0,3
5163,24,2020-04-03,5,1,0,0
5164,24,2020-04-04,8,2,0,2
5165,24,2020-04-05,2,0,0,1
5166,24,2020-04-06,3,0,0,1
5167,24,2020-04-07,4,0,0,5
5168,24,2020-04-08,2,0,0,3
5169,24,2020-04-09,2,0,0,3
5170,24,2020-04-10,6,0,0,2
5171,24,2020-04-11,2,0,0,5
5172,24,2020-04-12,2,1,0,0
5173,24,2020-04-13,5,2,0,0
5174,24,2020-04-14,3,0,2,2
5175,24,2020-04-15,7,0,1,1
5176,24,2020-04-16,4,0,0,1
5177,24,2020-04-17,22,1,1,3
5178,24,2020-04-18,1,0,0,0
5179,24,2020-04-19,1,1,1,1
5180,24,2020-04-20,7,0,0,0
5181,24,2020-04-21,2,0,0,0
5182,24,2020-04-22,0,0,0,2
5183,24,2020-04-23,0,0,3,6
5184,24,2020-04-24,0,0,0,9
5185,24,2020-04-25,0,0,0,4
5186,24,2020-04-26,2,0,0,0
5187,24,2020-04-27,1,0,0,0
5188,24,2020-04-28,0,0,0,3
5189,24,2020-04-29,2,0,0,5
5190,24,2020-04-30,0,0,0,3
5191,24,2020-05-01,0,0,0,0
5192,24,2020-05-02,0,0,0,0
5193,24,2020-05-03,0,0,0,0
5194,24,2020-05-04,1,0,0,0
5195,24,2020-05-05,2,0,0,3
5196,24,2020-05-06,2,0,0,1
5197,24,2020-05-07,1,0,0,0
5198,24,2020-05-08,0,0,1,0
5199,24,2020-05-09,0,0,0,0
5200,24,2020-05-10,0,0,1,0
5201,24,2020-05-11,0,0,0,1
5202,24,2020-05-12,1,0,0,2
5203,24,2020-05-13,1,0,0,0
5204,24,2020-05-14,1,0,0,2
5205,24,2020-05-15,0,0,0,3
5206,24,2020-05-16,0,0,0,1
5207,24,2020-05-17,0,0,0,0
5208,24,2020-05-18,1,0,1,0
5209,24,2020-05-19,0,0,0,0
5210,24,2020-05-20,0,0,0,2
5211,24,2020-05-21,0,0,0,0
5212,24,2020-05-22,0,0,0,1
5213,24,2020-05-23,0,0,0,0
5214,24,2020-05-24,0,0,0,0
5215,24,2020-05-25,1,0,0,0
5216,24,2020-05-26,2,0,0,0
5217,24,2020-05-27,1,0,0,2
5218,24,2020-05-28,0,0,1,2
5219,24,2020-05-29,1,0,0,1
5220,24,2020-05-30,0,0,0,1
5221,24,2020-05-31,0,0,0,0
5222,24,2020-06-01,0,0,0,0
5223,24,2020-06-02,0,0,0,2
5224,24,2020-06-03,0,0,0,0
5225,24,2020-06-04,0,0,0,1
5226,24,2020-06-05,0,0,0,0
5227,24,2020-06-06,0,0,0,0
5228,24,2020-06-07,0,0,0,0
5229,24,2020-06-08,0,0,0,0
5230,24,2020-06-09,2,0,0,0
5231,24,2020-06-10,0,0,0,0
5232,24,2020-06-11,0,0,0,0
5233,24,2020-06-12,0,0,0,1
5234,24,2020-06-13,0,0,0,0
5235,24,2020-06-14,0,0,0,0
5236,24,2020-06-15,0,0,0,0
5237,24,2020-06-16,0,0,0,0
5238,24,2020-06-17,0,0,0,1
5239,24,2020-06-18,0,0,0,0
5240,24,2020-06-19,0,0,0,0
5241,24,2020-06-20,1,0,0,0
5242,24,2020-06-21,0,0,0,0
5243,24,2020-06-22,0,0,0,0
5244,24,2020-06-23,0,0,0,0
5245,24,2020-06-24,0,0,0,0
5246,24,2020-06-25,0,0,0,0
5247,24,2020-06-26,0,0,0,0
5248,24,2020-06-27,0,0,1,10
5249,24,2020-06-28,0,0,0,0
5250,24,2020-06-29,0,0,0,0
5251,24,2020-06-30,0,0,0,0
5252,24,2020-07-01,0,0,0,0
5253,24,2020-07-02,0,0,0,0
5254,24,2020-07-03,0,0,0,0
5255,24,2020-07-04,0,0,0,0
5256,24,2020-07-05,0,0,0,0
5257,24,2020-07-06,0,0,0,0
5258,24,2020-07-07,0,0,0,0
5259,24,2020-07-08,1,0,0,1
5260,24,2020-07-09,0,0,0,0
5261,24,2020-07-10,0,0,0,0
5262,24,2020-07-11,0,0,0,0
5263,24,2020-07-12,0,0,0,0
5264,24,2020-07-13,0,0,0,0
5265,24,2020-07-14,0,0,0,0
5266,24,2020-07-15,0,0,0,0
5267,24,2020-07-16,0,0,0,0
5268,24,2020-07-17,0,0,0,0
5269,24,2020-07-18,0,0,0,0
5270,24,2020-07-19,0,0,0,0
5271,24,2020-07-20,0,0,0,0
5272,24,2020-07-21,0,0,0,0
5273,24,2020-07-22,0,0,0,0
5274,24,2020-07-23,0,0,0,0
5275,24,2020-07-24,0,0,0,0
5276,24,2020-07-25,0,0,0,0
5277,24,2020-07-26,0,0,0,0
5278,24,2020-07-27,0,0,0,0
5279,24,2020-07-28,0,0,0,0
5280,24,2020-07-29,0,0,0,0
5281,24,2020-07-30,0,0,0,0
5282,24,2020-07-31,0,0,0,0
5283,24,2020-08-01,0,0,0,0
5284,24,2020-08-02,0,0,0,0
5285,24,2020-08-03,0,0,0,0
5286,24,2020-08-04,0,0,0,0
5287,24,2020-08-05,0,0,0,0
5288,24,2020-08-06,0,0,0,0
5289,24,2020-08-07,0,0,0,0
5290,24,2020-08-08,0,0,0,0
5291,24,2020-08-09,0,0,0,0
5292,24,2020-08-10,0,0,0,0
5293,24,2020-08-11,0,0,0,0
5294,24,2020-08-12,0,0,0,0
5295,24,2020-08-13,0,0,0,0
5296,24,2020-08-14,0,0,0,0
5297,24,2020-08-15,0,0,0,0
5298,24,2020-08-16,0,0,0,0
5299,24,2020-08-17,0,0,0,0
5300,24,2020-08-18,0,0,0,0
5301,24,2020-08-19,0,0,0,0
5302,24,2020-08-20,0,0,0,0
5303,24,2020-08-21,0,0,0,0
5304,24,2020-08-22,0,0,0,0
5305,24,2020-08-23,0,0,0,0
5306,24,2020-08-24,0,0,0,0
5307,24,2020-08-25,0,0,0,0
5308,24,2020-08-26,0,0,0,0
5309,24,2020-08-27,0,0,0,0
5310,24,2020-08-28,2,0,0,0
5311,24,2020-08-29,0,0,0,0
5312,24,2020-08-30,0,0,0,0
5313,24,2020-08-31,1,0,0,0
5314,24,2020-09-01,1,1,0,0
5315,24,2020-09-02,0,0,0,1
5316,24,2020-09-03,0,0,0,0
5317,24,2020-09-04,0,0,0,0
5318,24,2020-09-05,0,0,0,0
5319,24,2020-09-06,0,0,0,0
5320,24,2020-09-07,0,0,0,0
5321,24,2020-09-08,0,0,0,0
5322,24,2020-09-09,0,0,0,0
5323,24,2020-09-10,0,0,0,0
5324,24,2020-09-11,1,0,0,1
5325,24,2020-09-12,0,0,0,0
5326,24,2020-09-13,0,0,0,0
5327,24,2020-09-14,0,0,0,0
5328,24,2020-09-15,1,0,0,1
5329,24,2020-09-16,0,1,0,0
5330,24,2020-09-17,0,0,0,0
5331,24,2020-09-18,1,0,0,0
5332,24,2020-09-19,5,1,0,0
5333,24,2020-09-20,0,0,0,0
5334,24,2020-09-21,4,0,0,0
5335,24,2020-09-22,1,0,0,2
5336,24,2020-09-23,2,0,0,0
5337,24,2020-09-24,2,2,0,1
5338,24,2020-09-25,0,0,0,0
5339,24,2020-09-26,0,0,0,1
5340,24,2020-09-27,0,0,0,3
5341,24,2020-09-28,2,0,0,0
5342,24,2020-09-29,2,0,0,2
5343,24,2020-09-30,0,1,0,0
5344,24,2020-10-01,0,0,0,0
5345,24,2020-10-02,1,0,0,0
5346,24,2020-10-03,2,1,0,1
5347,24,2020-10-04,2,0,0,0
5348,24,2020-10-05,0,0,0,0
5349,24,2020-10-06,0,0,0,0
5350,24,2020-10-07,0,0,0,0
5351,24,2020-10-08,0,0,0,3
5352,24,2020-10-09,2,0,0,2
5353,24,2020-10-10,1,0,0,0
5354,24,2020-10-11,0,0,0,0
5355,24,2020-10-12,4,1,0,2
5356,24,2020-10-13,1,0,0,0
5357,24,2020-10-14,2,0,0,1
5358,24,2020-10-15,1,0,0,0
5359,24,2020-10-16,0,0,0,1
5360,24,2020-10-17,2,0,0,1
5361,24,2020-10-18,0,0,0,0
5362,24,2020-10-19,3,0,0,1
5363,24,2020-10-20,0,0,0,0
5364,24,2020-10-21,2,0,0,1
5365,24,2020-10-22,4,0,0,0
5366,24,2020-10-23,7,0,0,1
5367,24,2020-10-24,8,0,0,0
5368,24,2020-10-25,2,0,0,0
5369,24,2020-10-26,4,1,1,7
5370,24,2020-10-27,5,2,0,1
5371,24,2020-10-28,5,0,1,2
5372,24,2020-10-29,9,2,1,3
5373,24,2020-10-30,6,1,1,1
5374,24,2020-10-31,2,2,0,0
5375,24,2020-11-01,1,0,0,0
5376,24,2020-11-02,16,5,0,0
5377,24,2020-11-03,7,1,2,7
5378,24,2020-11-04,7,2,1,3
5379,24,2020-11-05,5,1,1,4
5380,24,2020-11-06,6,1,0,2
5381,24,2020-11-07,7,0,0,2
5382,25,2020-03-19,12,11,2,5
5383,25,2020-03-20,12,1,1,0
5384,25,2020-03-21,13,6,2,7
5385,25,2020-03-22,24,1,3,4
5386,25,2020-03-23,1,0,1,2
5387,25,2020-03-24,24,5,1,5
5388,25,2020-03-25,17,2,1,15
5389,25,2020-03-26,17,4,6,8
5390,25,2020-03-27,27,8,3,8
5391,25,2020-03-28,5,1,1,14
5392,25,2020-03-29,68,14,3,12
5393,25,2020-03-30,15,1,1,5
5394,25,2020-03-31,32,8,8,18
5395,25,2020-04-01,26,7,0,10
5396,25,2020-04-02,39,9,1,13
5397,25,2020-04-03,20,14,8,21
5398,25,2020-04-04,22,7,3,17
5399,25,2020-04-05,21,2,3,10
5400,25,2020-04-06,7,3,2,7
5401,25,2020-04-07,24,10,7,9
5402,25,2020-04-08,21,3,1,20
5403,25,2020-04-09,15,5,1,15
5404,25,2020-04-10,11,1,5,15
5405,25,2020-04-11,13,2,3,14
5406,25,2020-04-12,47,2,4,16
5407,25,2020-04-13,5,1,0,5
5408,25,2020-04-14,39,0,8,9
5409,25,2020-04-15,6,0,1,13
5410,25,2020-04-16,7,5,4,12
5411,25,2020-04-17,8,1,3,14
5412,25,2020-04-18,3,1,5,22
5413,25,2020-04-19,5,1,1,6
5414,25,2020-04-20,5,1,1,1
5415,25,2020-04-21,14,2,4,8
5416,25,2020-04-22,11,3,0,10
5417,25,2020-04-23,7,1,7,19
5418,25,2020-04-24,10,2,0,11
5419,25,2020-04-25,5,0,6,5
5420,25,2020-04-26,11,3,1,2
5421,25,2020-04-27,4,0,2,2
5422,25,2020-04-28,6,3,1,5
5423,25,2020-04-29,3,1,0,15
5424,25,2020-04-30,6,2,2,11
5425,25,2020-05-01,0,1,0,5
5426,25,2020-05-02,8,3,0,5
5427,25,2020-05-03,0,0,0,1
5428,25,2020-05-04,4,1,3,2
5429,25,2020-05-05,28,1,7,32
5430,25,2020-05-06,8,0,4,8
5431,25,2020-05-07,2,0,2,7
5432,25,2020-05-08,5,1,0,17
5433,25,2020-05-09,3,2,0,5
5434,25,2020-05-10,1,0,0,0
5435,25,2020-05-11,11,0,3,4
5436,25,2020-05-12,6,2,1,2
5437,25,2020-05-13,2,0,0,3
5438,25,2020-05-14,1,0,1,10
5439,25,2020-05-15,0,0,0,2
5440,25,2020-05-16,1,1,1,7
5441,25,2020-05-17,0,0,0,0
5442,25,2020-05-18,2,0,4,11
5443,25,2020-05-19,2,0,2,5
5444,25,2020-05-20,1,0,0,5
5445,25,2020-05-21,0,0,0,3
5446,25,2020-05-22,0,0,2,1
5447,25,2020-05-23,1,1,0,5
5448,25,2020-05-24,0,0,0,0
5449,25,2020-05-25,0,0,0,2
5450,25,2020-05-26,0,0,0,12
5451,25,2020-05-27,9,1,1,27
5452,25,2020-05-28,2,1,1,5
5453,25,2020-05-29,0,0,0,0
5454,25,2020-05-30,0,0,0,4
5455,25,2020-05-31,0,0,0,0
5456,25,2020-06-01,0,0,0,0
5457,25,2020-06-02,3,0,0,4
5458,25,2020-06-03,0,0,0,2
5459,25,2020-06-04,0,0,0,0
5460,25,2020-06-05,0,0,0,0
5461,25,2020-06-06,0,0,0,0
5462,25,2020-06-07,0,0,0,0
5463,25,2020-06-08,1,0,0,1
5464,25,2020-06-09,0,0,1,0
5465,25,2020-06-10,0,0,0,1
5466,25,2020-06-11,0,0,0,1
5467,25,2020-06-12,1,0,0,1
5468,25,2020-06-13,0,0,0,1
5469,25,2020-06-14,0,0,0,0
5470,25,2020-06-15,0,0,0,0
5471,25,2020-06-16,1,0,0,0
5472,25,2020-06-17,0,0,0,1
5473,25,2020-06-18,0,0,0,0
5474,25,2020-06-19,0,0,0,0
5475,25,2020-06-20,0,0,0,0
5476,25,2020-06-21,0,0,0,0
5477,25,2020-06-22,0,0,1,0
5478,25,2020-06-23,0,0,0,2
5479,25,2020-06-24,0,0,1,0
5480,25,2020-06-25,0,0,0,0
5481,25,2020-06-26,0,0,0,0
5482,25,2020-06-27,0,0,0,0
5483,25,2020-06-28,0,0,0,0
5484,25,2020-06-29,0,0,0,1
5485,25,2020-06-30,0,0,0,1
5486,25,2020-07-01,0,0,0,0
5487,25,2020-07-02,0,0,0,0
5488,25,2020-07-03,0,0,0,6
5489,25,2020-07-04,0,0,0,0
5490,25,2020-07-05,0,0,0,0
5491,25,2020-07-06,0,0,0,0
5492,25,2020-07-07,2,0,0,0
5493,25,2020-07-08,0,0,0,0
5494,25,2020-07-09,0,0,0,0
5495,25,2020-07-10,0,0,0,1
5496,25,2020-07-11,0,0,0,0
5497,25,2020-07-12,0,0,0,0
5498,25,2020-07-13,0,0,0,0
5499,25,2020-07-14,0,0,0,0
5500,25,2020-07-15,0,0,0,0
5501,25,2020-07-16,0,0,0,6
5502,25,2020-07-17,0,0,0,0
5503,25,2020-07-18,0,0,0,0
5504,25,2020-07-19,0,0,0,0
5505,25,2020-07-20,0,0,0,0
5506,25,2020-07-21,0,0,0,0
5507,25,2020-07-22,0,0,0,1
5508,25,2020-07-23,0,0,0,1
5509,25,2020-07-24,0,0,0,2
5510,25,2020-07-25,0,0,0,0
5511,25,2020-07-26,0,0,0,0
5512,25,2020-07-27,0,0,0,0
5513,25,2020-07-28,0,0,0,0
5514,25,2020-07-29,0,0,0,0
5515,25,2020-07-30,1,0,0,0
5516,25,2020-07-31,0,0,0,0
5517,25,2020-08-01,0,0,0,0
5518,25,2020-08-02,0,0,0,0
5519,25,2020-08-03,0,0,0,1
5520,25,2020-08-04,0,0,0,0
5521,25,2020-08-05,0,0,0,0
5522,25,2020-08-06,0,0,0,0
5523,25,2020-08-07,0,0,0,0
5524,25,2020-08-08,0,0,0,0
5525,25,2020-08-09,0,0,0,0
5526,25,2020-08-10,0,0,0,0
5527,25,2020-08-11,0,0,0,0
5528,25,2020-08-12,0,0,0,0
5529,25,2020-08-13,0,0,0,0
5530,25,2020-08-14,0,0,0,0
5531,25,2020-08-15,1,0,0,0
5532,25,2020-08-16,0,0,0,0
5533,25,2020-08-17,1,0,0,0
5534,25,2020-08-18,0,0,0,0
5535,25,2020-08-19,0,0,0,0
5536,25,2020-08-20,0,0,0,2
5537,25,2020-08-21,0,0,0,0
5538,25,2020-08-22,0,1,0,0
5539,25,2020-08-23,0,0,0,0
5540,25,2020-08-24,2,0,1,0
5541,25,2020-08-25,0,0,0,0
5542,25,2020-08-26,0,0,0,0
5543,25,2020-08-27,1,0,0,0
5544,25,2020-08-28,0,0,0,0
5545,25,2020-08-29,0,0,0,0
5546,25,2020-08-30,0,0,0,0
5547,25,2020-08-31,0,0,0,0
5548,25,2020-09-01,0,0,0,0
5549,25,2020-09-02,1,0,0,2
5550,25,2020-09-03,0,0,0,0
5551,25,2020-09-04,1,0,0,0
5552,25,2020-09-05,0,0,0,0
5553,25,2020-09-06,0,0,0,0
5554,25,2020-09-07,0,1,0,0
5555,25,2020-09-08,1,0,0,0
5556,25,2020-09-09,2,0,1,0
5557,25,2020-09-10,1,0,0,0
5558,25,2020-09-11,0,0,0,1
5559,25,2020-09-12,0,0,0,0
5560,25,2020-09-13,0,0,0,0
5561,25,2020-09-14,1,0,0,1
5562,25,2020-09-15,1,0,0,1
5563,25,2020-09-16,2,0,0,2
5564,25,2020-09-17,1,0,1,0
5565,25,2020-09-18,2,0,0,1
5566,25,2020-09-19,0,0,0,0
5567,25,2020-09-20,0,0,0,0
5568,25,2020-09-21,2,0,0,2
5569,25,2020-09-22,1,1,0,1
5570,25,2020-09-23,0,0,0,0
5571,25,2020-09-24,1,1,0,0
5572,25,2020-09-25,5,0,0,4
5573,25,2020-09-26,2,2,0,0
5574,25,2020-09-27,0,0,0,0
5575,25,2020-09-28,1,1,0,5
5576,25,2020-09-29,2,0,0,1
5577,25,2020-09-30,0,0,0,0
5578,25,2020-10-01,2,1,0,0
5579,25,2020-10-02,0,0,0,1
5580,25,2020-10-03,1,0,0,0
5581,25,2020-10-04,0,0,0,0
5582,25,2020-10-05,1,0,0,3
5583,25,2020-10-06,2,0,0,0
5584,25,2020-10-07,3,1,0,1
5585,25,2020-10-08,2,0,0,0
5586,25,2020-10-09,1,1,0,0
5587,25,2020-10-10,0,0,0,0
5588,25,2020-10-11,1,0,0,1
5589,25,2020-10-12,4,0,0,3
5590,25,2020-10-13,0,0,0,1
5591,25,2020-10-14,3,0,0,1
5592,25,2020-10-15,6,1,0,0
5593,25,2020-10-16,1,0,0,1
5594,25,2020-10-17,0,0,0,2
5595,25,2020-10-18,4,2,1,0
5596,25,2020-10-19,5,0,0,3
5597,25,2020-10-20,6,0,0,1
5598,25,2020-10-21,1,1,1,2
5599,25,2020-10-22,7,0,1,4
5600,25,2020-10-23,13,2,2,3
5601,25,2020-10-24,1,0,0,2
5602,25,2020-10-25,6,4,0,0
5603,25,2020-10-26,17,4,2,5
5604,25,2020-10-27,16,2,1,8
5605,25,2020-10-28,14,1,2,2
5606,25,2020-10-29,8,4,0,5
5607,25,2020-10-30,15,3,1,3
5608,25,2020-10-31,6,0,1,2
5609,25,2020-11-01,22,7,0,3
5610,25,2020-11-02,18,3,0,3
5611,25,2020-11-03,24,3,4,8
5612,25,2020-11-04,11,2,2,5
5613,25,2020-11-05,11,2,1,10
5614,25,2020-11-06,13,6,3,19
5615,25,2020-11-07,2,1,1,5
5616,26,2020-03-19,15,5,1,2
5617,26,2020-03-20,3,2,1,0
5618,26,2020-03-21,11,3,2,1
5619,26,2020-03-22,5,2,1,1
5620,26,2020-03-23,12,4,2,1
5621,26,2020-03-24,20,5,2,5
5622,26,2020-03-25,32,6,5,3
5623,26,2020-03-26,44,9,5,13
5624,26,2020-03-27,30,8,3,13
5625,26,2020-03-28,33,9,0,2
5626,26,2020-03-29,18,6,1,0
5627,26,2020-03-30,50,11,10,12
5628,26,2020-03-31,27,6,7,12
5629,26,2020-04-01,40,6,1,13
5630,26,2020-04-02,11,1,5,16
5631,26,2020-04-03,46,4,8,14
5632,26,2020-04-04,23,4,3,14
5633,26,2020-04-05,7,0,2,6
5634,26,2020-04-06,25,6,6,8
5635,26,2020-04-07,22,5,1,26
5636,26,2020-04-08,19,1,5,10
5637,26,2020-04-09,14,1,2,14
5638,26,2020-04-10,9,2,2,11
5639,26,2020-04-11,20,4,4,12
5640,26,2020-04-12,13,1,2,3
5641,26,2020-04-13,7,0,1,6
5642,26,2020-04-14,10,4,5,10
5643,26,2020-04-15,13,3,4,21
5644,26,2020-04-16,14,4,3,14
5645,26,2020-04-17,8,1,5,17
5646,26,2020-04-18,8,1,3,14
5647,26,2020-04-19,5,0,1,3
5648,26,2020-04-20,3,0,4,0
5649,26,2020-04-21,11,2,3,18
5650,26,2020-04-22,4,0,0,33
5651,26,2020-04-23,3,0,2,7
5652,26,2020-04-24,7,1,2,10
5653,26,2020-04-25,7,1,0,7
5654,26,2020-04-26,5,1,0,0
5655,26,2020-04-27,5,2,1,5
5656,26,2020-04-28,4,0,1,12
5657,26,2020-04-29,2,0,4,10
5658,26,2020-04-30,3,0,3,12
5659,26,2020-05-01,1,0,0,5
5660,26,2020-05-02,1,0,0,1
5661,26,2020-05-03,0,0,0,1
5662,26,2020-05-04,2,1,1,0
5663,26,2020-05-05,4,0,1,9
5664,26,2020-05-06,7,1,2,3
5665,26,2020-05-07,5,0,1,13
5666,26,2020-05-08,3,0,2,7
5667,26,2020-05-09,0,0,0,0
5668,26,2020-05-10,1,0,1,0
5669,26,2020-05-11,0,0,0,0
5670,26,2020-05-12,0,0,0,4
5671,26,2020-05-13,0,0,0,4
5672,26,2020-05-14,9,0,0,6
5673,26,2020-05-15,0,0,0,5
5674,26,2020-05-16,2,0,1,1
5675,26,2020-05-17,0,0,0,0
5676,26,2020-05-18,0,0,0,5
5677,26,2020-05-19,1,0,0,1
5678,26,2020-05-20,1,0,0,5
5679,26,2020-05-21,2,1,0,3
5680,26,2020-05-22,0,0,0,1
5681,26,2020-05-23,0,0,0,3
5682,26,2020-05-24,0,0,0,0
5683,26,2020-05-25,1,0,0,1
5684,26,2020-05-26,1,1,0,1
5685,26,2020-05-27,0,0,0,1
5686,26,2020-05-28,1,0,0,1
5687,26,2020-05-29,0,0,0,3
5688,26,2020-05-30,1,0,1,3
5689,26,2020-05-31,0,0,0,0
5690,26,2020-06-01,0,0,0,0
5691,26,2020-06-02,0,0,0,1
5692,26,2020-06-03,0,0,0,0
5693,26,2020-06-04,0,0,0,2
5694,26,2020-06-05,0,0,0,1
5695,26,2020-06-06,0,0,0,2
5696,26,2020-06-07,0,0,0,0
5697,26,2020-06-08,0,1,0,4
5698,26,2020-06-09,0,0,0,0
5699,26,2020-06-10,1,0,0,0
5700,26,2020-06-11,0,0,0,2
5701,26,2020-06-12,0,0,0,1
5702,26,2020-06-13,0,0,0,0
5703,26,2020-06-14,0,0,0,0
5704,26,2020-06-15,0,0,0,1
5705,26,2020-06-16,2,0,0,0
5706,26,2020-06-17,0,0,0,1
5707,26,2020-06-18,0,0,0,4
5708,26,2020-06-19,0,0,0,0
5709,26,2020-06-20,0,0,0,8
5710,26,2020-06-21,0,0,0,0
5711,26,2020-06-22,0,0,0,0
5712,26,2020-06-23,0,0,0,0
5713,26,2020-06-24,3,1,0,0
5714,26,2020-06-25,0,0,0,0
5715,26,2020-06-26,4,0,0,3
5716,26,2020-06-27,1,0,0,1
5717,26,2020-06-28,0,0,0,0
5718,26,2020-06-29,0,0,0,1
5719,26,2020-06-30,0,0,0,0
5720,26,2020-07-01,0,0,0,0
5721,26,2020-07-02,0,0,0,0
5722,26,2020-07-03,0,0,0,0
5723,26,2020-07-04,0,0,0,0
5724,26,2020-07-05,0,0,0,0
5725,26,2020-07-06,0,0,0,0
5726,26,2020-07-07,0,0,0,0
5727,26,2020-07-08,0,0,0,0
5728,26,2020-07-09,0,0,0,4
5729,26,2020-07-10,2,1,0,0
5730,26,2020-07-11,0,0,0,0
5731,26,2020-07-12,0,0,0,0
5732,26,2020-07-13,0,0,0,0
5733,26,2020-07-14,0,0,0,0
5734,26,2020-07-15,3,0,0,1
5735,26,2020-07-16,0,0,0,0
5736,26,2020-07-17,0,0,0,3
5737,26,2020-07-18,0,0,0,0
5738,26,2020-07-19,0,0,0,0
5739,26,2020-07-20,0,0,0,0
5740,26,2020-07-21,0,0,0,1
5741,26,2020-07-22,0,0,0,0
5742,26,2020-07-23,0,0,0,2
5743,26,2020-07-24,1,0,0,3
5744,26,2020-07-25,0,0,0,1
5745,26,2020-07-26,0,0,0,0
5746,26,2020-07-27,0,0,0,1
5747,26,2020-07-28,0,0,0,0
5748,26,2020-07-29,1,1,0,3
5749,26,2020-07-30,0,0,0,10
5750,26,2020-07-31,0,0,0,1
5751,26,2020-08-01,0,0,0,0
5752,26,2020-08-02,0,0,0,0
5753,26,2020-08-03,0,0,0,0
5754,26,2020-08-04,0,0,0,0
5755,26,2020-08-05,3,0,0,2
5756,26,2020-08-06,0,0,0,0
5757,26,2020-08-07,0,0,0,1
5758,26,2020-08-08,0,0,0,0
5759,26,2020-08-09,0,0,0,0
5760,26,2020-08-10,0,0,0,0
5761,26,2020-08-11,0,0,0,0
5762,26,2020-08-12,0,0,0,0
5763,26,2020-08-13,1,0,0,1
5764,26,2020-08-14,0,0,0,0
5765,26,2020-08-15,0,0,0,0
5766,26,2020-08-16,0,0,0,0
5767,26,2020-08-17,0,0,0,0
5768,26,2020-08-18,1,0,0,1
5769,26,2020-08-19,0,0,0,0
5770,26,2020-08-20,1,0,0,1
5771,26,2020-08-21,0,0,0,0
5772,26,2020-08-22,0,0,0,0
5773,26,2020-08-23,0,0,0,0
5774,26,2020-08-24,0,0,0,0
5775,26,2020-08-25,1,0,0,1
5776,26,2020-08-26,0,0,0,0
5777,26,2020-08-27,0,0,0,0
5778,26,2020-08-28,1,0,0,0
5779,26,2020-08-29,0,0,0,0
5780,26,2020-08-30,0,0,0,0
5781,26,2020-08-31,0,0,0,1
5782,26,2020-09-01,0,0,0,0
5783,26,2020-09-02,2,0,0,2
5784,26,2020-09-03,1,0,0,1
5785,26,2020-09-04,2,0,0,2
5786,26,2020-09-05,0,0,0,0
5787,26,2020-09-06,0,0,0,0
5788,26,2020-09-07,0,0,0,0
5789,26,2020-09-08,2,0,0,1
5790,26,2020-09-09,2,1,1,1
5791,26,2020-09-10,2,0,0,0
5792,26,2020-09-11,3,0,0,2
5793,26,2020-09-12,0,0,0,1
5794,26,2020-09-13,0,0,0,0
5795,26,2020-09-14,3,2,1,0
5796,26,2020-09-15,0,0,0,0
5797,26,2020-09-16,0,0,0,0
5798,26,2020-09-17,3,0,0,1
5799,26,2020-09-18,3,1,0,0
5800,26,2020-09-19,2,1,0,2
5801,26,2020-09-20,0,0,0,0
5802,26,2020-09-21,1,1,0,0
5803,26,2020-09-22,4,1,0,0
5804,26,2020-09-23,2,0,0,2
5805,26,2020-09-24,4,1,0,3
5806,26,2020-09-25,0,0,0,2
5807,26,2020-09-26,2,1,0,0
5808,26,2020-09-27,1,0,1,1
5809,26,2020-09-28,7,2,0,1
5810,26,2020-09-29,5,1,0,1
5811,26,2020-09-30,0,0,0,2
5812,26,2020-10-01,8,0,0,3
5813,26,2020-10-02,9,2,0,3
5814,26,2020-10-03,0,0,0,5
5815,26,2020-10-04,2,1,0,2
5816,26,2020-10-05,3,1,1,0
5817,26,2020-10-06,4,2,0,1
5818,26,2020-10-07,4,0,0,1
5819,26,2020-10-08,1,0,0,4
5820,26,2020-10-09,8,1,1,0
5821,26,2020-10-10,5,0,1,3
5822,26,2020-10-11,4,1,1,0
5823,26,2020-10-12,11,3,0,6
5824,26,2020-10-13,4,0,0,4
5825,26,2020-10-14,8,0,0,3
5826,26,2020-10-15,7,2,3,4
5827,26,2020-10-16,19,1,1,3
5828,26,2020-10-17,13,0,1,2
5829,26,2020-10-18,5,1,0,0
5830,26,2020-10-19,19,3,0,9
5831,26,2020-10-20,18,2,4,6
5832,26,2020-10-21,36,3,5,13
5833,26,2020-10-22,16,3,1,8
5834,26,2020-10-23,43,2,6,11
5835,26,2020-10-24,13,2,4,9
5836,26,2020-10-25,6,1,2,2
5837,26,2020-10-26,31,5,4,6
5838,26,2020-10-27,24,6,2,10
5839,26,2020-10-28,29,0,2,10
5840,26,2020-10-29,31,5,0,8
5841,26,2020-10-30,28,1,4,7
5842,26,2020-10-31,16,0,0,8
5843,26,2020-11-01,10,1,1,3
5844,26,2020-11-02,45,6,4,11
5845,26,2020-11-03,36,5,7,31
5846,26,2020-11-04,54,4,8,19
5847,26,2020-11-05,47,2,5,12
5848,26,2020-11-06,32,4,3,16
5849,26,2020-11-07,37,6,5,18
5850,27,2020-03-19,1,0,1,0
5851,27,2020-03-20,2,0,0,0
5852,27,2020-03-21,3,2,0,0
5853,27,2020-03-22,5,1,0,0
5854,27,2020-03-23,3,0,0,0
5855,27,2020-03-24,1,0,0,0
5856,27,2020-03-25,6,1,0,0
5857,27,2020-03-26,12,2,1,0
5858,27,2020-03-27,1,0,0,0
5859,27,2020-03-28,1,0,0,1
5860,27,2020-03-29,0,0,0,0
5861,27,2020-03-30,7,3,2,2
5862,27,2020-03-31,19,3,5,10
5863,27,2020-04-01,12,0,0,6
5864,27,2020-04-02,12,2,2,0
5865,27,2020-04-03,12,1,1,3
5866,27,2020-04-04,6,0,1,0
5867,27,2020-04-05,0,0,1,0
5868,27,2020-04-06,5,1,2,1
5869,27,2020-04-07,11,2,7,4
5870,27,2020-04-08,11,1,6,14
5871,27,2020-04-09,24,0,3,4
5872,27,2020-04-10,25,3,2,3
5873,27,2020-04-11,8,0,0,0
5874,27,2020-04-12,3,0,0,2
5875,27,2020-04-13,0,0,2,0
5876,27,2020-04-14,3,0,6,2
5877,27,2020-04-15,2,0,2,4
5878,27,2020-04-16,14,0,4,8
5879,27,2020-04-17,13,0,1,5
5880,27,2020-04-18,6,0,2,1
5881,27,2020-04-19,0,0,0,0
5882,27,2020-04-20,4,0,6,6
5883,27,2020-04-21,14,0,2,1
5884,27,2020-04-22,1,0,1,1
5885,27,2020-04-23,15,6,3,4
5886,27,2020-04-24,3,0,0,1
5887,27,2020-04-25,1,0,0,1
5888,27,2020-04-26,1,0,0,0
5889,27,2020-04-27,3,0,2,4
5890,27,2020-04-28,0,0,0,2
5891,27,2020-04-29,4,0,0,0
5892,27,2020-04-30,7,0,1,7
5893,27,2020-05-01,3,0,0,0
5894,27,2020-05-02,0,0,0,0
5895,27,2020-05-03,1,0,0,0
5896,27,2020-05-04,9,1,5,11
5897,27,2020-05-05,8,1,0,3
5898,27,2020-05-06,2,0,0,1
5899,27,2020-05-07,1,0,0,2
5900,27,2020-05-08,0,0,0,7
5901,27,2020-05-09,0,0,0,0
5902,27,2020-05-10,0,0,0,0
5903,27,2020-05-11,10,0,1,1
5904,27,2020-05-12,1,0,0,3
5905,27,2020-05-13,0,0,0,0
5906,27,2020-05-14,8,0,3,11
5907,27,2020-05-15,0,0,0,1
5908,27,2020-05-16,0,0,0,11
5909,27,2020-05-17,0,0,0,0
5910,27,2020-05-18,2,0,0,2
5911,27,2020-05-19,0,0,0,1
5912,27,2020-05-20,1,0,0,6
5913,27,2020-05-21,0,0,0,1
5914,27,2020-05-22,0,0,0,0
5915,27,2020-05-23,0,0,0,1
5916,27,2020-05-24,0,0,0,0
5917,27,2020-05-25,0,0,3,2
5918,27,2020-05-26,7,0,1,5
5919,27,2020-05-27,0,0,0,4
5920,27,2020-05-28,1,0,0,6
5921,27,2020-05-29,3,0,0,2
5922,27,2020-05-30,0,0,0,0
5923,27,2020-05-31,0,0,0,0
5924,27,2020-06-01,0,0,0,0
5925,27,2020-06-02,0,0,0,1
5926,27,2020-06-03,0,0,0,8
5927,27,2020-06-04,0,0,0,0
5928,27,2020-06-05,2,0,1,1
5929,27,2020-06-06,0,0,0,0
5930,27,2020-06-07,0,0,0,0
5931,27,2020-06-08,1,0,1,1
5932,27,2020-06-09,0,0,0,6
5933,27,2020-06-10,0,0,0,0
5934,27,2020-06-11,0,0,0,0
5935,27,2020-06-12,0,0,0,0
5936,27,2020-06-13,0,0,0,3
5937,27,2020-06-14,0,0,0,0
5938,27,2020-06-15,0,0,0,0
5939,27,2020-06-16,1,0,0,0
5940,27,2020-06-17,1,0,1,1
5941,27,2020-06-18,1,0,0,12
5942,27,2020-06-19,0,0,0,0
5943,27,2020-06-20,2,0,0,0
5944,27,2020-06-21,0,0,0,0
5945,27,2020-06-22,1,0,0,0
5946,27,2020-06-23,0,0,0,0
5947,27,2020-06-24,1,0,0,4
5948,27,2020-06-25,4,0,1,1
5949,27,2020-06-26,1,0,0,3
5950,27,2020-06-27,0,0,0,1
5951,27,2020-06-28,0,0,0,0
5952,27,2020-06-29,0,0,0,0
5953,27,2020-06-30,8,0,1,9
5954,27,2020-07-01,1,0,1,7
5955,27,2020-07-02,0,0,0,0
5956,27,2020-07-03,1,0,0,3
5957,27,2020-07-04,0,0,0,2
5958,27,2020-07-05,0,0,0,0
5959,27,2020-07-06,0,0,0,0
5960,27,2020-07-07,0,0,0,0
5961,27,2020-07-08,0,0,0,0
5962,27,2020-07-09,2,0,0,0
5963,27,2020-07-10,0,0,0,0
5964,27,2020-07-11,0,0,0,1
5965,27,2020-07-12,0,0,0,0
5966,27,2020-07-13,0,0,0,1
5967,27,2020-07-14,0,0,0,0
5968,27,2020-07-15,1,0,0,0
5969,27,2020-07-16,0,0,0,0
5970,27,2020-07-17,0,0,0,0
5971,27,2020-07-18,0,0,0,0
5972,27,2020-07-19,0,0,0,0
5973,27,2020-07-20,1,0,0,0
5974,27,2020-07-21,1,0,0,3
5975,27,2020-07-22,0,0,0,0
5976,27,2020-07-23,4,0,0,0
5977,27,2020-07-24,0,0,0,0
5978,27,2020-07-25,0,0,0,0
5979,27,2020-07-26,0,0,0,0
5980,27,2020-07-27,0,0,0,0
5981,27,2020-07-28,0,0,0,0
5982,27,2020-07-29,0,0,0,1
5983,27,2020-07-30,1,0,0,2
5984,27,2020-07-31,0,0,0,1
5985,27,2020-08-01,0,0,0,0
5986,27,2020-08-02,0,0,0,0
5987,27,2020-08-03,0,0,1,1
5988,27,2020-08-04,0,0,0,0
5989,27,2020-08-05,0,0,0,0
5990,27,2020-08-06,3,0,0,0
5991,27,2020-08-07,0,0,0,0
5992,27,2020-08-08,0,0,0,0
5993,27,2020-08-09,0,0,0,0
5994,27,2020-08-10,0,0,0,2
5995,27,2020-08-11,1,0,0,1
5996,27,2020-08-12,0,0,0,2
5997,27,2020-08-13,0,0,0,10
5998,27,2020-08-14,0,0,0,7
5999,27,2020-08-15,0,0,0,0
6000,27,2020-08-16,0,0,0,0
6001,27,2020-08-17,0,0,0,0
6002,27,2020-08-18,1,0,0,0
6003,27,2020-08-19,0,0,0,1
6004,27,2020-08-20,0,0,0,0
6005,27,2020-08-21,0,0,0,0
6006,27,2020-08-22,0,0,0,0
6007,27,2020-08-23,0,0,0,0
6008,27,2020-08-24,0,0,0,0
6009,27,2020-08-25,0,0,0,1
6010,27,2020-08-26,0,0,0,0
6011,27,2020-08-27,0,0,0,0
6012,27,2020-08-28,1,0,0,0
6013,27,2020-08-29,1,0,0,0
6014,27,2020-08-30,0,0,0,0
6015,27,2020-08-31,0,0,0,0
6016,27,2020-09-01,0,0,0,0
6017,27,2020-09-02,0,1,0,0
6018,27,2020-09-03,0,0,0,0
6019,27,2020-09-04,1,0,0,0
6020,27,2020-09-05,0,0,0,1
6021,27,2020-09-06,0,0,0,0
6022,27,2020-09-07,0,0,0,0
6023,27,2020-09-08,1,0,1,0
6024,27,2020-09-09,2,0,0,1
6025,27,2020-09-10,0,0,0,0
6026,27,2020-09-11,8,0,0,0
6027,27,2020-09-12,0,0,0,0
6028,27,2020-09-13,0,0,0,0
6029,27,2020-09-14,0,0,0,0
6030,27,2020-09-15,5,0,1,0
6031,27,2020-09-16,3,0,0,0
6032,27,2020-09-17,3,0,1,4
6033,27,2020-09-18,8,2,0,1
6034,27,2020-09-19,1,0,0,1
6035,27,2020-09-20,1,0,0,0
6036,27,2020-09-21,0,0,0,0
6037,27,2020-09-22,11,3,0,5
6038,27,2020-09-23,2,0,0,0
6039,27,2020-09-24,9,2,0,2
6040,27,2020-09-25,1,0,2,4
6041,27,2020-09-26,8,1,0,1
6042,27,2020-09-27,0,0,0,0
6043,27,2020-09-28,3,1,1,4
6044,27,2020-09-29,5,0,0,0
6045,27,2020-09-30,14,6,1,7
6046,27,2020-10-01,2,0,0,2
6047,27,2020-10-02,6,0,1,10
6048,27,2020-10-03,0,0,0,0
6049,27,2020-10-04,3,0,1,0
6050,27,2020-10-05,6,3,1,4
6051,27,2020-10-06,6,3,2,4
6052,27,2020-10-07,1,0,0,0
6053,27,2020-10-08,13,4,0,8
6054,27,2020-10-09,8,0,1,4
6055,27,2020-10-10,5,2,0,1
6056,27,2020-10-11,2,2,1,0
6057,27,2020-10-12,4,1,0,7
6058,27,2020-10-13,6,1,0,2
6059,27,2020-10-14,9,2,2,1
6060,27,2020-10-15,9,1,0,2
6061,27,2020-10-16,4,1,0,4
6062,27,2020-10-17,9,0,0,0
6063,27,2020-10-18,6,2,0,1
6064,27,2020-10-19,9,0,2,10
6065,27,2020-10-20,6,1,1,5
6066,27,2020-10-21,7,1,1,4
6067,27,2020-10-22,18,1,1,12
6068,27,2020-10-23,14,0,3,1
6069,27,2020-10-24,3,1,0,3
6070,27,2020-10-25,5,0,0,4
6071,27,2020-10-26,15,4,0,4
6072,27,2020-10-27,16,3,5,2
6073,27,2020-10-28,5,0,2,7
6074,27,2020-10-29,28,0,2,7
6075,27,2020-10-30,10,1,2,7
6076,27,2020-10-31,13,1,0,2
6077,27,2020-11-01,11,1,1,2
6078,27,2020-11-02,8,0,3,10
6079,27,2020-11-03,13,1,1,5
6080,27,2020-11-04,19,3,4,12
6081,27,2020-11-05,14,1,1,10
6082,27,2020-11-06,18,3,3,2
6083,27,2020-11-07,2,0,0,2
6084,28,2020-03-19,6,1,0,0
6085,28,2020-03-20,1,0,0,0
6086,28,2020-03-21,4,0,0,2
6087,28,2020-03-22,2,0,0,0
6088,28,2020-03-23,20,8,1,0
6089,28,2020-03-24,9,2,1,1
6090,28,2020-03-25,15,7,1,3
6091,28,2020-03-26,18,4,4,4
6092,28,2020-03-27,13,6,2,3
6093,28,2020-03-28,7,0,0,2
6094,28,2020-03-29,29,4,1,2
6095,28,2020-03-30,25,2,6,6
6096,28,2020-03-31,16,2,0,5
6097,28,2020-04-01,8,3,0,6
6098,28,2020-04-02,47,4,2,20
6099,28,2020-04-03,19,0,3,11
6100,28,2020-04-04,31,3,3,13
6101,28,2020-04-05,16,3,1,3
6102,28,2020-04-06,13,2,4,17
6103,28,2020-04-07,17,0,2,8
6104,28,2020-04-08,31,3,5,20
6105,28,2020-04-09,23,0,1,8
6106,28,2020-04-10,27,1,3,13
6107,28,2020-04-11,7,1,1,4
6108,28,2020-04-12,19,0,0,1
6109,28,2020-04-13,17,0,1,0
6110,28,2020-04-14,24,2,5,14
6111,28,2020-04-15,23,0,9,10
6112,28,2020-04-16,33,1,2,36
6113,28,2020-04-17,29,3,4,13
6114,28,2020-04-18,8,0,0,9
6115,28,2020-04-19,7,0,1,3
6116,28,2020-04-20,3,1,3,11
6117,28,2020-04-21,10,0,4,11
6118,28,2020-04-22,14,0,5,8
6119,28,2020-04-23,17,2,3,16
6120,28,2020-04-24,3,0,1,1
6121,28,2020-04-25,0,0,0,5
6122,28,2020-04-26,7,0,3,9
6123,28,2020-04-27,10,0,2,11
6124,28,2020-04-28,2,1,0,11
6125,28,2020-04-29,10,0,2,4
6126,28,2020-04-30,9,0,2,12
6127,28,2020-05-01,5,1,3,2
6128,28,2020-05-02,7,1,1,3
6129,28,2020-05-03,0,0,3,1
6130,28,2020-05-04,4,0,1,2
6131,28,2020-05-05,17,3,3,8
6132,28,2020-05-06,4,0,2,15
6133,28,2020-05-07,9,0,1,6
6134,28,2020-05-08,2,0,2,4
6135,28,2020-05-09,2,0,0,3
6136,28,2020-05-10,1,0,0,1
6137,28,2020-05-11,1,0,1,11
6138,28,2020-05-12,3,1,3,9
6139,28,2020-05-13,2,1,0,2
6140,28,2020-05-14,1,0,0,7
6141,28,2020-05-15,5,1,3,5
6142,28,2020-05-16,2,0,1,5
6143,28,2020-05-17,2,0,0,0
6144,28,2020-05-18,0,0,1,4
6145,28,2020-05-19,2,0,0,1
6146,28,2020-05-20,7,0,3,5
6147,28,2020-05-21,1,0,0,2
6148,28,2020-05-22,3,0,0,1
6149,28,2020-05-23,1,0,0,2
6150,28,2020-05-24,1,0,1,1
6151,28,2020-05-25,0,0,0,1
6152,28,2020-05-26,0,0,0,2
6153,28,2020-05-27,0,0,0,1
6154,28,2020-05-28,0,0,0,3
6155,28,2020-05-29,0,0,2,9
6156,28,2020-05-30,1,1,0,0
6157,28,2020-05-31,0,0,0,0
6158,28,2020-06-01,0,0,0,0
6159,28,2020-06-02,0,0,0,1
6160,28,2020-06-03,0,0,3,3
6161,28,2020-06-04,2,0,3,3
6162,28,2020-06-05,1,0,0,6
6163,28,2020-06-06,1,0,0,0
6164,28,2020-06-07,0,0,1,1
6165,28,2020-06-08,0,0,1,0
6166,28,2020-06-09,0,0,0,1
6167,28,2020-06-10,0,0,1,12
6168,28,2020-06-11,3,1,0,2
6169,28,2020-06-12,0,0,0,0
6170,28,2020-06-13,0,0,0,1
6171,28,2020-06-14,0,0,0,0
6172,28,2020-06-15,2,0,0,1
6173,28,2020-06-16,3,1,0,2
6174,28,2020-06-17,8,0,4,35
6175,28,2020-06-18,2,0,2,1
6176,28,2020-06-19,0,0,0,0
6177,28,2020-06-20,0,0,0,1
6178,28,2020-06-21,0,0,0,0
6179,28,2020-06-22,0,0,0,0
6180,28,2020-06-23,1,0,0,1
6181,28,2020-06-24,1,0,0,2
6182,28,2020-06-25,0,0,0,1
6183,28,2020-06-26,0,0,0,0
6184,28,2020-06-27,0,0,0,0
6185,28,2020-06-28,1,0,0,0
6186,28,2020-06-29,0,0,0,1
6187,28,2020-06-30,0,0,1,1
6188,28,2020-07-01,0,0,0,2
6189,28,2020-07-02,0,0,0,2
6190,28,2020-07-03,0,0,0,1
6191,28,2020-07-04,0,0,0,6
6192,28,2020-07-05,0,0,0,0
6193,28,2020-07-06,0,0,0,0
6194,28,2020-07-07,0,0,0,1
6195,28,2020-07-08,0,0,1,7
6196,28,2020-07-09,0,0,0,0
6197,28,2020-07-10,0,0,3,2
6198,28,2020-07-11,0,0,0,0
6199,28,2020-07-12,0,0,0,0
6200,28,2020-07-13,0,0,0,1
6201,28,2020-07-14,0,0,0,0
6202,28,2020-07-15,0,0,0,0
6203,28,2020-07-16,0,0,0,1
6204,28,2020-07-17,0,0,0,9
6205,28,2020-07-18,0,0,0,0
6206,28,2020-07-19,0,0,0,0
6207,28,2020-07-20,0,0,0,0
6208,28,2020-07-21,0,0,0,0
6209,28,2020-07-22,0,0,0,0
6210,28,2020-07-23,0,0,1,2
6211,28,2020-07-24,0,0,0,1
6212,28,2020-07-25,0,0,0,0
6213,28,2020-07-26,0,0,0,0
6214,28,2020-07-27,0,0,0,0
6215,28,2020-07-28,0,0,0,14
6216,28,2020-07-29,2,0,0,6
6217,28,2020-07-30,0,0,0,0
6218,28,2020-07-31,1,1,2,14
6219,28,2020-08-01,0,0,0,0
6220,28,2020-08-02,0,0,0,0
6221,28,2020-08-03,0,0,0,0
6222,28,2020-08-04,0,0,0,0
6223,28,2020-08-05,0,0,0,0
6224,28,2020-08-06,1,0,0,1
6225,28,2020-08-07,0,0,0,0
6226,28,2020-08-08,0,0,0,0
6227,28,2020-08-09,0,0,0,0
6228,28,2020-08-10,1,0,0,2
6229,28,2020-08-11,0,0,0,0
6230,28,2020-08-12,1,0,0,0
6231,28,2020-08-13,5,0,2,8
6232,28,2020-08-14,0,1,1,3
6233,28,2020-08-15,1,0,0,0
6234,28,2020-08-16,0,0,0,0
6235,28,2020-08-17,0,0,0,0
6236,28,2020-08-18,0,0,0,0
6237,28,2020-08-19,0,0,0,0
6238,28,2020-08-20,0,0,0,2
6239,28,2020-08-21,0,0,0,1
6240,28,2020-08-22,0,0,0,0
6241,28,2020-08-23,0,0,0,0
6242,28,2020-08-24,2,0,0,0
6243,28,2020-08-25,0,0,0,0
6244,28,2020-08-26,1,0,0,0
6245,28,2020-08-27,0,0,0,1
6246,28,2020-08-28,1,0,0,0
6247,28,2020-08-29,0,0,0,0
6248,28,2020-08-30,0,0,0,0
6249,28,2020-08-31,1,0,0,4
6250,28,2020-09-01,0,0,0,0
6251,28,2020-09-02,2,0,0,0
6252,28,2020-09-03,0,0,0,0
6253,28,2020-09-04,2,1,0,1
6254,28,2020-09-05,2,0,0,2
6255,28,2020-09-06,0,0,0,0
6256,28,2020-09-07,0,0,0,0
6257,28,2020-09-08,2,0,0,0
6258,28,2020-09-09,0,0,0,1
6259,28,2020-09-10,0,0,0,0
6260,28,2020-09-11,0,0,0,0
6261,28,2020-09-12,2,0,1,0
6262,28,2020-09-13,0,0,0,0
6263,28,2020-09-14,1,0,0,2
6264,28,2020-09-15,1,0,0,0
6265,28,2020-09-16,2,0,0,0
6266,28,2020-09-17,4,0,0,2
6267,28,2020-09-18,1,0,0,0
6268,28,2020-09-19,3,1,0,6
6269,28,2020-09-20,1,0,0,0
6270,28,2020-09-21,2,1,0,2
6271,28,2020-09-22,3,0,0,0
6272,28,2020-09-23,1,0,0,0
6273,28,2020-09-24,1,0,0,2
6274,28,2020-09-25,5,0,1,0
6275,28,2020-09-26,0,0,0,0
6276,28,2020-09-27,0,0,0,0
6277,28,2020-09-28,2,0,0,0
6278,28,2020-09-29,1,0,1,2
6279,28,2020-09-30,3,0,0,0
6280,28,2020-10-01,4,1,0,10
6281,28,2020-10-02,2,1,0,2
6282,28,2020-10-03,2,1,0,0
6283,28,2020-10-04,2,0,0,0
6284,28,2020-10-05,1,1,0,4
6285,28,2020-10-06,6,0,0,1
6286,28,2020-10-07,5,0,0,2
6287,28,2020-10-08,3,0,0,0
6288,28,2020-10-09,3,1,0,1
6289,28,2020-10-10,4,3,0,2
6290,28,2020-10-11,1,0,0,0
6291,28,2020-10-12,3,1,0,4
6292,28,2020-10-13,10,2,0,1
6293,28,2020-10-14,6,1,1,5
6294,28,2020-10-15,11,1,1,3
6295,28,2020-10-16,9,2,1,7
6296,28,2020-10-17,0,2,0,3
6297,28,2020-10-18,8,0,0,0
6298,28,2020-10-19,13,2,0,9
6299,28,2020-10-20,4,1,0,10
6300,28,2020-10-21,9,0,0,3
6301,28,2020-10-22,12,1,1,9
6302,28,2020-10-23,11,0,0,5
6303,28,2020-10-24,4,0,0,3
6304,28,2020-10-25,17,1,0,1
6305,28,2020-10-26,12,3,2,7
6306,28,2020-10-27,46,3,1,6
6307,28,2020-10-28,27,0,0,8
6308,28,2020-10-29,14,2,4,4
6309,28,2020-10-30,22,1,2,5
6310,28,2020-10-31,12,1,1,3
6311,28,2020-11-01,23,1,0,2
6312,28,2020-11-02,19,4,3,13
6313,28,2020-11-03,16,2,0,6
6314,28,2020-11-04,22,0,3,17
6315,28,2020-11-05,9,3,0,6
6316,28,2020-11-06,26,3,1,15
6317,28,2020-11-07,11,1,0,16
6318,29,2020-03-19,11,0,0,3
6319,29,2020-03-20,1,0,1,0
6320,29,2020-03-21,0,1,0,0
6321,29,2020-03-22,6,0,1,3
6322,29,2020-03-23,6,2,2,0
6323,29,2020-03-24,9,3,1,5
6324,29,2020-03-25,9,3,0,3
6325,29,2020-03-26,10,1,0,3
6326,29,2020-03-27,5,1,0,3
6327,29,2020-03-28,13,8,0,2
6328,29,2020-03-29,6,0,0,3
6329,29,2020-03-30,7,3,1,1
6330,29,2020-03-31,5,2,1,8
6331,29,2020-04-01,11,5,0,4
6332,29,2020-04-02,6,2,0,8
6333,29,2020-04-03,11,2,0,7
6334,29,2020-04-04,7,1,1,1
6335,29,2020-04-05,6,1,1,3
6336,29,2020-04-06,3,0,0,1
6337,29,2020-04-07,2,1,0,3
6338,29,2020-04-08,14,1,2,4
6339,29,2020-04-09,9,0,0,3
6340,29,2020-04-10,10,1,1,9
6341,29,2020-04-11,11,1,1,4
6342,29,2020-04-12,7,1,0,1
6343,29,2020-04-13,3,1,3,2
6344,29,2020-04-14,4,1,3,2
6345,29,2020-04-15,1,1,1,3
6346,29,2020-04-16,5,1,4,8
6347,29,2020-04-17,1,0,2,5
6348,29,2020-04-18,5,2,4,1
6349,29,2020-04-19,2,0,0,2
6350,29,2020-04-20,0,0,1,3
6351,29,2020-04-21,2,0,0,6
6352,29,2020-04-22,3,1,0,6
6353,29,2020-04-23,3,0,3,2
6354,29,2020-04-24,2,1,0,0
6355,29,2020-04-25,1,0,1,1
6356,29,2020-04-26,0,0,1,0
6357,29,2020-04-27,0,0,0,1
6358,29,2020-04-28,0,0,1,3
6359,29,2020-04-29,0,0,0,2
6360,29,2020-04-30,0,0,0,0
6361,29,2020-05-01,0,0,0,5
6362,29,2020-05-02,1,0,0,0
6363,29,2020-05-03,0,0,0,1
6364,29,2020-05-04,0,0,1,0
6365,29,2020-05-05,1,1,0,1
6366,29,2020-05-06,1,0,0,0
6367,29,2020-05-07,2,0,0,2
6368,29,2020-05-08,2,2,0,3
6369,29,2020-05-09,1,0,1,0
6370,29,2020-05-10,0,0,0,0
6371,29,2020-05-11,1,0,0,2
6372,29,2020-05-12,0,0,0,4
6373,29,2020-05-13,0,0,0,1
6374,29,2020-05-14,1,0,1,2
6375,29,2020-05-15,0,0,0,5
6376,29,2020-05-16,1,0,0,3
6377,29,2020-05-17,0,0,0,0
6378,29,2020-05-18,0,0,0,0
6379,29,2020-05-19,1,0,1,1
6380,29,2020-05-20,0,0,0,1
6381,29,2020-05-21,0,0,0,1
6382,29,2020-05-22,1,0,1,0
6383,29,2020-05-23,1,0,0,1
6384,29,2020-05-24,0,0,0,0
6385,29,2020-05-25,0,0,0,0
6386,29,2020-05-26,0,0,1,0
6387,29,2020-05-27,2,0,0,0
6388,29,2020-05-28,0,0,0,0
6389,29,2020-05-29,0,0,0,1
6390,29,2020-05-30,0,0,0,0
6391,29,2020-05-31,0,0,0,0
6392,29,2020-06-01,1,0,0,1
6393,29,2020-06-02,0,0,0,0
6394,29,2020-06-03,0,0,0,0
6395,29,2020-06-04,1,0,0,0
6396,29,2020-06-05,0,0,0,1
6397,29,2020-06-06,0,0,0,1
6398,29,2020-06-07,0,0,0,0
6399,29,2020-06-08,0,0,0,3
6400,29,2020-06-09,0,0,0,0
6401,29,2020-06-10,0,0,0,0
6402,29,2020-06-11,0,0,0,1
6403,29,2020-06-12,0,0,0,1
6404,29,2020-06-13,0,1,0,0
6405,29,2020-06-14,0,0,0,0
6406,29,2020-06-15,0,0,0,0
6407,29,2020-06-16,0,0,0,0
6408,29,2020-06-17,0,0,0,0
6409,29,2020-06-18,0,0,0,0
6410,29,2020-06-19,0,0,0,0
6411,29,2020-06-20,0,0,0,0
6412,29,2020-06-21,0,0,0,0
6413,29,2020-06-22,0,0,0,1
6414,29,2020-06-23,0,0,0,0
6415,29,2020-06-24,0,0,0,1
6416,29,2020-06-25,1,0,0,2
6417,29,2020-06-26,0,0,0,1
6418,29,2020-06-27,0,0,0,0
6419,29,2020-06-28,0,0,0,0
6420,29,2020-06-29,0,0,0,0
6421,29,2020-06-30,0,0,0,0
6422,29,2020-07-01,0,0,0,1
6423,29,2020-07-02,0,0,0,0
6424,29,2020-07-03,0,0,0,0
6425,29,2020-07-04,0,0,0,0
6426,29,2020-07-05,0,0,0,0
6427,29,2020-07-06,0,0,0,0
6428,29,2020-07-07,1,0,0,0
6429,29,2020-07-08,1,0,0,0
6430,29,2020-07-09,0,0,0,0
6431,29,2020-07-10,2,0,0,1
6432,29,2020-07-11,0,0,0,5
6433,29,2020-07-12,0,0,0,0
6434,29,2020-07-13,0,0,0,0
6435,29,2020-07-14,3,0,0,1
6436,29,2020-07-15,0,0,0,0
6437,29,2020-07-16,0,0,0,2
6438,29,2020-07-17,3,0,0,2
6439,29,2020-07-18,1,0,0,1
6440,29,2020-07-19,0,0,0,0
6441,29,2020-07-20,0,0,0,0
6442,29,2020-07-21,0,0,0,0
6443,29,2020-07-22,1,0,0,0
6444,29,2020-07-23,0,0,0,1
6445,29,2020-07-24,0,0,1,0
6446,29,2020-07-25,0,0,0,0
6447,29,2020-07-26,0,0,0,0
6448,29,2020-07-27,0,0,0,1
6449,29,2020-07-28,0,0,0,0
6450,29,2020-07-29,0,0,0,0
6451,29,2020-07-30,0,0,0,0
6452,29,2020-07-31,0,0,0,2
6453,29,2020-08-01,0,0,0,0
6454,29,2020-08-02,0,0,0,0
6455,29,2020-08-03,0,0,0,0
6456,29,2020-08-04,0,0,0,0
6457,29,2020-08-05,0,0,0,1
6458,29,2020-08-06,0,0,0,0
6459,29,2020-08-07,0,0,0,0
6460,29,2020-08-08,0,0,0,0
6461,29,2020-08-09,0,0,0,0
6462,29,2020-08-10,0,0,0,1
6463,29,2020-08-11,0,0,0,0
6464,29,2020-08-12,1,0,0,0
6465,29,2020-08-13,0,0,0,0
6466,29,2020-08-14,1,0,0,1
6467,29,2020-08-15,0,0,0,0
6468,29,2020-08-16,0,0,0,0
6469,29,2020-08-17,1,0,0,1
6470,29,2020-08-18,0,0,0,0
6471,29,2020-08-19,1,0,0,1
6472,29,2020-08-20,0,0,0,0
6473,29,2020-08-21,1,0,0,0
6474,29,2020-08-22,0,0,0,0
6475,29,2020-08-23,0,0,0,0
6476,29,2020-08-24,0,0,0,0
6477,29,2020-08-25,0,0,0,1
6478,29,2020-08-26,0,0,0,1
6479,29,2020-08-27,1,1,0,0
6480,29,2020-08-28,2,0,0,0
6481,29,2020-08-29,0,0,0,0
6482,29,2020-08-30,0,0,0,0
6483,29,2020-08-31,1,0,0,0
6484,29,2020-09-01,0,0,0,0
6485,29,2020-09-02,0,0,0,0
6486,29,2020-09-03,0,0,0,0
6487,29,2020-09-04,1,0,0,0
6488,29,2020-09-05,1,0,0,0
6489,29,2020-09-06,0,0,0,3
6490,29,2020-09-07,1,0,0,0
6491,29,2020-09-08,2,1,0,1
6492,29,2020-09-09,1,1,0,0
6493,29,2020-09-10,1,0,0,0
6494,29,2020-09-11,1,0,0,2
6495,29,2020-09-12,1,1,0,0
6496,29,2020-09-13,0,0,0,0
6497,29,2020-09-14,2,0,0,0
6498,29,2020-09-15,4,0,0,0
6499,29,2020-09-16,3,1,0,1
6500,29,2020-09-17,2,0,0,0
6501,29,2020-09-18,2,0,0,2
6502,29,2020-09-19,0,0,0,0
6503,29,2020-09-20,0,0,0,0
6504,29,2020-09-21,5,0,1,2
6505,29,2020-09-22,0,0,0,2
6506,29,2020-09-23,2,0,0,1
6507,29,2020-09-24,2,1,0,4
6508,29,2020-09-25,1,0,1,1
6509,29,2020-09-26,3,0,0,0
6510,29,2020-09-27,1,0,0,0
6511,29,2020-09-28,2,0,1,0
6512,29,2020-09-29,0,0,1,1
6513,29,2020-09-30,2,1,0,1
6514,29,2020-10-01,2,1,0,2
6515,29,2020-10-02,1,0,0,1
6516,29,2020-10-03,1,1,0,3
6517,29,2020-10-04,0,0,0,0
6518,29,2020-10-05,2,0,0,0
6519,29,2020-10-06,6,1,0,2
6520,29,2020-10-07,2,2,0,1
6521,29,2020-10-08,2,0,0,0
6522,29,2020-10-09,4,1,0,4
6523,29,2020-10-10,0,0,0,2
6524,29,2020-10-11,0,0,0,0
6525,29,2020-10-12,3,0,0,2
6526,29,2020-10-13,4,1,0,2
6527,29,2020-10-14,3,0,0,1
6528,29,2020-10-15,1,1,0,2
6529,29,2020-10-16,8,0,0,1
6530,29,2020-10-17,7,3,0,3
6531,29,2020-10-18,1,0,0,2
6532,29,2020-10-19,4,0,1,2
6533,29,2020-10-20,8,2,1,2
6534,29,2020-10-21,7,3,0,5
6535,29,2020-10-22,3,3,0,5
6536,29,2020-10-23,3,0,0,1
6537,29,2020-10-24,2,0,0,1
6538,29,2020-10-25,7,2,0,3
6539,29,2020-10-26,6,4,0,1
6540,29,2020-10-27,12,4,1,3
6541,29,2020-10-28,11,3,0,5
6542,29,2020-10-29,11,6,1,5
6543,29,2020-10-30,7,4,0,4
6544,29,2020-10-31,7,2,2,3
6545,29,2020-11-01,5,2,0,3
6546,29,2020-11-02,17,5,2,4
6547,29,2020-11-03,12,0,4,6
6548,29,2020-11-04,7,1,0,10
6549,29,2020-11-05,4,2,2,3
6550,29,2020-11-06,10,0,1,3
6551,29,2020-11-07,4,4,1,6
6552,30,2020-03-19,1,1,1,1
6553,30,2020-03-20,4,0,0,0
6554,30,2020-03-21,4,0,0,4
6555,30,2020-03-22,5,0,1,0
6556,30,2020-03-23,3,4,0,1
6557,30,2020-03-24,4,4,2,3
6558,30,2020-03-25,7,2,1,1
6559,30,2020-03-26,0,2,0,2
6560,30,2020-03-27,11,0,1,2
6561,30,2020-03-28,12,4,0,0
6562,30,2020-03-29,6,2,3,0
6563,30,2020-03-30,5,4,0,0
6564,30,2020-03-31,18,5,1,5
6565,30,2020-04-01,20,5,0,1
6566,30,2020-04-02,10,6,1,9
6567,30,2020-04-03,2,2,2,5
6568,30,2020-04-04,0,0,1,3
6569,30,2020-04-05,24,7,0,1
6570,30,2020-04-06,20,5,3,3
6571,30,2020-04-07,13,2,0,12
6572,30,2020-04-08,8,2,4,10
6573,30,2020-04-09,8,1,0,6
6574,30,2020-04-10,14,3,1,12
6575,30,2020-04-11,3,3,1,13
6576,30,2020-04-12,3,0,3,1
6577,30,2020-04-13,0,0,1,2
6578,30,2020-04-14,12,0,1,6
6579,30,2020-04-15,13,2,0,5
6580,30,2020-04-16,14,1,1,15
6581,30,2020-04-17,24,4,3,2
6582,30,2020-04-18,2,0,0,9
6583,30,2020-04-19,4,1,0,0
6584,30,2020-04-20,27,5,3,6
6585,30,2020-04-21,14,0,2,1
6586,30,2020-04-22,5,1,1,0
6587,30,2020-04-23,5,0,6,19
6588,30,2020-04-24,8,3,3,11
6589,30,2020-04-25,0,0,3,0
6590,30,2020-04-26,3,0,0,1
6591,30,2020-04-27,12,2,6,4
6592,30,2020-04-28,4,3,1,7
6593,30,2020-04-29,8,2,1,2
6594,30,2020-04-30,7,2,4,3
6595,30,2020-05-01,0,0,0,0
6596,30,2020-05-02,1,0,0,0
6597,30,2020-05-03,0,0,0,0
6598,30,2020-05-04,2,1,9,14
6599,30,2020-05-05,18,3,2,7
6600,30,2020-05-06,2,0,0,3
6601,30,2020-05-07,6,2,4,17
6602,30,2020-05-08,0,0,1,2
6603,30,2020-05-09,0,0,0,1
6604,30,2020-05-10,0,0,0,0
6605,30,2020-05-11,2,0,0,0
6606,30,2020-05-12,12,5,4,17
6607,30,2020-05-13,1,0,0,2
6608,30,2020-05-14,5,1,1,8
6609,30,2020-05-15,0,0,0,0
6610,30,2020-05-16,1,1,1,0
6611,30,2020-05-17,0,0,0,0
6612,30,2020-05-18,5,1,1,14
6613,30,2020-05-19,0,0,1,0
6614,30,2020-05-20,9,0,3,8
6615,30,2020-05-21,2,0,0,0
6616,30,2020-05-22,0,0,0,0
6617,30,2020-05-23,0,0,0,2
6618,30,2020-05-24,0,0,0,0
6619,30,2020-05-25,0,0,3,5
6620,30,2020-05-26,12,2,1,0
6621,30,2020-05-27,0,0,0,1
6622,30,2020-05-28,1,2,0,4
6623,30,2020-05-29,0,0,0,0
6624,30,2020-05-30,0,0,0,0
6625,30,2020-05-31,0,0,0,0
6626,30,2020-06-01,0,0,0,0
6627,30,2020-06-02,6,2,0,2
6628,30,2020-06-03,1,0,1,11
6629,30,2020-06-04,1,0,0,0
6630,30,2020-06-05,0,0,0,0
6631,30,2020-06-06,2,0,1,6
6632,30,2020-06-07,0,0,0,0
6633,30,2020-06-08,0,0,0,0
6634,30,2020-06-09,0,0,0,3
6635,30,2020-06-10,0,0,0,2
6636,30,2020-06-11,0,0,0,0
6637,30,2020-06-12,1,1,2,10
6638,30,2020-06-13,0,0,0,0
6639,30,2020-06-14,0,0,0,0
6640,30,2020-06-15,0,0,0,0
6641,30,2020-06-16,0,0,0,13
6642,30,2020-06-17,0,0,0,0
6643,30,2020-06-18,0,0,0,0
6644,30,2020-06-19,1,0,0,0
6645,30,2020-06-20,0,0,0,5
6646,30,2020-06-21,0,0,0,0
6647,30,2020-06-22,0,0,0,0
6648,30,2020-06-23,0,0,0,0
6649,30,2020-06-24,0,0,0,0
6650,30,2020-06-25,0,0,0,0
6651,30,2020-06-26,0,0,0,0
6652,30,2020-06-27,0,0,1,6
6653,30,2020-06-28,0,0,0,0
6654,30,2020-06-29,0,0,0,1
6655,30,2020-06-30,0,0,0,0
6656,30,2020-07-01,0,0,0,0
6657,30,2020-07-02,1,0,0,1
6658,30,2020-07-03,0,0,0,4
6659,30,2020-07-04,0,0,0,0
6660,30,2020-07-05,0,0,0,0
6661,30,2020-07-06,0,0,0,0
6662,30,2020-07-07,0,0,0,0
6663,30,2020-07-08,0,0,0,0
6664,30,2020-07-09,0,0,0,1
6665,30,2020-07-10,0,0,0,3
6666,30,2020-07-11,0,0,0,0
6667,30,2020-07-12,0,0,0,0
6668,30,2020-07-13,0,0,0,0
6669,30,2020-07-14,0,0,0,0
6670,30,2020-07-15,0,0,0,2
6671,30,2020-07-16,0,0,0,0
6672,30,2020-07-17,0,0,0,0
6673,30,2020-07-18,0,0,0,0
6674,30,2020-07-19,0,0,0,0
6675,30,2020-07-20,3,0,0,3
6676,30,2020-07-21,0,0,0,0
6677,30,2020-07-22,1,0,0,0
6678,30,2020-07-23,1,0,0,4
6679,30,2020-07-24,1,1,0,0
6680,30,2020-07-25,0,0,0,0
6681,30,2020-07-26,0,0,0,0
6682,30,2020-07-27,0,0,0,0
6683,30,2020-07-28,0,0,0,0
6684,30,2020-07-29,0,0,0,0
6685,30,2020-07-30,0,0,0,0
6686,30,2020-07-31,0,0,0,0
6687,30,2020-08-01,0,0,0,0
6688,30,2020-08-02,0,0,0,0
6689,30,2020-08-03,0,0,0,0
6690,30,2020-08-04,0,0,0,0
6691,30,2020-08-05,1,0,0,0
6692,30,2020-08-06,0,0,0,0
6693,30,2020-08-07,0,0,0,0
6694,30,2020-08-08,0,0,0,1
6695,30,2020-08-09,0,0,0,0
6696,30,2020-08-10,0,0,0,0
6697,30,2020-08-11,0,0,0,0
6698,30,2020-08-12,0,0,0,0
6699,30,2020-08-13,3,0,0,2
6700,30,2020-08-14,0,0,0,1
6701,30,2020-08-15,7,2,0,1
6702,30,2020-08-16,0,0,0,0
6703,30,2020-08-17,0,0,1,1
6704,30,2020-08-18,2,0,0,3
6705,30,2020-08-19,0,0,0,0
6706,30,2020-08-20,0,0,0,0
6707,30,2020-08-21,0,0,0,2
6708,30,2020-08-22,0,0,0,0
6709,30,2020-08-23,0,0,0,0
6710,30,2020-08-24,0,0,0,0
6711,30,2020-08-25,6,1,0,0
6712,30,2020-08-26,2,0,0,2
6713,30,2020-08-27,7,3,0,2
6714,30,2020-08-28,0,0,0,0
6715,30,2020-08-29,1,0,0,0
6716,30,2020-08-30,0,0,0,0
6717,30,2020-08-31,0,0,0,0
6718,30,2020-09-01,2,1,1,2
6719,30,2020-09-02,1,0,0,0
6720,30,2020-09-03,3,0,0,0
6721,30,2020-09-04,0,0,0,1
6722,30,2020-09-05,2,0,0,4
6723,30,2020-09-06,1,0,0,0
6724,30,2020-09-07,6,3,1,3
6725,30,2020-09-08,1,1,0,2
6726,30,2020-09-09,5,0,0,2
6727,30,2020-09-10,5,1,0,2
6728,30,2020-09-11,3,0,0,3
6729,30,2020-09-12,5,0,0,0
6730,30,2020-09-13,0,0,0,0
6731,30,2020-09-14,9,1,0,5
6732,30,2020-09-15,10,5,0,6
6733,30,2020-09-16,2,0,0,1
6734,30,2020-09-17,3,4,1,0
6735,30,2020-09-18,11,1,1,3
6736,30,2020-09-19,0,0,0,0
6737,30,2020-09-20,0,0,0,0
6738,30,2020-09-21,8,2,1,1
6739,30,2020-09-22,3,1,1,1
6740,30,2020-09-23,3,2,0,3
6741,30,2020-09-24,5,0,0,4
6742,30,2020-09-25,5,2,0,6
6743,30,2020-09-26,2,0,0,5
6744,30,2020-09-27,0,0,0,0
6745,30,2020-09-28,7,1,1,2
6746,30,2020-09-29,5,2,1,3
6747,30,2020-09-30,11,3,1,2
6748,30,2020-10-01,11,2,2,5
6749,30,2020-10-02,4,2,0,5
6750,30,2020-10-03,7,2,0,3
6751,30,2020-10-04,4,0,0,0
6752,30,2020-10-05,10,6,1,5
6753,30,2020-10-06,4,2,0,1
6754,30,2020-10-07,4,3,0,1
6755,30,2020-10-08,6,1,0,7
6756,30,2020-10-09,9,2,2,6
6757,30,2020-10-10,9,3,0,4
6758,30,2020-10-11,5,1,2,5
6759,30,2020-10-12,5,1,0,1
6760,30,2020-10-13,10,3,2,9
6761,30,2020-10-14,12,1,2,8
6762,30,2020-10-15,9,0,1,7
6763,30,2020-10-16,25,7,1,7
6764,30,2020-10-17,6,0,2,3
6765,30,2020-10-18,7,2,3,0
6766,30,2020-10-19,13,3,2,5
6767,30,2020-10-20,16,3,3,5
6768,30,2020-10-21,31,9,3,7
6769,30,2020-10-22,14,4,4,11
6770,30,2020-10-23,20,0,0,4
6771,30,2020-10-24,17,8,1,8
6772,30,2020-10-25,28,5,0,8
6773,30,2020-10-26,21,3,2,5
6774,30,2020-10-27,31,6,1,19
6775,30,2020-10-28,26,13,2,11
6776,30,2020-10-29,18,5,4,5
6777,30,2020-10-30,12,2,4,11
6778,30,2020-10-31,31,7,1,9
6779,30,2020-11-01,23,8,1,14
6780,30,2020-11-02,29,4,4,14
6781,30,2020-11-03,15,5,7,13
6782,30,2020-11-04,102,25,6,19
6783,30,2020-11-05,53,10,3,34
6784,30,2020-11-06,29,6,6,29
6785,30,2020-11-07,18,4,6,30
6786,31,2020-03-19,8,3,1,4
6787,31,2020-03-20,13,5,1,0
6788,31,2020-03-21,19,4,0,6
6789,31,2020-03-22,14,3,0,2
6790,31,2020-03-23,16,6,0,3
6791,31,2020-03-24,29,9,1,13
6792,31,2020-03-25,28,11,0,6
6793,31,2020-03-26,35,19,0,5
6794,31,2020-03-27,23,8,2,3
6795,31,2020-03-28,17,6,1,10
6796,31,2020-03-29,25,8,1,3
6797,31,2020-03-30,34,15,0,5
6798,31,2020-03-31,27,8,0,20
6799,31,2020-04-01,21,11,4,18
6800,31,2020-04-02,19,9,2,17
6801,31,2020-04-03,15,2,0,11
6802,31,2020-04-04,13,7,1,14
6803,31,2020-04-05,4,2,1,6
6804,31,2020-04-06,13,8,2,5
6805,31,2020-04-07,16,2,3,17
6806,31,2020-04-08,10,9,2,13
6807,31,2020-04-09,42,4,2,22
6808,31,2020-04-10,25,4,3,15
6809,31,2020-04-11,14,3,2,21
6810,31,2020-04-12,11,1,0,9
6811,31,2020-04-13,4,0,0,5
6812,31,2020-04-14,18,4,2,15
6813,31,2020-04-15,13,5,1,30
6814,31,2020-04-16,5,2,0,15
6815,31,2020-04-17,12,4,3,14
6816,31,2020-04-18,4,0,0,15
6817,31,2020-04-19,8,3,2,6
6818,31,2020-04-20,8,0,1,2
6819,31,2020-04-21,13,0,0,18
6820,31,2020-04-22,9,2,2,17
6821,31,2020-04-23,5,1,1,11
6822,31,2020-04-24,7,1,4,17
6823,31,2020-04-25,9,0,1,13
6824,31,2020-04-26,1,0,0,4
6825,31,2020-04-27,5,1,0,0
6826,31,2020-04-28,5,0,2,17
6827,31,2020-04-29,7,1,1,13
6828,31,2020-04-30,2,1,2,6
6829,31,2020-05-01,7,0,0,9
6830,31,2020-05-02,4,2,2,3
6831,31,2020-05-03,3,0,0,0
6832,31,2020-05-04,4,0,1,3
6833,31,2020-05-05,7,2,1,15
6834,31,2020-05-06,2,1,0,7
6835,31,2020-05-07,7,0,2,4
6836,31,2020-05-08,12,4,0,11
6837,31,2020-05-09,1,1,1,2
6838,31,2020-05-10,8,1,0,4
6839,31,2020-05-11,1,0,0,8
6840,31,2020-05-12,0,0,0,4
6841,31,2020-05-13,6,2,1,7
6842,31,2020-05-14,3,0,2,4
6843,31,2020-05-15,1,1,1,8
6844,31,2020-05-16,2,1,0,5
6845,31,2020-05-17,7,1,1,5
6846,31,2020-05-18,1,0,0,0
6847,31,2020-05-19,5,0,0,6
6848,31,2020-05-20,0,0,2,1
6849,31,2020-05-21,2,0,0,4
6850,31,2020-05-22,0,0,0,2
6851,31,2020-05-23,0,0,1,0
6852,31,2020-05-24,0,0,1,1
6853,31,2020-05-25,4,1,0,4
6854,31,2020-05-26,2,1,0,8
6855,31,2020-05-27,4,0,0,0
6856,31,2020-05-28,0,0,2,2
6857,31,2020-05-29,2,0,0,3
6858,31,2020-05-30,1,0,0,0
6859,31,2020-05-31,0,0,2,3
6860,31,2020-06-01,1,0,0,0
6861,31,2020-06-02,1,0,0,1
6862,31,2020-06-03,0,0,1,4
6863,31,2020-06-04,0,0,0,3
6864,31,2020-06-05,0,0,0,3
6865,31,2020-06-06,2,0,0,1
6866,31,2020-06-07,0,0,0,0
6867,31,2020-06-08,0,0,0,0
6868,31,2020-06-09,1,0,0,1
6869,31,2020-06-10,1,0,0,1
6870,31,2020-06-11,1,1,0,1
6871,31,2020-06-12,0,0,0,0
6872,31,2020-06-13,2,0,0,2
6873,31,2020-06-14,2,0,0,1
6874,31,2020-06-15,1,0,0,0
6875,31,2020-06-16,1,0,0,3
6876,31,2020-06-17,0,0,0,1
6877,31,2020-06-18,0,0,0,1
6878,31,2020-06-19,1,0,0,0
6879,31,2020-06-20,0,0,0,1
6880,31,2020-06-21,2,0,0,4
6881,31,2020-06-22,2,0,0,1
6882,31,2020-06-23,0,1,0,4
6883,31,2020-06-24,0,0,2,2
6884,31,2020-06-25,3,1,0,1
6885,31,2020-06-26,0,0,0,3
6886,31,2020-06-27,0,1,0,4
6887,31,2020-06-28,3,1,0,0
6888,31,2020-06-29,2,1,0,1
6889,31,2020-06-30,0,0,0,2
6890,31,2020-07-01,0,0,0,1
6891,31,2020-07-02,0,0,0,0
6892,31,2020-07-03,2,0,0,1
6893,31,2020-07-04,0,0,0,0
6894,31,2020-07-05,0,0,0,0
6895,31,2020-07-06,0,0,0,0
6896,31,2020-07-07,1,1,0,4
6897,31,2020-07-08,0,0,0,0
6898,31,2020-07-09,0,0,0,0
6899,31,2020-07-10,1,0,0,4
6900,31,2020-07-11,0,0,0,0
6901,31,2020-07-12,0,0,0,0
6902,31,2020-07-13,3,0,0,0
6903,31,2020-07-14,0,0,0,0
6904,31,2020-07-15,0,0,0,0
6905,31,2020-07-16,0,0,0,4
6906,31,2020-07-17,1,0,0,3
6907,31,2020-07-18,0,0,0,0
6908,31,2020-07-19,0,0,0,0
6909,31,2020-07-20,1,0,0,2
6910,31,2020-07-21,1,0,0,0
6911,31,2020-07-22,2,0,0,2
6912,31,2020-07-23,0,0,0,0
6913,31,2020-07-24,1,0,0,2
6914,31,2020-07-25,0,0,0,0
6915,31,2020-07-26,0,0,0,0
6916,31,2020-07-27,4,1,0,1
6917,31,2020-07-28,0,1,0,3
6918,31,2020-07-29,0,0,0,0
6919,31,2020-07-30,3,0,0,1
6920,31,2020-07-31,2,0,0,0
6921,31,2020-08-01,0,1,0,1
6922,31,2020-08-02,0,0,0,0
6923,31,2020-08-03,3,2,0,2
6924,31,2020-08-04,1,0,0,0
6925,31,2020-08-05,2,0,0,4
6926,31,2020-08-06,0,0,0,0
6927,31,2020-08-07,0,0,0,0
6928,31,2020-08-08,1,1,0,1
6929,31,2020-08-09,0,0,0,0
6930,31,2020-08-10,1,0,0,0
6931,31,2020-08-11,1,0,1,1
6932,31,2020-08-12,2,0,0,2
6933,31,2020-08-13,4,0,0,1
6934,31,2020-08-14,2,0,0,3
6935,31,2020-08-15,2,0,0,1
6936,31,2020-08-16,0,0,0,0
6937,31,2020-08-17,2,0,1,2
6938,31,2020-08-18,10,2,0,4
6939,31,2020-08-19,6,0,0,1
6940,31,2020-08-20,4,0,1,0
6941,31,2020-08-21,2,0,0,3
6942,31,2020-08-22,0,0,0,0
6943,31,2020-08-23,1,0,0,0
6944,31,2020-08-24,12,2,1,5
6945,31,2020-08-25,4,1,0,9
6946,31,2020-08-26,10,1,0,4
6947,31,2020-08-27,5,0,1,2
6948,31,2020-08-28,5,0,1,4
6949,31,2020-08-29,3,0,1,3
6950,31,2020-08-30,2,0,0,0
6951,31,2020-08-31,6,1,3,2
6952,31,2020-09-01,8,2,0,1
6953,31,2020-09-02,13,4,0,10
6954,31,2020-09-03,1,0,0,0
6955,31,2020-09-04,3,0,1,2
6956,31,2020-09-05,1,0,0,0
6957,31,2020-09-06,1,0,0,7
6958,31,2020-09-07,24,1,0,7
6959,31,2020-09-08,13,0,0,19
6960,31,2020-09-09,6,1,0,10
6961,31,2020-09-10,7,2,1,2
6962,31,2020-09-11,21,3,3,15
6963,31,2020-09-12,2,1,0,0
6964,31,2020-09-13,1,1,0,0
6965,31,2020-09-14,19,3,0,9
6966,31,2020-09-15,1,0,1,2
6967,31,2020-09-16,24,4,1,19
6968,31,2020-09-17,9,0,1,5
6969,31,2020-09-18,14,0,1,13
6970,31,2020-09-19,8,3,1,8
6971,31,2020-09-20,2,0,0,3
6972,31,2020-09-21,24,6,2,21
6973,31,2020-09-22,13,1,1,12
6974,31,2020-09-23,5,5,0,11
6975,31,2020-09-24,22,6,2,13
6976,31,2020-09-25,9,2,0,1
6977,31,2020-09-26,19,5,0,17
6978,31,2020-09-27,5,0,0,0
6979,31,2020-09-28,10,4,2,7
6980,31,2020-09-29,36,18,0,16
6981,31,2020-09-30,19,3,2,2
6982,31,2020-10-01,14,1,0,17
6983,31,2020-10-02,12,2,2,8
6984,31,2020-10-03,23,7,1,19
6985,31,2020-10-04,18,6,1,8
6986,31,2020-10-05,19,2,5,5
6987,31,2020-10-06,19,6,1,20
6988,31,2020-10-07,12,3,3,20
6989,31,2020-10-08,8,4,1,10
6990,31,2020-10-09,10,3,0,3
6991,31,2020-10-10,29,6,1,24
6992,31,2020-10-11,10,0,0,5
6993,31,2020-10-12,9,5,1,11
6994,31,2020-10-13,29,9,1,32
6995,31,2020-10-14,22,12,1,15
6996,31,2020-10-15,23,4,2,21
6997,31,2020-10-16,24,7,2,13
6998,31,2020-10-17,28,8,1,20
6999,31,2020-10-18,26,6,1,6
7000,31,2020-10-19,34,12,2,13
7001,31,2020-10-20,18,5,1,27
7002,31,2020-10-21,30,6,0,4
7003,31,2020-10-22,40,12,4,36
7004,31,2020-10-23,26,5,0,6
7005,31,2020-10-24,37,11,3,37
7006,31,2020-10-25,18,8,0,13
7007,31,2020-10-26,30,6,4,3
7008,31,2020-10-27,54,6,1,20
7009,31,2020-10-28,48,8,1,35
7010,31,2020-10-29,38,15,3,35
7011,31,2020-10-30,36,6,5,34
7012,31,2020-10-31,31,9,5,23
7013,31,2020-11-01,29,9,0,12
7014,31,2020-11-02,30,12,5,17
7015,31,2020-11-03,54,5,3,19
7016,31,2020-11-04,55,12,7,45
7017,31,2020-11-05,42,11,7,34
7018,31,2020-11-06,59,9,4,32
7019,31,2020-11-07,31,11,3,22
7020,32,2020-03-19,2,2,0,0
7021,32,2020-03-20,0,0,0,0
7022,32,2020-03-21,1,0,0,0
7023,32,2020-03-22,0,0,0,0
7024,32,2020-03-23,1,0,0,0
7025,32,2020-03-24,3,0,0,0
7026,32,2020-03-25,3,0,0,0
7027,32,2020-03-26,0,0,0,1
7028,32,2020-03-27,5,1,0,0
7029,32,2020-03-28,1,0,0,0
7030,32,2020-03-29,4,0,0,0
7031,32,2020-03-30,1,0,1,0
7032,32,2020-03-31,3,0,1,2
7033,32,2020-04-01,8,0,1,1
7034,32,2020-04-02,4,1,0,2
7035,32,2020-04-03,2,0,2,0
7036,32,2020-04-04,4,0,2,1
7037,32,2020-04-05,2,1,0,0
7038,32,2020-04-06,1,0,0,1
7039,32,2020-04-07,4,0,1,5
7040,32,2020-04-08,4,0,0,1
7041,32,2020-04-09,1,1,0,2
7042,32,2020-04-10,1,0,0,4
7043,32,2020-04-11,0,0,1,1
7044,32,2020-04-12,5,0,0,0
7045,32,2020-04-13,3,0,0,0
7046,32,2020-04-14,3,0,1,1
7047,32,2020-04-15,3,0,0,5
7048,32,2020-04-16,4,0,0,2
7049,32,2020-04-17,4,1,0,0
7050,32,2020-04-18,2,0,1,0
7051,32,2020-04-19,2,0,0,0
7052,32,2020-04-20,8,2,0,1
7053,32,2020-04-21,3,0,2,3
7054,32,2020-04-22,2,1,0,0
7055,32,2020-04-23,4,0,3,3
7056,32,2020-04-24,2,1,0,13
7057,32,2020-04-25,0,0,0,3
7058,32,2020-04-26,8,0,0,0
7059,32,2020-04-27,4,0,1,1
7060,32,2020-04-28,0,0,1,0
7061,32,2020-04-29,0,0,0,1
7062,32,2020-04-30,0,0,0,1
7063,32,2020-05-01,0,0,0,3
7064,32,2020-05-02,0,0,0,0
7065,32,2020-05-03,1,0,0,0
7066,32,2020-05-04,8,0,2,1
7067,32,2020-05-05,10,0,0,8
7068,32,2020-05-06,1,0,1,2
7069,32,2020-05-07,0,0,1,0
7070,32,2020-05-08,1,1,1,2
7071,32,2020-05-09,0,0,0,0
7072,32,2020-05-10,1,0,0,0
7073,32,2020-05-11,2,0,0,2
7074,32,2020-05-12,1,0,0,0
7075,32,2020-05-13,0,0,0,3
7076,32,2020-05-14,0,0,0,5
7077,32,2020-05-15,1,0,1,1
7078,32,2020-05-16,2,0,0,0
7079,32,2020-05-17,0,0,0,0
7080,32,2020-05-18,0,0,0,1
7081,32,2020-05-19,0,0,0,3
7082,32,2020-05-20,0,0,0,0
7083,32,2020-05-21,1,0,0,0
7084,32,2020-05-22,0,0,0,0
7085,32,2020-05-23,0,0,0,0
7086,32,2020-05-24,0,0,0,0
7087,32,2020-05-25,1,0,0,0
7088,32,2020-05-26,1,0,0,0
7089,32,2020-05-27,1,0,0,4
7090,32,2020-05-28,0,0,0,0
7091,32,2020-05-29,0,0,0,0
7092,32,2020-05-30,0,0,0,0
7093,32,2020-05-31,0,0,0,0
7094,32,2020-06-01,0,0,0,0
7095,32,2020-06-02,0,0,0,0
7096,32,2020-06-03,0,0,0,0
7097,32,2020-06-04,0,0,0,1
7098,32,2020-06-05,0,0,0,0
7099,32,2020-06-06,0,0,0,0
7100,32,2020-06-07,0,0,0,0
7101,32,2020-06-08,0,0,0,0
7102,32,2020-06-09,0,0,0,0
7103,32,2020-06-10,0,0,0,2
7104,32,2020-06-11,0,0,0,0
7105,32,2020-06-12,0,0,0,0
7106,32,2020-06-13,0,0,0,0
7107,32,2020-06-14,0,0,0,0
7108,32,2020-06-15,0,0,0,0
7109,32,2020-06-16,0,0,0,0
7110,32,2020-06-17,0,0,0,1
7111,32,2020-06-18,0,0,0,0
7112,32,2020-06-19,0,0,0,0
7113,32,2020-06-20,0,0,0,0
7114,32,2020-06-21,0,0,0,0
7115,32,2020-06-22,0,0,0,0
7116,32,2020-06-23,0,0,0,0
7117,32,2020-06-24,0,0,0,0
7118,32,2020-06-25,0,0,0,0
7119,32,2020-06-26,0,0,0,0
7120,32,2020-06-27,0,0,0,0
7121,32,2020-06-28,0,0,0,0
7122,32,2020-06-29,0,0,0,0
7123,32,2020-06-30,0,0,0,0
7124,32,2020-07-01,0,0,0,0
7125,32,2020-07-02,0,0,0,0
7126,32,2020-07-03,0,0,0,1
7127,32,2020-07-04,0,0,0,0
7128,32,2020-07-05,0,0,0,0
7129,32,2020-07-06,0,0,0,0
7130,32,2020-07-07,0,0,0,0
7131,32,2020-07-08,0,0,0,0
7132,32,2020-07-09,0,0,0,0
7133,32,2020-07-10,0,0,0,0
7134,32,2020-07-11,0,0,0,0
7135,32,2020-07-12,0,0,0,0
7136,32,2020-07-13,0,0,0,0
7137,32,2020-07-14,0,0,0,0
7138,32,2020-07-15,0,0,0,0
7139,32,2020-07-16,0,0,0,0
7140,32,2020-07-17,0,0,0,0
7141,32,2020-07-18,0,0,0,0
7142,32,2020-07-19,0,0,0,0
7143,32,2020-07-20,0,0,0,0
7144,32,2020-07-21,0,0,0,0
7145,32,2020-07-22,0,0,0,0
7146,32,2020-07-23,0,0,0,0
7147,32,2020-07-24,0,0,0,0
7148,32,2020-07-25,0,0,0,0
7149,32,2020-07-26,0,0,0,0
7150,32,2020-07-27,0,0,0,0
7151,32,2020-07-28,0,0,0,0
7152,32,2020-07-29,0,0,0,0
7153,32,2020-07-30,0,0,0,0
7154,32,2020-07-31,0,0,0,0
7155,32,2020-08-01,0,0,0,0
7156,32,2020-08-02,0,0,0,0
7157,32,2020-08-03,0,0,0,0
7158,32,2020-08-04,0,0,0,0
7159,32,2020-08-05,0,0,0,0
7160,32,2020-08-06,0,0,0,0
7161,32,2020-08-07,0,0,0,0
7162,32,2020-08-08,0,0,0,0
7163,32,2020-08-09,0,0,0,0
7164,32,2020-08-10,0,0,0,0
7165,32,2020-08-11,0,0,0,0
7166,32,2020-08-12,0,0,0,0
7167,32,2020-08-13,0,0,0,0
7168,32,2020-08-14,0,0,0,0
7169,32,2020-08-15,1,0,0,0
7170,32,2020-08-16,0,0,0,0
7171,32,2020-08-17,0,0,0,0
7172,32,2020-08-18,0,0,0,0
7173,32,2020-08-19,0,0,0,0
7174,32,2020-08-20,0,0,0,0
7175,32,2020-08-21,0,0,0,0
7176,32,2020-08-22,0,0,0,0
7177,32,2020-08-23,0,0,0,0
7178,32,2020-08-24,0,0,0,0
7179,32,2020-08-25,1,0,0,0
7180,32,2020-08-26,0,0,0,0
7181,32,2020-08-27,1,0,0,0
7182,32,2020-08-28,2,0,0,0
7183,32,2020-08-29,2,0,0,0
7184,32,2020-08-30,0,0,0,0
7185,32,2020-08-31,0,1,0,1
7186,32,2020-09-01,1,1,0,1
7187,32,2020-09-02,0,0,0,0
7188,32,2020-09-03,0,0,0,0
7189,32,2020-09-04,0,0,0,0
7190,32,2020-09-05,1,0,1,1
7191,32,2020-09-06,0,0,0,0
7192,32,2020-09-07,0,0,0,0
7193,32,2020-09-08,0,0,0,0
7194,32,2020-09-09,2,0,0,0
7195,32,2020-09-10,0,0,0,0
7196,32,2020-09-11,0,0,0,0
7197,32,2020-09-12,3,0,0,0
7198,32,2020-09-13,2,0,0,1
7199,32,2020-09-14,3,0,0,0
7200,32,2020-09-15,0,0,0,0
7201,32,2020-09-16,0,0,0,0
7202,32,2020-09-17,2,0,0,1
7203,32,2020-09-18,0,0,0,1
7204,32,2020-09-19,1,0,0,1
7205,32,2020-09-20,0,0,0,0
7206,32,2020-09-21,1,0,1,0
7207,32,2020-09-22,0,0,0,0
7208,32,2020-09-23,1,0,0,0
7209,32,2020-09-24,0,0,2,0
7210,32,2020-09-25,0,0,1,1
7211,32,2020-09-26,4,1,0,0
7212,32,2020-09-27,0,0,0,0
7213,32,2020-09-28,0,0,0,1
7214,32,2020-09-29,0,0,0,0
7215,32,2020-09-30,0,0,0,0
7216,32,2020-10-01,0,0,1,0
7217,32,2020-10-02,2,0,0,1
7218,32,2020-10-03,2,0,0,0
7219,32,2020-10-04,0,0,0,0
7220,32,2020-10-05,0,0,0,0
7221,32,2020-10-06,1,0,0,2
7222,32,2020-10-07,2,0,0,0
7223,32,2020-10-08,1,0,0,1
7224,32,2020-10-09,2,0,0,2
7225,32,2020-10-10,1,0,0,0
7226,32,2020-10-11,2,0,0,0
7227,32,2020-10-12,1,1,0,0
7228,32,2020-10-13,5,0,2,1
7229,32,2020-10-14,4,0,0,0
7230,32,2020-10-15,1,0,0,2
7231,32,2020-10-16,0,0,0,0
7232,32,2020-10-17,0,0,0,1
7233,32,2020-10-18,0,0,2,0
7234,32,2020-10-19,0,0,0,0
7235,32,2020-10-20,3,1,0,0
7236,32,2020-10-21,0,0,0,0
7237,32,2020-10-22,3,0,0,1
7238,32,2020-10-23,2,0,1,1
7239,32,2020-10-24,1,0,0,0
7240,32,2020-10-25,1,0,0,0
7241,32,2020-10-26,1,0,0,0
7242,32,2020-10-27,1,0,0,0
7243,32,2020-10-28,0,0,0,2
7244,32,2020-10-29,1,1,1,1
7245,32,2020-10-30,1,1,0,0
7246,32,2020-10-31,2,0,0,0
7247,32,2020-11-01,0,0,0,0
7248,32,2020-11-02,6,0,1,1
7249,32,2020-11-03,3,0,2,2
7250,32,2020-11-04,6,0,1,1
7251,32,2020-11-05,7,1,0,2
7252,32,2020-11-06,3,0,3,5
7253,32,2020-11-07,4,1,0,6
7254,33,2020-03-19,14,3,1,6
7255,33,2020-03-20,5,3,0,3
7256,33,2020-03-21,34,12,0,1
7257,33,2020-03-22,9,1,0,0
7258,33,2020-03-23,22,5,1,6
7259,33,2020-03-24,40,21,0,8
7260,33,2020-03-25,87,7,3,28
7261,33,2020-03-26,44,7,5,17
7262,33,2020-03-27,64,12,4,19
7263,33,2020-03-28,30,5,4,7
7264,33,2020-03-29,29,8,4,9
7265,33,2020-03-30,89,13,4,37
7266,33,2020-03-31,66,15,5,47
7267,33,2020-04-01,49,12,2,38
7268,33,2020-04-02,53,7,1,39
7269,33,2020-04-03,37,5,3,17
7270,33,2020-04-04,15,4,4,23
7271,33,2020-04-05,15,2,2,13
7272,33,2020-04-06,32,5,5,17
7273,33,2020-04-07,28,6,3,19
7274,33,2020-04-08,32,7,8,42
7275,33,2020-04-09,32,6,4,31
7276,33,2020-04-10,25,3,1,21
7277,33,2020-04-11,31,2,4,24
7278,33,2020-04-12,10,1,4,16
7279,33,2020-04-13,22,5,1,8
7280,33,2020-04-14,25,1,3,16
7281,33,2020-04-15,16,2,2,26
7282,33,2020-04-16,15,2,1,19
7283,33,2020-04-17,24,4,7,17
7284,33,2020-04-18,15,3,5,24
7285,33,2020-04-19,23,4,2,10
7286,33,2020-04-20,22,1,4,9
7287,33,2020-04-21,14,0,4,22
7288,33,2020-04-22,12,3,1,18
7289,33,2020-04-23,24,3,4,31
7290,33,2020-04-24,5,0,3,13
7291,33,2020-04-25,13,0,2,14
7292,33,2020-04-26,8,1,1,5
7293,33,2020-04-27,15,0,2,8
7294,33,2020-04-28,14,1,2,21
7295,33,2020-04-29,7,0,2,14
7296,33,2020-04-30,8,0,4,18
7297,33,2020-05-01,5,1,0,14
7298,33,2020-05-02,3,0,1,3
7299,33,2020-05-03,10,2,1,3
7300,33,2020-05-04,8,1,4,3
7301,33,2020-05-05,14,1,0,17
7302,33,2020-05-06,3,0,3,13
7303,33,2020-05-07,11,1,2,5
7304,33,2020-05-08,3,1,0,5
7305,33,2020-05-09,7,0,4,7
7306,33,2020-05-10,7,0,1,16
7307,33,2020-05-11,2,1,1,1
7308,33,2020-05-12,7,0,3,12
7309,33,2020-05-13,11,1,1,10
7310,33,2020-05-14,9,0,1,5
7311,33,2020-05-15,3,0,0,4
7312,33,2020-05-16,5,0,0,4
7313,33,2020-05-17,0,0,1,0
7314,33,2020-05-18,2,0,2,2
7315,33,2020-05-19,6,2,1,9
7316,33,2020-05-20,2,0,0,7
7317,33,2020-05-21,1,0,0,6
7318,33,2020-05-22,2,1,0,2
7319,33,2020-05-23,4,0,1,5
7320,33,2020-05-24,2,0,0,0
7321,33,2020-05-25,2,0,1,8
7322,33,2020-05-26,1,1,1,4
7323,33,2020-05-27,4,1,0,4
7324,33,2020-05-28,2,0,1,13
7325,33,2020-05-29,1,1,1,3
7326,33,2020-05-30,1,0,0,4
7327,33,2020-05-31,1,1,0,0
7328,33,2020-06-01,1,0,0,0
7329,33,2020-06-02,0,1,0,9
7330,33,2020-06-03,6,0,0,9
7331,33,2020-06-04,6,1,0,5
7332,33,2020-06-05,2,0,1,2
7333,33,2020-06-06,1,0,1,3
7334,33,2020-06-07,0,0,0,0
7335,33,2020-06-08,2,0,0,11
7336,33,2020-06-09,3,0,1,2
7337,33,2020-06-10,1,2,0,4
7338,33,2020-06-11,2,0,0,4
7339,33,2020-06-12,2,0,0,0
7340,33,2020-06-13,0,0,0,1
7341,33,2020-06-14,0,0,0,3
7342,33,2020-06-15,2,0,1,2
7343,33,2020-06-16,1,0,1,4
7344,33,2020-06-17,0,0,0,3
7345,33,2020-06-18,0,0,0,2
7346,33,2020-06-19,1,0,0,2
7347,33,2020-06-20,0,0,0,0
7348,33,2020-06-21,0,0,0,0
7349,33,2020-06-22,1,0,0,1
7350,33,2020-06-23,0,0,0,0
7351,33,2020-06-24,0,0,0,2
7352,33,2020-06-25,0,0,0,6
7353,33,2020-06-26,0,0,1,4
7354,33,2020-06-27,0,0,3,5
7355,33,2020-06-28,0,0,0,0
7356,33,2020-06-29,5,2,0,2
7357,33,2020-06-30,0,0,0,1
7358,33,2020-07-01,2,0,0,7
7359,33,2020-07-02,1,0,1,1
7360,33,2020-07-03,1,0,1,4
7361,33,2020-07-04,2,0,0,0
7362,33,2020-07-05,0,0,0,0
7363,33,2020-07-06,2,0,0,1
7364,33,2020-07-07,1,0,0,3
7365,33,2020-07-08,0,0,0,1
7366,33,2020-07-09,3,0,0,0
7367,33,2020-07-10,1,0,0,0
7368,33,2020-07-11,1,0,0,0
7369,33,2020-07-12,1,0,0,0
7370,33,2020-07-13,0,0,1,0
7371,33,2020-07-14,4,0,0,1
7372,33,2020-07-15,1,0,0,2
7373,33,2020-07-16,3,1,0,2
7374,33,2020-07-17,1,0,0,5
7375,33,2020-07-18,0,0,0,0
7376,33,2020-07-19,0,0,0,0
7377,33,2020-07-20,7,6,0,3
7378,33,2020-07-21,1,0,0,4
7379,33,2020-07-22,0,0,0,0
7380,33,2020-07-23,0,0,0,1
7381,33,2020-07-24,1,0,0,0
7382,33,2020-07-25,1,0,0,1
7383,33,2020-07-26,1,0,0,0
7384,33,2020-07-27,1,0,0,2
7385,33,2020-07-28,1,0,0,3
7386,33,2020-07-29,3,1,0,1
7387,33,2020-07-30,1,0,0,1
7388,33,2020-07-31,1,0,0,1
7389,33,2020-08-01,0,0,0,0
7390,33,2020-08-02,0,0,0,0
7391,33,2020-08-03,0,0,0,1
7392,33,2020-08-04,0,0,1,1
7393,33,2020-08-05,0,0,0,0
7394,33,2020-08-06,2,0,0,5
7395,33,2020-08-07,0,0,1,0
7396,33,2020-08-08,0,0,0,0
7397,33,2020-08-09,0,0,0,0
7398,33,2020-08-10,4,2,1,0
7399,33,2020-08-11,3,2,0,3
7400,33,2020-08-12,3,1,0,2
7401,33,2020-08-13,5,0,1,3
7402,33,2020-08-14,3,0,0,2
7403,33,2020-08-15,5,0,0,2
7404,33,2020-08-16,2,0,0,0
7405,33,2020-08-17,7,1,0,2
7406,33,2020-08-18,3,0,0,4
7407,33,2020-08-19,5,1,0,4
7408,33,2020-08-20,1,0,0,3
7409,33,2020-08-21,9,3,0,5
7410,33,2020-08-22,1,0,0,2
7411,33,2020-08-23,0,0,0,0
7412,33,2020-08-24,5,3,1,2
7413,33,2020-08-25,2,1,0,4
7414,33,2020-08-26,2,0,1,1
7415,33,2020-08-27,2,1,0,3
7416,33,2020-08-28,4,1,0,2
7417,33,2020-08-29,5,0,0,3
7418,33,2020-08-30,5,1,0,1
7419,33,2020-08-31,5,2,1,1
7420,33,2020-09-01,13,1,0,12
7421,33,2020-09-02,2,1,1,3
7422,33,2020-09-03,19,5,0,7
7423,33,2020-09-04,11,3,1,8
7424,33,2020-09-05,0,1,0,0
7425,33,2020-09-06,0,0,0,0
7426,33,2020-09-07,16,3,2,2
7427,33,2020-09-08,32,7,1,8
7428,33,2020-09-09,10,4,0,14
7429,33,2020-09-10,13,2,0,10
7430,33,2020-09-11,11,3,1,10
7431,33,2020-09-12,4,0,0,0
7432,33,2020-09-13,13,2,1,5
7433,33,2020-09-14,11,2,3,1
7434,33,2020-09-15,17,3,1,12
7435,33,2020-09-16,26,1,0,11
7436,33,2020-09-17,13,1,1,13
7437,33,2020-09-18,32,6,1,18
7438,33,2020-09-19,15,2,0,3
7439,33,2020-09-20,10,3,2,18
7440,33,2020-09-21,21,6,0,7
7441,33,2020-09-22,23,3,1,17
7442,33,2020-09-23,21,3,1,12
7443,33,2020-09-24,2,1,0,3
7444,33,2020-09-25,14,3,3,15
7445,33,2020-09-26,7,0,1,12
7446,33,2020-09-27,2,1,0,2
7447,33,2020-09-28,25,2,4,4
7448,33,2020-09-29,11,5,1,18
7449,33,2020-09-30,3,1,3,10
7450,33,2020-10-01,20,2,2,6
7451,33,2020-10-02,19,6,4,12
7452,33,2020-10-03,2,1,1,3
7453,33,2020-10-04,23,5,1,5
7454,33,2020-10-05,17,4,1,8
7455,33,2020-10-06,13,2,0,13
7456,33,2020-10-07,14,3,3,10
7457,33,2020-10-08,11,3,2,6
7458,33,2020-10-09,8,0,0,14
7459,33,2020-10-10,10,1,1,8
7460,33,2020-10-11,5,0,0,1
7461,33,2020-10-12,14,2,1,5
7462,33,2020-10-13,35,5,3,25
7463,33,2020-10-14,11,4,4,18
7464,33,2020-10-15,15,3,5,9
7465,33,2020-10-16,15,2,5,13
7466,33,2020-10-17,9,2,3,4
7467,33,2020-10-18,20,4,2,8
7468,33,2020-10-19,14,2,3,4
7469,33,2020-10-20,35,5,4,21
7470,33,2020-10-21,20,4,4,19
7471,33,2020-10-22,22,8,0,7
7472,33,2020-10-23,14,3,0,10
7473,33,2020-10-24,18,6,2,11
7474,33,2020-10-25,15,0,0,3
7475,33,2020-10-26,31,3,0,12
7476,33,2020-10-27,48,9,2,28
7477,33,2020-10-28,45,5,1,43
7478,33,2020-10-29,38,9,3,31
7479,33,2020-10-30,26,7,2,9
7480,33,2020-10-31,7,2,1,14
7481,33,2020-11-01,25,7,7,8
7482,33,2020-11-02,41,2,3,20
7483,33,2020-11-03,26,7,4,23
7484,33,2020-11-04,47,9,4,28
7485,33,2020-11-05,25,3,1,19
7486,33,2020-11-06,31,2,3,20
7487,33,2020-11-07,13,4,4,25
7488,34,2020-03-19,24,7,2,5
7489,34,2020-03-20,15,6,1,1
7490,34,2020-03-21,19,4,0,9
7491,34,2020-03-22,11,4,2,7
7492,34,2020-03-23,23,8,3,2
7493,34,2020-03-24,26,9,1,7
7494,34,2020-03-25,45,9,3,5
7495,34,2020-03-26,37,8,3,16
7496,34,2020-03-27,38,9,2,11
7497,34,2020-03-28,47,11,3,12
7498,34,2020-03-29,38,7,2,2
7499,34,2020-03-30,24,14,1,14
7500,34,2020-03-31,38,7,5,36
7501,34,2020-04-01,33,10,6,25
7502,34,2020-04-02,30,6,4,17
7503,34,2020-04-03,41,10,4,16
7504,34,2020-04-04,11,3,8,16
7505,34,2020-04-05,20,0,1,13
7506,34,2020-04-06,21,6,2,12
7507,34,2020-04-07,25,5,3,31
7508,34,2020-04-08,14,4,3,27
7509,34,2020-04-09,12,0,2,25
7510,34,2020-04-10,20,7,8,26
7511,34,2020-04-11,10,2,4,26
7512,34,2020-04-12,5,1,0,7
7513,34,2020-04-13,21,7,2,5
7514,34,2020-04-14,8,5,7,7
7515,34,2020-04-15,9,5,5,17
7516,34,2020-04-16,6,4,1,19
7517,34,2020-04-17,8,0,0,14
7518,34,2020-04-18,35,4,1,21
7519,34,2020-04-19,7,3,0,0
7520,34,2020-04-20,9,7,4,13
7521,34,2020-04-21,5,0,2,10
7522,34,2020-04-22,3,1,0,8
7523,34,2020-04-23,4,5,1,9
7524,34,2020-04-24,4,1,1,12
7525,34,2020-04-25,5,0,0,8
7526,34,2020-04-26,2,0,0,0
7527,34,2020-04-27,5,1,1,2
7528,34,2020-04-28,7,0,2,8
7529,34,2020-04-29,2,0,2,9
7530,34,2020-04-30,8,1,1,4
7531,34,2020-05-01,1,0,0,7
7532,34,2020-05-02,1,0,3,0
7533,34,2020-05-03,0,0,0,0
7534,34,2020-05-04,4,1,0,6
7535,34,2020-05-05,5,0,6,6
7536,34,2020-05-06,4,0,1,8
7537,34,2020-05-07,2,0,0,5
7538,34,2020-05-08,3,0,0,17
7539,34,2020-05-09,2,0,0,2
7540,34,2020-05-10,1,0,0,1
7541,34,2020-05-11,6,2,1,3
7542,34,2020-05-12,0,1,0,8
7543,34,2020-05-13,8,2,0,8
7544,34,2020-05-14,1,2,1,8
7545,34,2020-05-15,3,1,0,4
7546,34,2020-05-16,0,0,0,4
7547,34,2020-05-17,0,0,0,1
7548,34,2020-05-18,4,1,1,4
7549,34,2020-05-19,0,0,0,4
7550,34,2020-05-20,5,0,1,3
7551,34,2020-05-21,0,0,0,1
7552,34,2020-05-22,10,1,1,0
7553,34,2020-05-23,0,0,0,1
7554,34,2020-05-24,1,0,0,0
7555,34,2020-05-25,5,0,0,7
7556,34,2020-05-26,1,1,1,3
7557,34,2020-05-27,5,0,0,2
7558,34,2020-05-28,1,1,0,3
7559,34,2020-05-29,2,0,0,2
7560,34,2020-05-30,9,0,0,12
7561,34,2020-05-31,0,0,0,0
7562,34,2020-06-01,0,0,0,0
7563,34,2020-06-02,1,0,0,1
7564,34,2020-06-03,1,0,0,0
7565,34,2020-06-04,0,0,0,0
7566,34,2020-06-05,1,1,1,9
7567,34,2020-06-06,0,0,0,0
7568,34,2020-06-07,0,0,0,0
7569,34,2020-06-08,2,0,0,6
7570,34,2020-06-09,3,0,0,3
7571,34,2020-06-10,0,0,0,7
7572,34,2020-06-11,1,0,1,0
7573,34,2020-06-12,1,0,0,2
7574,34,2020-06-13,0,0,0,0
7575,34,2020-06-14,0,0,0,2
7576,34,2020-06-15,0,0,1,1
7577,34,2020-06-16,0,0,0,0
7578,34,2020-06-17,0,0,0,0
7579,34,2020-06-18,0,0,0,1
7580,34,2020-06-19,0,0,0,1
7581,34,2020-06-20,0,0,0,0
7582,34,2020-06-21,0,0,0,0
7583,34,2020-06-22,1,0,0,1
7584,34,2020-06-23,0,0,0,0
7585,34,2020-06-24,0,0,0,0
7586,34,2020-06-25,0,0,0,0
7587,34,2020-06-26,0,1,0,1
7588,34,2020-06-27,0,0,0,0
7589,34,2020-06-28,0,0,0,0
7590,34,2020-06-29,0,0,0,0
7591,34,2020-06-30,0,0,0,0
7592,34,2020-07-01,0,0,0,2
7593,34,2020-07-02,0,0,0,0
7594,34,2020-07-03,0,0,0,3
7595,34,2020-07-04,0,0,0,0
7596,34,2020-07-05,0,0,0,0
7597,34,2020-07-06,0,0,0,0
7598,34,2020-07-07,2,0,0,0
7599,34,2020-07-08,0,0,0,1
7600,34,2020-07-09,1,0,0,3
7601,34,2020-07-10,0,0,1,1
7602,34,2020-07-11,1,0,0,0
7603,34,2020-07-12,0,0,0,1
7604,34,2020-07-13,0,0,0,0
7605,34,2020-07-14,0,0,0,0
7606,34,2020-07-15,0,0,0,0
7607,34,2020-07-16,1,1,0,0
7608,34,2020-07-17,0,0,0,1
7609,34,2020-07-18,0,0,0,0
7610,34,2020-07-19,0,0,0,0
7611,34,2020-07-20,1,0,0,0
7612,34,2020-07-21,0,0,0,2
7613,34,2020-07-22,1,0,0,0
7614,34,2020-07-23,1,0,0,1
7615,34,2020-07-24,1,0,1,0
7616,34,2020-07-25,0,0,0,0
7617,34,2020-07-26,0,0,0,0
7618,34,2020-07-27,0,0,0,1
7619,34,2020-07-28,0,0,0,0
7620,34,2020-07-29,3,0,1,1
7621,34,2020-07-30,1,0,0,0
7622,34,2020-07-31,0,0,0,1
7623,34,2020-08-01,0,0,0,1
7624,34,2020-08-02,0,0,0,0
7625,34,2020-08-03,1,0,0,0
7626,34,2020-08-04,1,0,0,0
7627,34,2020-08-05,2,0,0,1
7628,34,2020-08-06,1,0,0,2
7629,34,2020-08-07,1,0,0,2
7630,34,2020-08-08,2,0,0,1
7631,34,2020-08-09,1,0,0,0
7632,34,2020-08-10,3,0,0,1
7633,34,2020-08-11,10,1,0,7
7634,34,2020-08-12,1,0,0,3
7635,34,2020-08-13,3,1,0,4
7636,34,2020-08-14,3,0,0,0
7637,34,2020-08-15,3,0,0,0
7638,34,2020-08-16,0,0,0,0
7639,34,2020-08-17,1,0,0,1
7640,34,2020-08-18,2,0,0,1
7641,34,2020-08-19,8,3,0,3
7642,34,2020-08-20,3,1,0,1
7643,34,2020-08-21,7,1,0,3
7644,34,2020-08-22,1,0,0,0
7645,34,2020-08-23,0,0,0,0
7646,34,2020-08-24,6,0,0,10
7647,34,2020-08-25,3,0,0,3
7648,34,2020-08-26,3,1,0,1
7649,34,2020-08-27,7,0,0,2
7650,34,2020-08-28,12,2,0,3
7651,34,2020-08-29,5,0,0,2
7652,34,2020-08-30,1,0,0,0
7653,34,2020-08-31,15,2,1,8
7654,34,2020-09-01,4,1,0,3
7655,34,2020-09-02,5,2,0,8
7656,34,2020-09-03,8,5,0,1
7657,34,2020-09-04,6,0,2,3
7658,34,2020-09-05,4,0,0,0
7659,34,2020-09-06,3,2,0,2
7660,34,2020-09-07,3,2,0,8
7661,34,2020-09-08,27,7,1,9
7662,34,2020-09-09,9,1,1,8
7663,34,2020-09-10,7,2,0,6
7664,34,2020-09-11,10,1,2,11
7665,34,2020-09-12,2,1,1,5
7666,34,2020-09-13,7,0,0,0
7667,34,2020-09-14,20,1,1,3
7668,34,2020-09-15,13,3,3,11
7669,34,2020-09-16,10,4,1,5
7670,34,2020-09-17,11,4,0,5
7671,34,2020-09-18,6,3,0,15
7672,34,2020-09-19,7,2,1,8
7673,34,2020-09-20,2,1,0,2
7674,34,2020-09-21,3,2,1,3
7675,34,2020-09-22,8,3,2,9
7676,34,2020-09-23,7,2,2,3
7677,34,2020-09-24,18,4,1,6
7678,34,2020-09-25,7,1,0,7
7679,34,2020-09-26,3,1,1,9
7680,34,2020-09-27,4,3,1,0
7681,34,2020-09-28,12,2,2,2
7682,34,2020-09-29,5,1,2,13
7683,34,2020-09-30,9,4,0,7
7684,34,2020-10-01,7,0,0,8
7685,34,2020-10-02,16,4,2,9
7686,34,2020-10-03,6,4,1,10
7687,34,2020-10-04,6,3,0,2
7688,34,2020-10-05,14,3,1,4
7689,34,2020-10-06,15,5,0,7
7690,34,2020-10-07,9,4,0,4
7691,34,2020-10-08,36,5,1,8
7692,34,2020-10-09,25,9,1,7
7693,34,2020-10-10,12,3,0,11
7694,34,2020-10-11,5,1,0,1
7695,34,2020-10-12,24,6,2,8
7696,34,2020-10-13,22,4,3,9
7697,34,2020-10-14,24,7,5,20
7698,34,2020-10-15,10,4,2,17
7699,34,2020-10-16,32,10,7,17
7700,34,2020-10-17,8,4,4,9
7701,34,2020-10-18,14,4,2,0
7702,34,2020-10-19,30,3,5,7
7703,34,2020-10-20,32,7,5,12
7704,34,2020-10-21,34,14,4,19
7705,34,2020-10-22,29,2,6,16
7706,34,2020-10-23,25,10,2,17
7707,34,2020-10-24,29,6,4,13
7708,34,2020-10-25,16,5,4,5
7709,34,2020-10-26,40,10,10,13
7710,34,2020-10-27,60,9,8,19
7711,34,2020-10-28,37,14,5,9
7712,34,2020-10-29,82,12,8,32
7713,34,2020-10-30,51,6,8,50
7714,34,2020-10-31,31,8,6,36
7715,34,2020-11-01,19,4,3,7
7716,34,2020-11-02,33,4,3,20
7717,34,2020-11-03,57,10,6,38
7718,34,2020-11-04,43,8,3,22
7719,34,2020-11-05,54,6,6,35
7720,34,2020-11-06,66,7,4,42
7721,34,2020-11-07,36,7,4,25
7722,35,2020-03-19,25,7,0,16
7723,35,2020-03-20,8,2,1,1
7724,35,2020-03-21,8,3,0,1
7725,35,2020-03-22,4,2,0,0
7726,35,2020-03-23,12,4,0,2
7727,35,2020-03-24,9,2,1,6
7728,35,2020-03-25,12,2,0,4
7729,35,2020-03-26,15,2,0,5
7730,35,2020-03-27,10,4,1,5
7731,35,2020-03-28,19,5,2,3
7732,35,2020-03-29,30,2,0,11
7733,35,2020-03-30,15,4,2,2
7734,35,2020-03-31,19,7,2,8
7735,35,2020-04-01,17,6,1,3
7736,35,2020-04-02,20,5,2,7
7737,35,2020-04-03,10,1,4,5
7738,35,2020-04-04,13,3,1,10
7739,35,2020-04-05,6,4,0,3
7740,35,2020-04-06,16,2,3,5
7741,35,2020-04-07,19,1,3,18
7742,35,2020-04-08,21,4,4,11
7743,35,2020-04-09,13,2,0,4
7744,35,2020-04-10,15,1,9,8
7745,35,2020-04-11,15,2,3,11
7746,35,2020-04-12,16,0,0,6
7747,35,2020-04-13,6,1,1,4
7748,35,2020-04-14,18,1,4,8
7749,35,2020-04-15,23,0,4,12
7750,35,2020-04-16,12,1,1,14
7751,35,2020-04-17,11,3,2,9
7752,35,2020-04-18,9,2,5,17
7753,35,2020-04-19,6,1,4,6
7754,35,2020-04-20,3,1,1,2
7755,35,2020-04-21,10,2,3,11
7756,35,2020-04-22,10,2,0,10
7757,35,2020-04-23,8,0,3,6
7758,35,2020-04-24,5,0,0,11
7759,35,2020-04-25,6,1,1,13
7760,35,2020-04-26,2,0,0,3
7761,35,2020-04-27,0,0,1,0
7762,35,2020-04-28,6,0,3,9
7763,35,2020-04-29,4,0,0,5
7764,35,2020-04-30,3,0,0,3
7765,35,2020-05-01,2,0,0,10
7766,35,2020-05-02,2,1,2,5
7767,35,2020-05-03,3,0,2,3
7768,35,2020-05-04,3,0,1,2
7769,35,2020-05-05,1,0,0,5
7770,35,2020-05-06,2,0,1,3
7771,35,2020-05-07,1,0,0,13
7772,35,2020-05-08,4,0,0,8
7773,35,2020-05-09,0,0,0,2
7774,35,2020-05-10,2,0,0,2
7775,35,2020-05-11,1,0,2,1
7776,35,2020-05-12,3,0,1,9
7777,35,2020-05-13,2,0,0,13
7778,35,2020-05-14,1,0,0,1
7779,35,2020-05-15,5,0,1,12
7780,35,2020-05-16,9,0,2,8
7781,35,2020-05-17,4,0,0,2
7782,35,2020-05-18,2,1,0,0
7783,35,2020-05-19,3,0,0,2
7784,35,2020-05-20,6,0,0,3
7785,35,2020-05-21,2,0,1,2
7786,35,2020-05-22,6,0,0,0
7787,35,2020-05-23,0,0,0,1
7788,35,2020-05-24,1,0,0,0
7789,35,2020-05-25,2,1,1,6
7790,35,2020-05-26,2,1,0,8
7791,35,2020-05-27,1,0,1,3
7792,35,2020-05-28,0,0,0,5
7793,35,2020-05-29,2,0,0,0
7794,35,2020-05-30,1,0,0,9
7795,35,2020-05-31,0,0,0,0
7796,35,2020-06-01,1,0,1,0
7797,35,2020-06-02,0,0,0,0
7798,35,2020-06-03,5,0,1,12
7799,35,2020-06-04,1,0,0,1
7800,35,2020-06-05,3,0,0,5
7801,35,2020-06-06,1,0,0,0
7802,35,2020-06-07,1,0,0,1
7803,35,2020-06-08,0,0,0,1
7804,35,2020-06-09,0,0,0,0
7805,35,2020-06-10,2,0,0,0
7806,35,2020-06-11,2,0,0,5
7807,35,2020-06-12,1,0,0,2
7808,35,2020-06-13,0,0,0,2
7809,35,2020-06-14,0,0,0,0
7810,35,2020-06-15,3,0,0,0
7811,35,2020-06-16,2,0,0,1
7812,35,2020-06-17,0,0,0,1
7813,35,2020-06-18,0,0,0,1
7814,35,2020-06-19,3,0,0,4
7815,35,2020-06-20,0,0,0,2
7816,35,2020-06-21,0,0,0,0
7817,35,2020-06-22,0,0,0,1
7818,35,2020-06-23,0,0,0,1
7819,35,2020-06-24,0,0,0,1
7820,35,2020-06-25,0,0,0,4
7821,35,2020-06-26,0,0,0,0
7822,35,2020-06-27,0,0,0,2
7823,35,2020-06-28,0,0,0,0
7824,35,2020-06-29,0,0,0,3
7825,35,2020-06-30,0,0,0,1
7826,35,2020-07-01,0,0,0,0
7827,35,2020-07-02,0,0,0,1
7828,35,2020-07-03,0,0,0,1
7829,35,2020-07-04,0,0,0,0
7830,35,2020-07-05,0,0,0,0
7831,35,2020-07-06,0,0,0,1
7832,35,2020-07-07,0,0,0,1
7833,35,2020-07-08,0,0,0,0
7834,35,2020-07-09,2,0,0,1
7835,35,2020-07-10,0,0,0,0
7836,35,2020-07-11,0,0,0,0
7837,35,2020-07-12,1,1,0,0
7838,35,2020-07-13,1,1,0,0
7839,35,2020-07-14,0,0,0,0
7840,35,2020-07-15,0,0,0,0
7841,35,2020-07-16,0,0,1,0
7842,35,2020-07-17,0,0,0,0
7843,35,2020-07-18,0,0,0,1
7844,35,2020-07-19,0,0,0,0
7845,35,2020-07-20,3,0,0,1
7846,35,2020-07-21,0,1,0,0
7847,35,2020-07-22,0,0,0,1
7848,35,2020-07-23,2,0,0,6
7849,35,2020-07-24,1,0,0,0
7850,35,2020-07-25,0,0,0,0
7851,35,2020-07-26,1,0,0,1
7852,35,2020-07-27,3,1,0,4
7853,35,2020-07-28,0,0,0,1
7854,35,2020-07-29,1,0,0,0
7855,35,2020-07-30,4,0,1,0
7856,35,2020-07-31,1,1,0,3
7857,35,2020-08-01,0,0,0,1
7858,35,2020-08-02,0,0,0,0
7859,35,2020-08-03,3,4,0,1
7860,35,2020-08-04,3,3,0,0
7861,35,2020-08-05,1,0,0,3
7862,35,2020-08-06,0,1,0,1
7863,35,2020-08-07,2,0,1,0
7864,35,2020-08-08,0,0,0,0
7865,35,2020-08-09,0,0,0,0
7866,35,2020-08-10,2,0,0,3
7867,35,2020-08-11,3,0,0,1
7868,35,2020-08-12,0,1,0,1
7869,35,2020-08-13,1,0,0,0
7870,35,2020-08-14,2,1,0,1
7871,35,2020-08-15,0,0,0,0
7872,35,2020-08-16,0,0,0,0
7873,35,2020-08-17,3,2,0,3
7874,35,2020-08-18,0,0,0,0
7875,35,2020-08-19,1,0,0,0
7876,35,2020-08-20,1,1,0,2
7877,35,2020-08-21,1,1,0,0
7878,35,2020-08-22,0,0,0,0
7879,35,2020-08-23,0,0,0,0
7880,35,2020-08-24,0,1,0,2
7881,35,2020-08-25,1,1,0,1
7882,35,2020-08-26,0,0,0,1
7883,35,2020-08-27,1,0,0,0
7884,35,2020-08-28,0,0,0,0
7885,35,2020-08-29,0,0,0,0
7886,35,2020-08-30,1,0,0,0
7887,35,2020-08-31,2,1,0,3
7888,35,2020-09-01,2,1,0,0
7889,35,2020-09-02,0,0,0,0
7890,35,2020-09-03,1,0,0,0
7891,35,2020-09-04,2,0,0,2
7892,35,2020-09-05,0,0,0,0
7893,35,2020-09-06,0,0,0,0
7894,35,2020-09-07,0,0,0,0
7895,35,2020-09-08,6,1,0,3
7896,35,2020-09-09,7,0,0,4
7897,35,2020-09-10,8,0,0,4
7898,35,2020-09-11,7,1,0,1
7899,35,2020-09-12,5,0,0,1
7900,35,2020-09-13,1,0,0,0
7901,35,2020-09-14,6,2,1,6
7902,35,2020-09-15,6,2,0,10
7903,35,2020-09-16,8,1,1,1
7904,35,2020-09-17,9,1,0,5
7905,35,2020-09-18,10,0,1,4
7906,35,2020-09-19,3,0,0,0
7907,35,2020-09-20,0,0,0,0
7908,35,2020-09-21,12,3,2,6
7909,35,2020-09-22,6,0,1,9
7910,35,2020-09-23,6,2,0,4
7911,35,2020-09-24,8,3,1,3
7912,35,2020-09-25,2,1,0,1
7913,35,2020-09-26,5,0,1,1
7914,35,2020-09-27,0,0,0,0
7915,35,2020-09-28,7,2,1,3
7916,35,2020-09-29,4,0,2,7
7917,35,2020-09-30,3,2,1,4
7918,35,2020-10-01,7,1,0,3
7919,35,2020-10-02,4,0,0,6
7920,35,2020-10-03,3,0,0,9
7921,35,2020-10-04,0,0,0,1
7922,35,2020-10-05,5,0,0,0
7923,35,2020-10-06,5,0,0,6
7924,35,2020-10-07,1,0,0,4
7925,35,2020-10-08,8,1,2,3
7926,35,2020-10-09,5,0,1,8
7927,35,2020-10-10,6,0,1,4
7928,35,2020-10-11,7,0,0,0
7929,35,2020-10-12,10,5,0,2
7930,35,2020-10-13,5,3,0,3
7931,35,2020-10-14,8,1,2,4
7932,35,2020-10-15,6,2,1,5
7933,35,2020-10-16,10,0,1,5
7934,35,2020-10-17,11,2,1,4
7935,35,2020-10-18,2,1,0,3
7936,35,2020-10-19,11,2,0,10
7937,35,2020-10-20,17,1,0,6
7938,35,2020-10-21,9,0,1,9
7939,35,2020-10-22,10,1,3,7
7940,35,2020-10-23,17,4,1,8
7941,35,2020-10-24,7,5,0,5
7942,35,2020-10-25,15,2,1,3
7943,35,2020-10-26,14,2,1,0
7944,35,2020-10-27,17,2,1,7
7945,35,2020-10-28,21,1,3,10
7946,35,2020-10-29,25,2,2,4
7947,35,2020-10-30,28,3,5,14
7948,35,2020-10-31,26,4,1,7
7949,35,2020-11-01,23,3,3,9
7950,35,2020-11-02,35,3,2,14
7951,35,2020-11-03,36,3,2,16
7952,35,2020-11-04,33,5,2,12
7953,35,2020-11-05,30,5,1,16
7954,35,2020-11-06,29,1,2,27
7955,35,2020-11-07,15,4,0,19
7956,36,2020-03-19,3,0,0,0
7957,36,2020-03-20,1,1,0,0
7958,36,2020-03-21,1,1,0,0
7959,36,2020-03-22,0,0,0,0
7960,36,2020-03-23,13,3,2,0
7961,36,2020-03-24,3,2,0,0
7962,36,2020-03-25,7,0,3,0
7963,36,2020-03-26,1,0,0,1
7964,36,2020-03-27,11,3,2,1
7965,36,2020-03-28,13,3,1,0
7966,36,2020-03-29,1,1,1,0
7967,36,2020-03-30,5,0,2,1
7968,36,2020-03-31,2,0,2,0
7969,36,2020-04-01,6,1,4,1
7970,36,2020-04-02,5,1,0,3
7971,36,2020-04-03,2,3,0,0
7972,36,2020-04-04,11,2,0,2
7973,36,2020-04-05,11,0,1,0
7974,36,2020-04-06,2,0,3,0
7975,36,2020-04-07,8,0,2,5
7976,36,2020-04-08,4,2,2,2
7977,36,2020-04-09,6,0,0,3
7978,36,2020-04-10,17,0,4,1
7979,36,2020-04-11,8,0,1,3
7980,36,2020-04-12,1,0,2,1
7981,36,2020-04-13,17,0,6,0
7982,36,2020-04-14,5,0,0,2
7983,36,2020-04-15,9,0,0,1
7984,36,2020-04-16,3,0,0,3
7985,36,2020-04-17,5,0,1,8
7986,36,2020-04-18,4,0,2,0
7987,36,2020-04-19,4,0,3,0
7988,36,2020-04-20,5,0,2,1
7989,36,2020-04-21,22,0,4,6
7990,36,2020-04-22,11,1,6,5
7991,36,2020-04-23,5,0,1,5
7992,36,2020-04-24,4,1,1,0
7993,36,2020-04-25,8,1,2,2
7994,36,2020-04-26,1,0,1,0
7995,36,2020-04-27,3,1,2,0
7996,36,2020-04-28,2,1,1,0
7997,36,2020-04-29,6,0,0,5
7998,36,2020-04-30,4,0,0,0
7999,36,2020-05-01,3,0,1,1
8000,36,2020-05-02,2,0,0,0
8001,36,2020-05-03,2,0,0,1
8002,36,2020-05-04,1,0,3,2
8003,36,2020-05-05,0,0,1,8
8004,36,2020-05-06,0,0,0,4
8005,36,2020-05-07,1,0,0,5
8006,36,2020-05-08,2,0,0,4
8007,36,2020-05-09,0,0,1,0
8008,36,2020-05-10,0,0,0,0
8009,36,2020-05-11,0,0,1,0
8010,36,2020-05-12,1,0,0,2
8011,36,2020-05-13,0,0,0,3
8012,36,2020-05-14,2,1,1,1
8013,36,2020-05-15,1,0,0,2
8014,36,2020-05-16,0,0,0,0
8015,36,2020-05-17,0,0,1,0
8016,36,2020-05-18,2,0,0,2
8017,36,2020-05-19,0,0,1,1
8018,36,2020-05-20,1,0,0,0
8019,36,2020-05-21,0,0,1,0
8020,36,2020-05-22,2,0,0,4
8021,36,2020-05-23,0,0,0,0
8022,36,2020-05-24,0,0,0,0
8023,36,2020-05-25,0,0,1,0
8024,36,2020-05-26,0,1,0,1
8025,36,2020-05-27,0,0,0,0
8026,36,2020-05-28,0,0,0,0
8027,36,2020-05-29,0,0,0,2
8028,36,2020-05-30,0,0,0,0
8029,36,2020-05-31,0,0,0,0
8030,36,2020-06-01,0,0,0,0
8031,36,2020-06-02,0,0,0,0
8032,36,2020-06-03,0,0,0,2
8033,36,2020-06-04,0,0,0,0
8034,36,2020-06-05,0,0,0,0
8035,36,2020-06-06,0,0,0,0
8036,36,2020-06-07,0,0,0,0
8037,36,2020-06-08,0,0,0,0
8038,36,2020-06-09,0,0,1,3
8039,36,2020-06-10,0,0,0,0
8040,36,2020-06-11,0,0,0,0
8041,36,2020-06-12,0,0,0,0
8042,36,2020-06-13,1,0,1,2
8043,36,2020-06-14,0,0,0,0
8044,36,2020-06-15,0,0,0,0
8045,36,2020-06-16,0,0,0,0
8046,36,2020-06-17,0,0,1,0
8047,36,2020-06-18,0,0,0,0
8048,36,2020-06-19,0,0,0,0
8049,36,2020-06-20,0,0,0,0
8050,36,2020-06-21,0,0,0,0
8051,36,2020-06-22,0,0,0,0
8052,36,2020-06-23,0,0,0,0
8053,36,2020-06-24,0,0,0,0
8054,36,2020-06-25,0,0,0,0
8055,36,2020-06-26,0,0,0,0
8056,36,2020-06-27,0,0,0,0
8057,36,2020-06-28,0,0,0,0
8058,36,2020-06-29,0,0,0,0
8059,36,2020-06-30,0,0,0,0
8060,36,2020-07-01,0,0,0,0
8061,36,2020-07-02,0,0,0,0
8062,36,2020-07-03,0,0,0,0
8063,36,2020-07-04,0,0,0,0
8064,36,2020-07-05,0,0,0,0
8065,36,2020-07-06,0,0,0,0
8066,36,2020-07-07,0,0,0,0
8067,36,2020-07-08,0,0,0,0
8068,36,2020-07-09,0,0,0,0
8069,36,2020-07-10,0,0,0,0
8070,36,2020-07-11,0,0,0,0
8071,36,2020-07-12,0,0,0,0
8072,36,2020-07-13,0,0,0,0
8073,36,2020-07-14,0,0,0,0
8074,36,2020-07-15,0,0,0,0
8075,36,2020-07-16,0,0,0,0
8076,36,2020-07-17,0,0,0,2
8077,36,2020-07-18,0,0,0,0
8078,36,2020-07-19,0,0,0,0
8079,36,2020-07-20,0,0,0,0
8080,36,2020-07-21,0,0,0,0
8081,36,2020-07-22,0,0,0,0
8082,36,2020-07-23,0,0,0,0
8083,36,2020-07-24,0,0,0,0
8084,36,2020-07-25,0,0,0,0
8085,36,2020-07-26,0,0,0,0
8086,36,2020-07-27,0,0,0,0
8087,36,2020-07-28,0,0,0,0
8088,36,2020-07-29,0,0,0,0
8089,36,2020-07-30,0,0,0,0
8090,36,2020-07-31,0,0,0,0
8091,36,2020-08-01,1,0,0,7
8092,36,2020-08-02,0,0,0,0
8093,36,2020-08-03,0,0,0,0
8094,36,2020-08-04,0,0,0,0
8095,36,2020-08-05,0,0,0,19
8096,36,2020-08-06,0,0,1,12
8097,36,2020-08-07,0,0,0,0
8098,36,2020-08-08,0,0,0,0
8099,36,2020-08-09,0,0,0,0
8100,36,2020-08-10,0,0,0,0
8101,36,2020-08-11,0,0,0,0
8102,36,2020-08-12,0,0,1,1
8103,36,2020-08-13,10,0,0,30
8104,36,2020-08-14,2,0,1,11
8105,36,2020-08-15,0,0,0,1
8106,36,2020-08-16,0,0,0,0
8107,36,2020-08-17,0,0,0,0
8108,36,2020-08-18,0,0,0,0
8109,36,2020-08-19,1,1,0,0
8110,36,2020-08-20,0,0,0,0
8111,36,2020-08-21,0,0,0,0
8112,36,2020-08-22,0,0,0,0
8113,36,2020-08-23,0,0,0,0
8114,36,2020-08-24,0,0,0,0
8115,36,2020-08-25,0,0,0,0
8116,36,2020-08-26,0,0,0,0
8117,36,2020-08-27,0,0,0,1
8118,36,2020-08-28,0,0,0,0
8119,36,2020-08-29,0,0,0,3
8120,36,2020-08-30,0,0,0,0
8121,36,2020-08-31,0,0,0,0
8122,36,2020-09-01,0,0,0,0
8123,36,2020-09-02,0,0,0,1
8124,36,2020-09-03,0,0,0,0
8125,36,2020-09-04,0,0,0,0
8126,36,2020-09-05,0,0,0,0
8127,36,2020-09-06,0,0,0,0
8128,36,2020-09-07,0,0,0,0
8129,36,2020-09-08,0,0,0,0
8130,36,2020-09-09,0,0,0,0
8131,36,2020-09-10,0,0,0,0
8132,36,2020-09-11,0,0,0,0
8133,36,2020-09-12,0,0,0,0
8134,36,2020-09-13,0,0,0,0
8135,36,2020-09-14,0,0,0,0
8136,36,2020-09-15,0,0,0,0
8137,36,2020-09-16,0,0,0,0
8138,36,2020-09-17,0,0,0,0
8139,36,2020-09-18,0,0,0,0
8140,36,2020-09-19,0,0,0,0
8141,36,2020-09-20,0,0,0,0
8142,36,2020-09-21,0,0,0,0
8143,36,2020-09-22,0,0,0,1
8144,36,2020-09-23,0,0,0,0
8145,36,2020-09-24,0,0,0,0
8146,36,2020-09-25,3,0,0,0
8147,36,2020-09-26,2,0,0,0
8148,36,2020-09-27,0,0,0,0
8149,36,2020-09-28,0,0,0,0
8150,36,2020-09-29,2,0,0,2
8151,36,2020-09-30,2,0,0,0
8152,36,2020-10-01,1,3,0,1
8153,36,2020-10-02,0,0,0,0
8154,36,2020-10-03,0,0,0,0
8155,36,2020-10-04,0,0,0,0
8156,36,2020-10-05,1,0,0,0
8157,36,2020-10-06,0,0,0,0
8158,36,2020-10-07,2,1,0,0
8159,36,2020-10-08,2,0,0,1
8160,36,2020-10-09,0,0,0,1
8161,36,2020-10-10,2,0,0,2
8162,36,2020-10-11,0,0,0,0
8163,36,2020-10-12,0,0,0,0
8164,36,2020-10-13,2,0,0,3
8165,36,2020-10-14,6,2,0,1
8166,36,2020-10-15,0,0,0,1
8167,36,2020-10-16,1,0,0,0
8168,36,2020-10-17,1,0,0,0
8169,36,2020-10-18,0,0,0,0
8170,36,2020-10-19,0,0,0,0
8171,36,2020-10-20,5,1,0,2
8172,36,2020-10-21,0,1,0,0
8173,36,2020-10-22,1,0,0,0
8174,36,2020-10-23,1,1,0,0
8175,36,2020-10-24,1,0,0,1
8176,36,2020-10-25,0,0,0,0
8177,36,2020-10-26,0,0,0,0
8178,36,2020-10-27,14,0,0,6
8179,36,2020-10-28,3,0,0,1
8180,36,2020-10-29,3,1,1,2
8181,36,2020-10-30,7,2,0,3
8182,36,2020-10-31,5,2,0,0
8183,36,2020-11-01,7,0,0,0
8184,36,2020-11-02,5,1,1,4
8185,36,2020-11-03,4,1,0,4
8186,36,2020-11-04,4,0,0,7
8187,36,2020-11-05,7,0,1,2
8188,36,2020-11-06,1,1,0,1
8189,36,2020-11-07,9,2,1,7
8190,37,2020-03-19,2,2,0,0
8191,37,2020-03-20,6,1,1,0
8192,37,2020-03-21,1,0,0,1
8193,37,2020-03-22,1,1,0,0
8194,37,2020-03-23,5,1,1,0
8195,37,2020-03-24,7,1,0,3
8196,37,2020-03-25,9,3,1,5
8197,37,2020-03-26,11,1,0,5
8198,37,2020-03-27,25,6,0,6
8199,37,2020-03-28,5,2,1,4
8200,37,2020-03-29,5,2,0,1
8201,37,2020-03-30,27,2,0,3
8202,37,2020-03-31,15,3,1,2
8203,37,2020-04-01,31,4,6,11
8204,37,2020-04-02,19,3,1,3
8205,37,2020-04-03,18,6,4,6
8206,37,2020-04-04,24,4,1,8
8207,37,2020-04-05,6,0,1,9
8208,37,2020-04-06,20,6,4,4
8209,37,2020-04-07,9,0,1,10
8210,37,2020-04-08,24,3,2,9
8211,37,2020-04-09,14,3,5,7
8212,37,2020-04-10,12,3,2,6
8213,37,2020-04-11,20,5,3,8
8214,37,2020-04-12,5,0,3,4
8215,37,2020-04-13,4,0,0,2
8216,37,2020-04-14,5,0,2,7
8217,37,2020-04-15,18,0,2,15
8218,37,2020-04-16,5,0,2,9
8219,37,2020-04-17,5,0,3,6
8220,37,2020-04-18,5,0,3,6
8221,37,2020-04-19,1,0,1,5
8222,37,2020-04-20,5,0,2,6
8223,37,2020-04-21,8,2,0,6
8224,37,2020-04-22,5,0,2,1
8225,37,2020-04-23,3,0,1,7
8226,37,2020-04-24,7,1,1,7
8227,37,2020-04-25,5,1,1,3
8228,37,2020-04-26,6,0,0,3
8229,37,2020-04-27,2,1,1,1
8230,37,2020-04-28,14,0,1,7
8231,37,2020-04-29,6,0,0,8
8232,37,2020-04-30,7,0,0,4
8233,37,2020-05-01,5,2,1,3
8234,37,2020-05-02,3,0,0,3
8235,37,2020-05-03,3,0,0,0
8236,37,2020-05-04,4,1,4,0
8237,37,2020-05-05,7,0,2,12
8238,37,2020-05-06,3,0,0,6
8239,37,2020-05-07,3,1,1,3
8240,37,2020-05-08,3,0,0,4
8241,37,2020-05-09,1,0,1,1
8242,37,2020-05-10,1,0,1,0
8243,37,2020-05-11,2,0,1,5
8244,37,2020-05-12,5,0,2,9
8245,37,2020-05-13,3,0,0,4
8246,37,2020-05-14,4,0,2,4
8247,37,2020-05-15,4,0,0,5
8248,37,2020-05-16,0,0,0,1
8249,37,2020-05-17,0,0,0,1
8250,37,2020-05-18,1,0,1,4
8251,37,2020-05-19,2,0,2,2
8252,37,2020-05-20,2,0,1,3
8253,37,2020-05-21,0,0,0,5
8254,37,2020-05-22,1,0,0,1
8255,37,2020-05-23,0,0,0,2
8256,37,2020-05-24,0,0,0,0
8257,37,2020-05-25,0,0,0,1
8258,37,2020-05-26,0,0,1,3
8259,37,2020-05-27,2,0,1,8
8260,37,2020-05-28,1,0,0,2
8261,37,2020-05-29,1,0,0,4
8262,37,2020-05-30,2,0,0,1
8263,37,2020-05-31,0,0,0,0
8264,37,2020-06-01,0,0,1,0
8265,37,2020-06-02,0,0,0,0
8266,37,2020-06-03,1,0,0,1
8267,37,2020-06-04,0,0,0,1
8268,37,2020-06-05,0,0,0,1
8269,37,2020-06-06,0,0,0,0
8270,37,2020-06-07,0,0,0,0
8271,37,2020-06-08,0,0,1,2
8272,37,2020-06-09,0,0,0,1
8273,37,2020-06-10,0,0,0,2
8274,37,2020-06-11,0,0,1,3
8275,37,2020-06-12,0,0,0,3
8276,37,2020-06-13,0,0,0,0
8277,37,2020-06-14,0,0,0,0
8278,37,2020-06-15,1,0,0,0
8279,37,2020-06-16,0,0,0,4
8280,37,2020-06-17,0,0,0,0
8281,37,2020-06-18,0,0,0,0
8282,37,2020-06-19,1,0,2,2
8283,37,2020-06-20,0,0,0,0
8284,37,2020-06-21,0,0,0,0
8285,37,2020-06-22,0,0,0,0
8286,37,2020-06-23,0,0,0,0
8287,37,2020-06-24,0,0,0,0
8288,37,2020-06-25,0,0,0,1
8289,37,2020-06-26,0,0,1,2
8290,37,2020-06-27,0,0,0,0
8291,37,2020-06-28,0,0,0,0
8292,37,2020-06-29,0,0,0,1
8293,37,2020-06-30,0,0,0,0
8294,37,2020-07-01,0,0,0,1
8295,37,2020-07-02,0,0,0,1
8296,37,2020-07-03,0,0,0,0
8297,37,2020-07-04,0,0,0,0
8298,37,2020-07-05,0,0,0,0
8299,37,2020-07-06,0,0,0,1
8300,37,2020-07-07,0,0,0,0
8301,37,2020-07-08,0,0,0,3
8302,37,2020-07-09,0,0,0,0
8303,37,2020-07-10,0,0,0,0
8304,37,2020-07-11,0,0,0,0
8305,37,2020-07-12,0,0,0,0
8306,37,2020-07-13,0,0,0,0
8307,37,2020-07-14,0,0,0,0
8308,37,2020-07-15,0,0,0,0
8309,37,2020-07-16,1,0,1,5
8310,37,2020-07-17,0,0,0,2
8311,37,2020-07-18,0,0,0,0
8312,37,2020-07-19,0,0,0,0
8313,37,2020-07-20,0,0,0,0
8314,37,2020-07-21,0,0,0,1
8315,37,2020-07-22,0,0,1,5
8316,37,2020-07-23,0,0,0,0
8317,37,2020-07-24,0,0,0,0
8318,37,2020-07-25,0,0,0,2
8319,37,2020-07-26,0,0,0,0
8320,37,2020-07-27,0,0,0,0
8321,37,2020-07-28,0,0,0,3
8322,37,2020-07-29,0,0,0,8
8323,37,2020-07-30,0,0,0,8
8324,37,2020-07-31,0,0,0,2
8325,37,2020-08-01,0,0,0,0
8326,37,2020-08-02,0,0,0,0
8327,37,2020-08-03,2,0,0,1
8328,37,2020-08-04,1,1,0,0
8329,37,2020-08-05,3,0,0,0
8330,37,2020-08-06,1,0,0,1
8331,37,2020-08-07,0,0,0,1
8332,37,2020-08-08,0,0,0,0
8333,37,2020-08-09,0,0,0,0
8334,37,2020-08-10,2,0,0,0
8335,37,2020-08-11,0,0,1,4
8336,37,2020-08-12,1,0,0,4
8337,37,2020-08-13,0,0,1,0
8338,37,2020-08-14,0,0,1,4
8339,37,2020-08-15,0,0,0,0
8340,37,2020-08-16,0,0,0,0
8341,37,2020-08-17,4,0,0,0
8342,37,2020-08-18,0,0,0,2
8343,37,2020-08-19,2,2,1,0
8344,37,2020-08-20,0,0,0,1
8345,37,2020-08-21,1,1,0,1
8346,37,2020-08-22,0,0,0,0
8347,37,2020-08-23,0,0,0,0
8348,37,2020-08-24,0,0,1,2
8349,37,2020-08-25,0,0,1,0
8350,37,2020-08-26,0,0,0,0
8351,37,2020-08-27,0,0,0,1
8352,37,2020-08-28,0,0,0,0
8353,37,2020-08-29,0,0,0,0
8354,37,2020-08-30,0,0,0,0
8355,37,2020-08-31,0,0,0,0
8356,37,2020-09-01,0,0,0,1
8357,37,2020-09-02,0,0,0,0
8358,37,2020-09-03,3,0,0,1
8359,37,2020-09-04,0,0,0,0
8360,37,2020-09-05,0,0,0,0
8361,37,2020-09-06,0,0,0,0
8362,37,2020-09-07,4,3,0,0
8363,37,2020-09-08,6,2,0,1
8364,37,2020-09-09,0,0,0,2
8365,37,2020-09-10,0,0,1,0
8366,37,2020-09-11,1,0,0,1
8367,37,2020-09-12,0,0,0,0
8368,37,2020-09-13,0,0,0,0
8369,37,2020-09-14,9,2,0,0
8370,37,2020-09-15,5,0,0,4
8371,37,2020-09-16,6,2,0,2
8372,37,2020-09-17,4,2,0,0
8373,37,2020-09-18,6,0,1,2
8374,37,2020-09-19,5,0,0,5
8375,37,2020-09-20,0,0,0,0
8376,37,2020-09-21,10,1,0,10
8377,37,2020-09-22,7,2,1,2
8378,37,2020-09-23,5,2,0,5
8379,37,2020-09-24,8,0,1,1
8380,37,2020-09-25,0,0,0,1
8381,37,2020-09-26,0,0,0,0
8382,37,2020-09-27,1,0,0,0
8383,37,2020-09-28,5,1,1,8
8384,37,2020-09-29,1,0,0,1
8385,37,2020-09-30,8,2,2,4
8386,37,2020-10-01,2,0,0,2
8387,37,2020-10-02,2,2,0,0
8388,37,2020-10-03,2,1,1,6
8389,37,2020-10-04,1,0,0,0
8390,37,2020-10-05,0,0,0,3
8391,37,2020-10-06,7,0,0,7
8392,37,2020-10-07,6,3,1,1
8393,37,2020-10-08,1,0,1,2
8394,37,2020-10-09,7,2,0,3
8395,37,2020-10-10,1,0,0,0
8396,37,2020-10-11,1,0,0,4
8397,37,2020-10-12,8,2,0,2
8398,37,2020-10-13,3,3,0,8
8399,37,2020-10-14,2,0,0,3
8400,37,2020-10-15,8,2,0,6
8401,37,2020-10-16,2,1,0,4
8402,37,2020-10-17,5,1,1,2
8403,37,2020-10-18,3,1,0,1
8404,37,2020-10-19,7,1,1,3
8405,37,2020-10-20,9,4,0,4
8406,37,2020-10-21,14,0,1,8
8407,37,2020-10-22,8,0,3,2
8408,37,2020-10-23,5,4,1,2
8409,37,2020-10-24,5,1,0,1
8410,37,2020-10-25,1,1,0,0
8411,37,2020-10-26,11,1,2,8
8412,37,2020-10-27,10,2,0,2
8413,37,2020-10-28,5,4,2,5
8414,37,2020-10-29,13,3,2,7
8415,37,2020-10-30,9,2,2,8
8416,37,2020-10-31,13,2,0,2
8417,37,2020-11-01,16,1,1,6
8418,37,2020-11-02,16,2,1,5
8419,37,2020-11-03,11,4,1,12
8420,37,2020-11-04,30,4,1,15
8421,37,2020-11-05,9,3,3,3
8422,37,2020-11-06,18,3,0,11
8423,37,2020-11-07,7,3,2,8
8424,38,2020-03-19,11,0,0,5
8425,38,2020-03-20,8,0,0,5
8426,38,2020-03-21,13,1,0,4
8427,38,2020-03-22,8,2,1,1
8428,38,2020-03-23,16,4,1,4
8429,38,2020-03-24,22,1,0,12
8430,38,2020-03-25,29,10,0,7
8431,38,2020-03-26,19,5,1,8
8432,38,2020-03-27,36,14,0,7
8433,38,2020-03-28,15,3,2,5
8434,38,2020-03-29,28,12,2,4
8435,38,2020-03-30,30,6,3,4
8436,38,2020-03-31,18,3,2,10
8437,38,2020-04-01,32,5,2,17
8438,38,2020-04-02,21,3,1,5
8439,38,2020-04-03,24,5,5,12
8440,38,2020-04-04,22,4,2,16
8441,38,2020-04-05,25,5,2,4
8442,38,2020-04-06,30,5,2,10
8443,38,2020-04-07,19,5,3,9
8444,38,2020-04-08,13,2,5,28
8445,38,2020-04-09,28,8,3,18
8446,38,2020-04-10,27,3,3,11
8447,38,2020-04-11,8,2,4,7
8448,38,2020-04-12,12,2,3,8
8449,38,2020-04-13,11,1,1,3
8450,38,2020-04-14,5,2,4,7
8451,38,2020-04-15,32,8,7,18
8452,38,2020-04-16,15,0,3,18
8453,38,2020-04-17,19,3,1,9
8454,38,2020-04-18,16,1,2,20
8455,38,2020-04-19,7,1,3,5
8456,38,2020-04-20,11,3,6,12
8457,38,2020-04-21,26,3,7,32
8458,38,2020-04-22,18,2,3,12
8459,38,2020-04-23,20,3,5,15
8460,38,2020-04-24,22,3,6,18
8461,38,2020-04-25,3,1,0,4
8462,38,2020-04-26,0,0,1,1
8463,38,2020-04-27,7,0,2,2
8464,38,2020-04-28,12,1,4,22
8465,38,2020-04-29,7,1,1,18
8466,38,2020-04-30,6,0,4,29
8467,38,2020-05-01,7,0,0,8
8468,38,2020-05-02,1,0,0,1
8469,38,2020-05-03,5,0,1,0
8470,38,2020-05-04,10,0,2,5
8471,38,2020-05-05,9,0,3,7
8472,38,2020-05-06,7,1,1,15
8473,38,2020-05-07,7,1,2,9
8474,38,2020-05-08,2,1,0,4
8475,38,2020-05-09,0,0,2,1
8476,38,2020-05-10,0,0,0,0
8477,38,2020-05-11,21,1,3,13
8478,38,2020-05-12,7,1,2,10
8479,38,2020-05-13,5,0,0,2
8480,38,2020-05-14,10,0,1,15
8481,38,2020-05-15,3,2,3,7
8482,38,2020-05-16,0,0,0,10
8483,38,2020-05-17,0,0,0,1
8484,38,2020-05-18,2,1,0,1
8485,38,2020-05-19,5,0,6,10
8486,38,2020-05-20,3,0,0,9
8487,38,2020-05-21,25,0,2,22
8488,38,2020-05-22,2,0,0,3
8489,38,2020-05-23,0,1,2,4
8490,38,2020-05-24,0,0,0,0
8491,38,2020-05-25,5,1,4,8
8492,38,2020-05-26,2,0,1,4
8493,38,2020-05-27,5,2,1,2
8494,38,2020-05-28,1,0,0,7
8495,38,2020-05-29,1,0,1,8
8496,38,2020-05-30,3,0,0,0
8497,38,2020-05-31,0,0,2,4
8498,38,2020-06-01,0,0,0,0
8499,38,2020-06-02,1,1,2,3
8500,38,2020-06-03,5,1,1,3
8501,38,2020-06-04,0,0,0,4
8502,38,2020-06-05,0,0,0,4
8503,38,2020-06-06,2,0,0,1
8504,38,2020-06-07,0,0,0,0
8505,38,2020-06-08,2,0,2,1
8506,38,2020-06-09,0,0,0,7
8507,38,2020-06-10,3,2,2,4
8508,38,2020-06-11,1,0,0,1
8509,38,2020-06-12,0,0,0,0
8510,38,2020-06-13,0,0,0,1
8511,38,2020-06-14,0,0,0,0
8512,38,2020-06-15,2,0,0,2
8513,38,2020-06-16,2,0,0,4
8514,38,2020-06-17,11,1,0,8
8515,38,2020-06-18,3,1,1,2
8516,38,2020-06-19,5,0,0,3
8517,38,2020-06-20,0,0,0,3
8518,38,2020-06-21,0,0,0,0
8519,38,2020-06-22,0,0,1,3
8520,38,2020-06-23,0,0,0,6
8521,38,2020-06-24,0,0,0,3
8522,38,2020-06-25,1,0,0,2
8523,38,2020-06-26,2,0,0,2
8524,38,2020-06-27,1,0,0,2
8525,38,2020-06-28,0,0,0,0
8526,38,2020-06-29,0,0,0,1
8527,38,2020-06-30,0,0,0,2
8528,38,2020-07-01,2,0,0,3
8529,38,2020-07-02,0,0,0,2
8530,38,2020-07-03,0,0,0,1
8531,38,2020-07-04,1,0,0,0
8532,38,2020-07-05,0,0,0,0
8533,38,2020-07-06,3,0,0,2
8534,38,2020-07-07,0,0,0,0
8535,38,2020-07-08,0,0,0,1
8536,38,2020-07-09,1,0,0,1
8537,38,2020-07-10,1,0,0,1
8538,38,2020-07-11,1,0,0,1
8539,38,2020-07-12,0,0,0,0
8540,38,2020-07-13,0,0,0,0
8541,38,2020-07-14,0,0,0,1
8542,38,2020-07-15,0,0,0,0
8543,38,2020-07-16,0,0,0,2
8544,38,2020-07-17,0,0,0,2
8545,38,2020-07-18,0,0,0,1
8546,38,2020-07-19,0,0,0,0
8547,38,2020-07-20,0,0,0,0
8548,38,2020-07-21,0,1,0,0
8549,38,2020-07-22,1,0,0,3
8550,38,2020-07-23,1,0,0,1
8551,38,2020-07-24,1,0,0,1
8552,38,2020-07-25,0,0,0,0
8553,38,2020-07-26,0,0,0,0
8554,38,2020-07-27,0,0,0,1
8555,38,2020-07-28,1,0,0,1
8556,38,2020-07-29,0,0,0,1
8557,38,2020-07-30,2,0,0,0
8558,38,2020-07-31,0,0,0,0
8559,38,2020-08-01,1,0,0,0
8560,38,2020-08-02,0,0,0,0
8561,38,2020-08-03,2,0,0,2
8562,38,2020-08-04,1,0,0,1
8563,38,2020-08-05,1,0,0,0
8564,38,2020-08-06,1,1,0,0
8565,38,2020-08-07,2,0,0,5
8566,38,2020-08-08,0,0,0,0
8567,38,2020-08-09,0,0,0,0
8568,38,2020-08-10,3,0,0,2
8569,38,2020-08-11,0,0,0,2
8570,38,2020-08-12,1,0,0,0
8571,38,2020-08-13,1,0,0,2
8572,38,2020-08-14,1,0,0,1
8573,38,2020-08-15,0,0,0,0
8574,38,2020-08-16,0,0,0,0
8575,38,2020-08-17,2,1,0,2
8576,38,2020-08-18,3,0,0,2
8577,38,2020-08-19,1,0,0,1
8578,38,2020-08-20,0,0,0,0
8579,38,2020-08-21,2,0,0,2
8580,38,2020-08-22,0,0,0,0
8581,38,2020-08-23,0,0,0,0
8582,38,2020-08-24,4,1,0,2
8583,38,2020-08-25,3,0,0,2
8584,38,2020-08-26,5,1,0,3
8585,38,2020-08-27,2,0,0,1
8586,38,2020-08-28,1,1,0,0
8587,38,2020-08-29,0,0,0,0
8588,38,2020-08-30,0,0,0,0
8589,38,2020-08-31,2,2,0,3
8590,38,2020-09-01,6,2,0,5
8591,38,2020-09-02,4,0,0,4
8592,38,2020-09-03,5,0,0,2
8593,38,2020-09-04,5,1,0,4
8594,38,2020-09-05,4,0,0,1
8595,38,2020-09-06,0,0,0,0
8596,38,2020-09-07,14,1,0,6
8597,38,2020-09-08,7,3,0,11
8598,38,2020-09-09,7,0,0,4
8599,38,2020-09-10,5,1,0,7
8600,38,2020-09-11,7,1,0,4
8601,38,2020-09-12,1,0,0,1
8602,38,2020-09-13,0,0,0,0
8603,38,2020-09-14,28,4,1,11
8604,38,2020-09-15,13,1,1,6
8605,38,2020-09-16,6,3,0,6
8606,38,2020-09-17,11,1,1,4
8607,38,2020-09-18,6,4,1,5
8608,38,2020-09-19,4,1,0,2
8609,38,2020-09-20,2,0,0,0
8610,38,2020-09-21,33,5,5,9
8611,38,2020-09-22,20,3,3,7
8612,38,2020-09-23,18,0,1,14
8613,38,2020-09-24,16,3,1,9
8614,38,2020-09-25,7,1,2,11
8615,38,2020-09-26,13,0,1,5
8616,38,2020-09-27,6,1,1,10
8617,38,2020-09-28,9,0,1,4
8618,38,2020-09-29,20,1,1,28
8619,38,2020-09-30,16,4,0,9
8620,38,2020-10-01,9,4,3,9
8621,38,2020-10-02,6,1,0,6
8622,38,2020-10-03,22,1,2,8
8623,38,2020-10-04,11,4,2,1
8624,38,2020-10-05,8,1,1,7
8625,38,2020-10-06,28,3,0,19
8626,38,2020-10-07,28,3,2,8
8627,38,2020-10-08,9,3,2,15
8628,38,2020-10-09,26,4,3,16
8629,38,2020-10-10,19,5,1,14
8630,38,2020-10-11,7,2,0,2
8631,38,2020-10-12,39,2,2,19
8632,38,2020-10-13,42,7,0,10
8633,38,2020-10-14,23,3,3,12
8634,38,2020-10-15,33,3,1,9
8635,38,2020-10-16,30,6,2,11
8636,38,2020-10-17,20,5,6,20
8637,38,2020-10-18,20,5,4,6
8638,38,2020-10-19,74,11,4,29
8639,38,2020-10-20,68,12,5,22
8640,38,2020-10-21,50,10,2,34
8641,38,2020-10-22,58,8,4,40
8642,38,2020-10-23,67,9,5,27
8643,38,2020-10-24,53,2,3,17
8644,38,2020-10-25,68,5,2,11
8645,38,2020-10-26,91,16,14,39
8646,38,2020-10-27,101,18,5,37
8647,38,2020-10-28,126,14,10,46
8648,38,2020-10-29,112,14,9,48
8649,38,2020-10-30,84,15,13,55
8650,38,2020-10-31,62,11,10,21
8651,38,2020-11-01,76,13,13,33
8652,38,2020-11-02,118,20,25,55
8653,38,2020-11-03,66,5,9,32
8654,38,2020-11-04,144,20,19,72
8655,38,2020-11-05,116,16,12,27
8656,38,2020-11-06,115,21,13,77
8657,38,2020-11-07,89,10,9,62
8658,39,2020-03-19,1,0,0,0
8659,39,2020-03-20,5,0,0,1
8660,39,2020-03-21,1,0,0,0
8661,39,2020-03-22,2,0,0,0
8662,39,2020-03-23,2,0,0,0
8663,39,2020-03-24,14,1,0,2
8664,39,2020-03-25,5,2,0,0
8665,39,2020-03-26,16,5,0,0
8666,39,2020-03-27,6,3,0,1
8667,39,2020-03-28,5,0,1,9
8668,39,2020-03-29,2,3,0,0
8669,39,2020-03-30,13,0,1,0
8670,39,2020-03-31,11,1,1,6
8671,39,2020-04-01,11,1,1,5
8672,39,2020-04-02,5,2,0,4
8673,39,2020-04-03,16,1,6,7
8674,39,2020-04-04,16,2,3,3
8675,39,2020-04-05,11,0,1,3
8676,39,2020-04-06,3,2,3,0
8677,39,2020-04-07,20,3,1,7
8678,39,2020-04-08,14,1,1,4
8679,39,2020-04-09,18,2,4,8
8680,39,2020-04-10,8,4,1,2
8681,39,2020-04-11,8,0,2,6
8682,39,2020-04-12,6,1,1,0
8683,39,2020-04-13,7,2,1,0
8684,39,2020-04-14,9,1,2,0
8685,39,2020-04-15,14,1,2,10
8686,39,2020-04-16,11,1,2,8
8687,39,2020-04-17,16,2,0,2
8688,39,2020-04-18,9,2,3,11
8689,39,2020-04-19,0,0,0,4
8690,39,2020-04-20,1,0,0,1
8691,39,2020-04-21,1,0,2,15
8692,39,2020-04-22,8,4,1,12
8693,39,2020-04-23,5,1,3,11
8694,39,2020-04-24,3,0,0,2
8695,39,2020-04-25,5,2,0,8
8696,39,2020-04-26,0,0,0,0
8697,39,2020-04-27,2,2,1,2
8698,39,2020-04-28,3,2,0,13
8699,39,2020-04-29,2,0,0,3
8700,39,2020-04-30,10,0,2,4
8701,39,2020-05-01,0,0,0,2
8702,39,2020-05-02,0,0,0,0
8703,39,2020-05-03,0,0,0,0
8704,39,2020-05-04,6,1,2,4
8705,39,2020-05-05,2,1,0,10
8706,39,2020-05-06,1,1,0,1
8707,39,2020-05-07,3,0,1,3
8708,39,2020-05-08,6,0,0,3
8709,39,2020-05-09,1,0,3,10
8710,39,2020-05-10,0,0,0,0
8711,39,2020-05-11,5,2,3,1
8712,39,2020-05-12,0,0,1,3
8713,39,2020-05-13,1,0,0,1
8714,39,2020-05-14,0,0,0,2
8715,39,2020-05-15,1,0,1,4
8716,39,2020-05-16,4,0,1,5
8717,39,2020-05-17,0,0,0,0
8718,39,2020-05-18,0,0,0,1
8719,39,2020-05-19,1,0,0,5
8720,39,2020-05-20,5,0,0,6
8721,39,2020-05-21,1,0,0,1
8722,39,2020-05-22,3,0,1,3
8723,39,2020-05-23,1,0,0,1
8724,39,2020-05-24,0,0,0,0
8725,39,2020-05-25,1,0,0,0
8726,39,2020-05-26,1,0,1,33
8727,39,2020-05-27,0,0,0,3
8728,39,2020-05-28,1,0,1,1
8729,39,2020-05-29,23,0,0,16
8730,39,2020-05-30,0,0,0,2
8731,39,2020-05-31,0,0,0,0
8732,39,2020-06-01,0,0,0,0
8733,39,2020-06-02,0,0,0,3
8734,39,2020-06-03,0,0,0,1
8735,39,2020-06-04,0,0,0,1
8736,39,2020-06-05,0,1,0,2
8737,39,2020-06-06,0,0,0,0
8738,39,2020-06-07,0,0,0,0
8739,39,2020-06-08,0,0,0,1
8740,39,2020-06-09,0,0,0,0
8741,39,2020-06-10,0,0,0,1
8742,39,2020-06-11,0,0,0,0
8743,39,2020-06-12,0,0,0,0
8744,39,2020-06-13,0,0,0,1
8745,39,2020-06-14,0,0,0,0
8746,39,2020-06-15,1,0,0,0
8747,39,2020-06-16,0,0,0,2
8748,39,2020-06-17,0,0,0,6
8749,39,2020-06-18,0,0,0,0
8750,39,2020-06-19,1,0,0,2
8751,39,2020-06-20,0,0,0,0
8752,39,2020-06-21,0,0,0,0
8753,39,2020-06-22,0,0,0,1
8754,39,2020-06-23,1,0,0,0
8755,39,2020-06-24,1,0,0,0
8756,39,2020-06-25,0,0,0,0
8757,39,2020-06-26,0,0,0,0
8758,39,2020-06-27,3,1,0,1
8759,39,2020-06-28,0,0,0,0
8760,39,2020-06-29,0,0,0,0
8761,39,2020-06-30,0,0,0,0
8762,39,2020-07-01,0,0,0,0
8763,39,2020-07-02,1,0,0,9
8764,39,2020-07-03,0,0,0,0
8765,39,2020-07-04,0,0,0,0
8766,39,2020-07-05,0,0,0,0
8767,39,2020-07-06,0,0,0,0
8768,39,2020-07-07,1,0,0,2
8769,39,2020-07-08,1,0,0,1
8770,39,2020-07-09,0,0,0,0
8771,39,2020-07-10,1,0,0,1
8772,39,2020-07-11,0,0,0,1
8773,39,2020-07-12,0,0,0,0
8774,39,2020-07-13,1,1,0,2
8775,39,2020-07-14,0,0,0,0
8776,39,2020-07-15,1,1,0,0
8777,39,2020-07-16,0,0,0,0
8778,39,2020-07-17,2,0,0,2
8779,39,2020-07-18,0,0,0,1
8780,39,2020-07-19,0,0,0,0
8781,39,2020-07-20,0,0,0,0
8782,39,2020-07-21,0,0,0,1
8783,39,2020-07-22,0,0,0,0
8784,39,2020-07-23,0,0,0,1
8785,39,2020-07-24,0,0,0,0
8786,39,2020-07-25,0,0,0,1
8787,39,2020-07-26,0,0,0,0
8788,39,2020-07-27,0,0,0,0
8789,39,2020-07-28,0,0,0,1
8790,39,2020-07-29,0,0,0,0
8791,39,2020-07-30,0,0,0,0
8792,39,2020-07-31,0,0,0,0
8793,39,2020-08-01,0,0,0,0
8794,39,2020-08-02,0,0,0,0
8795,39,2020-08-03,0,0,0,0
8796,39,2020-08-04,0,0,0,0
8797,39,2020-08-05,0,0,0,0
8798,39,2020-08-06,0,0,0,1
8799,39,2020-08-07,0,0,0,0
8800,39,2020-08-08,0,0,0,0
8801,39,2020-08-09,0,0,0,0
8802,39,2020-08-10,0,0,0,0
8803,39,2020-08-11,0,0,0,0
8804,39,2020-08-12,0,0,0,0
8805,39,2020-08-13,0,0,0,0
8806,39,2020-08-14,0,0,0,0
8807,39,2020-08-15,0,0,0,0
8808,39,2020-08-16,0,0,0,0
8809,39,2020-08-17,0,0,0,0
8810,39,2020-08-18,0,0,0,0
8811,39,2020-08-19,0,0,0,0
8812,39,2020-08-20,0,0,0,0
8813,39,2020-08-21,1,0,0,0
8814,39,2020-08-22,0,0,0,0
8815,39,2020-08-23,0,0,0,0
8816,39,2020-08-24,0,0,0,0
8817,39,2020-08-25,0,0,0,0
8818,39,2020-08-26,0,0,0,0
8819,39,2020-08-27,0,0,0,0
8820,39,2020-08-28,1,0,0,0
8821,39,2020-08-29,0,0,0,0
8822,39,2020-08-30,0,0,0,0
8823,39,2020-08-31,0,0,0,0
8824,39,2020-09-01,0,0,0,0
8825,39,2020-09-02,0,0,0,0
8826,39,2020-09-03,0,0,0,0
8827,39,2020-09-04,0,0,0,0
8828,39,2020-09-05,1,0,0,1
8829,39,2020-09-06,0,0,0,0
8830,39,2020-09-07,1,0,0,1
8831,39,2020-09-08,0,0,0,0
8832,39,2020-09-09,0,0,0,0
8833,39,2020-09-10,0,0,0,0
8834,39,2020-09-11,0,0,0,0
8835,39,2020-09-12,0,0,0,0
8836,39,2020-09-13,0,0,0,0
8837,39,2020-09-14,2,0,0,1
8838,39,2020-09-15,0,0,0,0
8839,39,2020-09-16,1,0,0,0
8840,39,2020-09-17,0,0,0,0
8841,39,2020-09-18,0,0,0,0
8842,39,2020-09-19,1,1,0,1
8843,39,2020-09-20,0,0,0,0
8844,39,2020-09-21,0,0,0,0
8845,39,2020-09-22,0,0,0,0
8846,39,2020-09-23,2,0,0,0
8847,39,2020-09-24,3,0,0,0
8848,39,2020-09-25,1,0,0,0
8849,39,2020-09-26,1,0,0,3
8850,39,2020-09-27,0,0,0,0
8851,39,2020-09-28,0,0,0,0
8852,39,2020-09-29,0,0,0,1
8853,39,2020-09-30,0,0,0,1
8854,39,2020-10-01,0,0,0,2
8855,39,2020-10-02,2,1,0,0
8856,39,2020-10-03,0,0,0,0
8857,39,2020-10-04,0,0,0,0
8858,39,2020-10-05,4,0,0,1
8859,39,2020-10-06,5,0,0,1
8860,39,2020-10-07,0,0,1,1
8861,39,2020-10-08,0,0,0,0
8862,39,2020-10-09,1,0,0,0
8863,39,2020-10-10,1,0,0,0
8864,39,2020-10-11,4,0,0,0
8865,39,2020-10-12,1,0,0,1
8866,39,2020-10-13,6,0,0,0
8867,39,2020-10-14,3,0,0,4
8868,39,2020-10-15,2,0,0,0
8869,39,2020-10-16,8,0,0,0
8870,39,2020-10-17,8,1,0,4
8871,39,2020-10-18,7,0,1,6
8872,39,2020-10-19,8,1,0,0
8873,39,2020-10-20,9,0,0,3
8874,39,2020-10-21,12,0,1,1
8875,39,2020-10-22,7,1,2,3
8876,39,2020-10-23,12,0,0,2
8877,39,2020-10-24,14,1,1,8
8878,39,2020-10-25,7,0,0,2
8879,39,2020-10-26,28,1,2,2
8880,39,2020-10-27,13,1,1,7
8881,39,2020-10-28,35,0,3,10
8882,39,2020-10-29,9,1,0,6
8883,39,2020-10-30,13,0,1,9
8884,39,2020-10-31,10,1,2,5
8885,39,2020-11-01,15,0,3,2
8886,39,2020-11-02,20,1,2,6
8887,39,2020-11-03,40,1,3,7
8888,39,2020-11-04,15,0,1,21
8889,39,2020-11-05,17,1,3,6
8890,39,2020-11-06,20,1,3,21
8891,39,2020-11-07,23,1,0,16
8892,40,2020-03-19,0,0,0,0
8893,40,2020-03-20,0,0,0,0
8894,40,2020-03-21,0,0,0,0
8895,40,2020-03-22,0,0,0,0
8896,40,2020-03-23,4,0,0,0
8897,40,2020-03-24,0,0,0,0
8898,40,2020-03-25,7,3,0,1
8899,40,2020-03-26,0,1,0,1
8900,40,2020-03-27,2,0,0,0
8901,40,2020-03-28,2,0,0,3
8902,40,2020-03-29,2,0,0,0
8903,40,2020-03-30,6,1,1,1
8904,40,2020-03-31,1,1,0,1
8905,40,2020-04-01,1,1,0,0
8906,40,2020-04-02,4,0,0,3
8907,40,2020-04-03,2,1,0,2
8908,40,2020-04-04,1,1,0,0
8909,40,2020-04-05,1,0,0,1
8910,40,2020-04-06,9,3,3,7
8911,40,2020-04-07,11,0,2,4
8912,40,2020-04-08,4,1,0,1
8913,40,2020-04-09,7,0,2,4
8914,40,2020-04-10,1,0,2,2
8915,40,2020-04-11,0,0,0,0
8916,40,2020-04-12,0,0,1,0
8917,40,2020-04-13,0,0,0,0
8918,40,2020-04-14,4,1,0,1
8919,40,2020-04-15,2,0,0,0
8920,40,2020-04-16,3,0,0,1
8921,40,2020-04-17,3,0,0,1
8922,40,2020-04-18,0,0,0,1
8923,40,2020-04-19,0,0,0,0
8924,40,2020-04-20,1,1,0,3
8925,40,2020-04-21,1,0,0,0
8926,40,2020-04-22,0,0,0,1
8927,40,2020-04-23,1,1,0,2
8928,40,2020-04-24,2,0,0,2
8929,40,2020-04-25,0,0,0,1
8930,40,2020-04-26,0,0,0,0
8931,40,2020-04-27,0,0,0,1
8932,40,2020-04-28,0,0,0,3
8933,40,2020-04-29,0,0,0,3
8934,40,2020-04-30,8,0,0,4
8935,40,2020-05-01,0,0,0,0
8936,40,2020-05-02,0,0,0,0
8937,40,2020-05-03,0,0,0,0
8938,40,2020-05-04,0,0,0,3
8939,40,2020-05-05,0,0,0,1
8940,40,2020-05-06,0,0,0,0
8941,40,2020-05-07,0,0,0,0
8942,40,2020-05-08,0,0,0,0
8943,40,2020-05-09,0,0,0,0
8944,40,2020-05-10,0,0,0,0
8945,40,2020-05-11,0,0,2,0
8946,40,2020-05-12,0,0,0,1
8947,40,2020-05-13,0,0,0,1
8948,40,2020-05-14,0,0,0,0
8949,40,2020-05-15,0,0,0,0
8950,40,2020-05-16,0,0,0,0
8951,40,2020-05-17,0,0,0,0
8952,40,2020-05-18,1,0,0,0
8953,40,2020-05-19,0,0,0,0
8954,40,2020-05-20,0,0,0,3
8955,40,2020-05-21,0,0,0,0
8956,40,2020-05-22,0,0,0,0
8957,40,2020-05-23,0,0,0,0
8958,40,2020-05-24,0,0,0,0
8959,40,2020-05-25,1,1,0,0
8960,40,2020-05-26,0,0,0,0
8961,40,2020-05-27,0,0,0,0
8962,40,2020-05-28,0,0,0,1
8963,40,2020-05-29,0,0,0,1
8964,40,2020-05-30,0,0,0,0
8965,40,2020-05-31,0,0,0,0
8966,40,2020-06-01,0,0,0,0
8967,40,2020-06-02,0,0,0,0
8968,40,2020-06-03,0,0,0,1
8969,40,2020-06-04,0,0,0,1
8970,40,2020-06-05,3,0,0,3
8971,40,2020-06-06,0,0,0,0
8972,40,2020-06-07,0,0,0,0
8973,40,2020-06-08,0,0,0,1
8974,40,2020-06-09,0,0,1,0
8975,40,2020-06-10,0,0,0,0
8976,40,2020-06-11,0,0,0,0
8977,40,2020-06-12,0,0,0,0
8978,40,2020-06-13,0,0,0,0
8979,40,2020-06-14,0,0,0,0
8980,40,2020-06-15,0,0,0,0
8981,40,2020-06-16,0,0,0,0
8982,40,2020-06-17,0,0,0,0
8983,40,2020-06-18,0,0,0,0
8984,40,2020-06-19,0,0,0,0
8985,40,2020-06-20,0,0,0,0
8986,40,2020-06-21,0,0,0,0
8987,40,2020-06-22,0,0,0,0
8988,40,2020-06-23,0,0,0,0
8989,40,2020-06-24,0,0,0,0
8990,40,2020-06-25,0,0,0,1
8991,40,2020-06-26,0,0,0,0
8992,40,2020-06-27,0,0,0,0
8993,40,2020-06-28,0,0,0,0
8994,40,2020-06-29,0,0,0,0
8995,40,2020-06-30,1,0,0,0
8996,40,2020-07-01,1,0,0,0
8997,40,2020-07-02,0,0,0,0
8998,40,2020-07-03,0,0,0,0
8999,40,2020-07-04,0,0,0,0
9000,40,2020-07-05,0,0,0,0
9001,40,2020-07-06,0,0,0,0
9002,40,2020-07-07,0,0,0,1
9003,40,2020-07-08,0,0,0,0
9004,40,2020-07-09,0,0,0,0
9005,40,2020-07-10,0,0,0,1
9006,40,2020-07-11,0,0,0,0
9007,40,2020-07-12,0,0,0,0
9008,40,2020-07-13,0,0,0,0
9009,40,2020-07-14,0,0,0,0
9010,40,2020-07-15,0,0,0,0
9011,40,2020-07-16,0,0,0,0
9012,40,2020-07-17,0,0,0,0
9013,40,2020-07-18,0,0,0,0
9014,40,2020-07-19,0,0,0,0
9015,40,2020-07-20,0,0,0,0
9016,40,2020-07-21,0,0,0,0
9017,40,2020-07-22,0,0,0,0
9018,40,2020-07-23,0,0,0,0
9019,40,2020-07-24,0,0,0,1
9020,40,2020-07-25,0,0,0,0
9021,40,2020-07-26,0,0,0,0
9022,40,2020-07-27,0,0,0,0
9023,40,2020-07-28,0,0,0,0
9024,40,2020-07-29,0,0,0,0
9025,40,2020-07-30,0,0,0,0
9026,40,2020-07-31,0,0,0,0
9027,40,2020-08-01,0,0,0,0
9028,40,2020-08-02,0,0,0,0
9029,40,2020-08-03,0,0,0,0
9030,40,2020-08-04,0,0,0,0
9031,40,2020-08-05,0,0,0,1
9032,40,2020-08-06,0,0,0,0
9033,40,2020-08-07,0,0,0,0
9034,40,2020-08-08,0,0,0,0
9035,40,2020-08-09,0,0,0,0
9036,40,2020-08-10,0,0,0,0
9037,40,2020-08-11,0,0,0,0
9038,40,2020-08-12,0,0,0,0
9039,40,2020-08-13,0,0,0,0
9040,40,2020-08-14,0,0,0,0
9041,40,2020-08-15,0,0,0,0
9042,40,2020-08-16,0,0,0,0
9043,40,2020-08-17,0,0,0,0
9044,40,2020-08-18,0,0,0,0
9045,40,2020-08-19,0,0,0,0
9046,40,2020-08-20,0,0,0,0
9047,40,2020-08-21,0,0,0,0
9048,40,2020-08-22,0,0,0,0
9049,40,2020-08-23,0,0,0,0
9050,40,2020-08-24,0,0,0,0
9051,40,2020-08-25,0,0,0,0
9052,40,2020-08-26,0,0,0,0
9053,40,2020-08-27,0,0,0,0
9054,40,2020-08-28,0,0,0,0
9055,40,2020-08-29,0,0,0,0
9056,40,2020-08-30,0,0,0,0
9057,40,2020-08-31,0,0,0,0
9058,40,2020-09-01,0,0,0,0
9059,40,2020-09-02,0,0,0,0
9060,40,2020-09-03,0,0,0,1
9061,40,2020-09-04,1,0,0,0
9062,40,2020-09-05,0,0,0,0
9063,40,2020-09-06,0,0,0,0
9064,40,2020-09-07,1,0,0,1
9065,40,2020-09-08,1,0,0,2
9066,40,2020-09-09,0,0,0,0
9067,40,2020-09-10,0,0,0,0
9068,40,2020-09-11,0,0,0,0
9069,40,2020-09-12,0,0,0,0
9070,40,2020-09-13,0,0,0,0
9071,40,2020-09-14,1,0,0,0
9072,40,2020-09-15,4,1,0,1
9073,40,2020-09-16,4,0,0,1
9074,40,2020-09-17,1,0,0,1
9075,40,2020-09-18,0,0,0,0
9076,40,2020-09-19,1,0,0,1
9077,40,2020-09-20,0,0,0,0
9078,40,2020-09-21,1,1,0,0
9079,40,2020-09-22,2,0,0,1
9080,40,2020-09-23,0,0,0,1
9081,40,2020-09-24,1,1,0,2
9082,40,2020-09-25,0,0,0,1
9083,40,2020-09-26,1,0,1,0
9084,40,2020-09-27,0,0,0,0
9085,40,2020-09-28,2,0,0,1
9086,40,2020-09-29,2,1,0,1
9087,40,2020-09-30,0,0,0,1
9088,40,2020-10-01,1,0,0,0
9089,40,2020-10-02,0,0,0,1
9090,40,2020-10-03,3,3,1,0
9091,40,2020-10-04,0,0,0,0
9092,40,2020-10-05,6,1,0,0
9093,40,2020-10-06,0,0,0,2
9094,40,2020-10-07,2,1,0,0
9095,40,2020-10-08,3,0,0,0
9096,40,2020-10-09,8,0,0,1
9097,40,2020-10-10,4,0,1,1
9098,40,2020-10-11,1,0,0,0
9099,40,2020-10-12,6,0,1,4
9100,40,2020-10-13,7,0,0,1
9101,40,2020-10-14,5,0,1,1
9102,40,2020-10-15,1,0,1,1
9103,40,2020-10-16,6,1,0,3
9104,40,2020-10-17,3,0,0,0
9105,40,2020-10-18,1,0,0,1
9106,40,2020-10-19,4,0,2,3
9107,40,2020-10-20,16,0,1,5
9108,40,2020-10-21,1,1,0,2
9109,40,2020-10-22,6,0,0,1
9110,40,2020-10-23,3,0,1,5
9111,40,2020-10-24,4,1,0,1
9112,40,2020-10-25,1,0,0,1
9113,40,2020-10-26,4,1,2,2
9114,40,2020-10-27,7,4,1,7
9115,40,2020-10-28,4,0,1,5
9116,40,2020-10-29,6,0,0,4
9117,40,2020-10-30,3,0,1,3
9118,40,2020-10-31,5,1,1,0
9119,40,2020-11-01,3,2,0,2
9120,40,2020-11-02,4,0,1,7
9121,40,2020-11-03,10,1,0,3
9122,40,2020-11-04,8,0,0,3
9123,40,2020-11-05,7,1,0,5
9124,40,2020-11-06,3,1,0,5
9125,40,2020-11-07,6,0,0,2
9126,41,2020-03-19,3,0,0,1
9127,41,2020-03-20,3,1,0,0
9128,41,2020-03-21,0,0,0,0
9129,41,2020-03-22,1,0,0,0
9130,41,2020-03-23,4,1,0,1
9131,41,2020-03-24,9,0,0,5
9132,41,2020-03-25,2,1,0,1
9133,41,2020-03-26,7,2,0,1
9134,41,2020-03-27,8,2,0,0
9135,41,2020-03-28,12,0,3,4
9136,41,2020-03-29,3,2,0,0
9137,41,2020-03-30,23,1,1,3
9138,41,2020-03-31,5,5,0,3
9139,41,2020-04-01,16,3,3,1
9140,41,2020-04-02,17,5,0,1
9141,41,2020-04-03,12,1,3,15
9142,41,2020-04-04,5,1,2,2
9143,41,2020-04-05,1,1,0,2
9144,41,2020-04-06,18,2,1,1
9145,41,2020-04-07,11,0,1,6
9146,41,2020-04-08,10,1,2,4
9147,41,2020-04-09,13,5,0,2
9148,41,2020-04-10,5,2,2,10
9149,41,2020-04-11,6,1,3,3
9150,41,2020-04-12,3,0,0,0
9151,41,2020-04-13,5,1,1,1
9152,41,2020-04-14,12,1,3,2
9153,41,2020-04-15,3,2,2,6
9154,41,2020-04-16,7,0,1,4
9155,41,2020-04-17,10,6,1,4
9156,41,2020-04-18,5,0,2,1
9157,41,2020-04-19,1,1,0,0
9158,41,2020-04-20,17,4,4,7
9159,41,2020-04-21,5,0,1,5
9160,41,2020-04-22,7,0,0,7
9161,41,2020-04-23,6,0,0,4
9162,41,2020-04-24,9,2,2,2
9163,41,2020-04-25,8,2,0,3
9164,41,2020-04-26,2,0,0,0
9165,41,2020-04-27,8,0,2,2
9166,41,2020-04-28,2,0,4,9
9167,41,2020-04-29,15,2,0,6
9168,41,2020-04-30,23,2,3,10
9169,41,2020-05-01,4,2,1,2
9170,41,2020-05-02,4,0,1,1
9171,41,2020-05-03,4,1,0,0
9172,41,2020-05-04,1,0,1,6
9173,41,2020-05-05,10,1,1,4
9174,41,2020-05-06,2,0,1,8
9175,41,2020-05-07,9,0,1,4
9176,41,2020-05-08,0,0,1,3
9177,41,2020-05-09,2,0,0,1
9178,41,2020-05-10,4,0,1,0
9179,41,2020-05-11,6,0,0,0
9180,41,2020-05-12,2,0,0,5
9181,41,2020-05-13,4,0,1,9
9182,41,2020-05-14,4,1,0,8
9183,41,2020-05-15,7,2,2,7
9184,41,2020-05-16,0,0,1,1
9185,41,2020-05-17,0,0,0,0
9186,41,2020-05-18,5,1,1,5
9187,41,2020-05-19,1,0,2,5
9188,41,2020-05-20,2,0,0,6
9189,41,2020-05-21,0,0,0,0
9190,41,2020-05-22,0,0,0,0
9191,41,2020-05-23,1,0,1,3
9192,41,2020-05-24,0,0,0,0
9193,41,2020-05-25,2,0,2,1
9194,41,2020-05-26,0,0,0,5
9195,41,2020-05-27,0,0,0,1
9196,41,2020-05-28,1,0,0,10
9197,41,2020-05-29,0,0,0,3
9198,41,2020-05-30,0,0,0,2
9199,41,2020-05-31,0,0,0,0
9200,41,2020-06-01,0,0,0,0
9201,41,2020-06-02,2,0,0,2
9202,41,2020-06-03,0,0,0,3
9203,41,2020-06-04,0,0,0,1
9204,41,2020-06-05,0,0,0,2
9205,41,2020-06-06,0,0,0,0
9206,41,2020-06-07,0,0,0,0
9207,41,2020-06-08,1,0,0,0
9208,41,2020-06-09,0,0,0,0
9209,41,2020-06-10,1,1,0,3
9210,41,2020-06-11,0,0,0,0
9211,41,2020-06-12,0,0,0,0
9212,41,2020-06-13,0,0,0,0
9213,41,2020-06-14,0,0,0,0
9214,41,2020-06-15,0,0,0,0
9215,41,2020-06-16,0,0,0,0
9216,41,2020-06-17,0,0,0,2
9217,41,2020-06-18,0,0,0,0
9218,41,2020-06-19,0,0,0,0
9219,41,2020-06-20,0,0,0,0
9220,41,2020-06-21,0,0,0,0
9221,41,2020-06-22,0,2,0,0
9222,41,2020-06-23,0,0,0,0
9223,41,2020-06-24,0,0,0,0
9224,41,2020-06-25,0,0,0,0
9225,41,2020-06-26,0,0,0,2
9226,41,2020-06-27,0,0,0,0
9227,41,2020-06-28,0,0,0,0
9228,41,2020-06-29,0,0,0,0
9229,41,2020-06-30,0,0,0,0
9230,41,2020-07-01,0,0,0,0
9231,41,2020-07-02,0,0,0,0
9232,41,2020-07-03,0,0,0,0
9233,41,2020-07-04,0,0,0,0
9234,41,2020-07-05,0,0,0,0
9235,41,2020-07-06,0,0,0,0
9236,41,2020-07-07,0,0,0,0
9237,41,2020-07-08,1,0,0,0
9238,41,2020-07-09,0,0,0,2
9239,41,2020-07-10,0,0,0,0
9240,41,2020-07-11,0,0,0,0
9241,41,2020-07-12,0,0,0,0
9242,41,2020-07-13,0,0,0,0
9243,41,2020-07-14,0,0,0,1
9244,41,2020-07-15,0,0,0,0
9245,41,2020-07-16,0,0,0,29
9246,41,2020-07-17,0,0,0,0
9247,41,2020-07-18,0,0,0,0
9248,41,2020-07-19,0,0,0,0
9249,41,2020-07-20,0,0,0,1
9250,41,2020-07-21,0,0,0,0
9251,41,2020-07-22,0,0,0,0
9252,41,2020-07-23,0,0,0,0
9253,41,2020-07-24,2,0,0,0
9254,41,2020-07-25,0,0,0,0
9255,41,2020-07-26,0,0,0,0
9256,41,2020-07-27,0,0,0,0
9257,41,2020-07-28,0,0,0,5
9258,41,2020-07-29,1,0,0,2
9259,41,2020-07-30,0,0,0,0
9260,41,2020-07-31,1,0,0,0
9261,41,2020-08-01,10,0,0,29
9262,41,2020-08-02,0,0,0,0
9263,41,2020-08-03,0,0,0,0
9264,41,2020-08-04,1,0,0,1
9265,41,2020-08-05,0,0,0,0
9266,41,2020-08-06,0,0,0,0
9267,41,2020-08-07,0,0,0,2
9268,41,2020-08-08,0,0,0,0
9269,41,2020-08-09,0,0,0,0
9270,41,2020-08-10,0,0,0,0
9271,41,2020-08-11,0,0,1,18
9272,41,2020-08-12,0,0,0,0
9273,41,2020-08-13,0,0,0,0
9274,41,2020-08-14,1,0,0,0
9275,41,2020-08-15,0,0,0,4
9276,41,2020-08-16,0,0,0,0
9277,41,2020-08-17,0,0,0,0
9278,41,2020-08-18,1,0,0,0
9279,41,2020-08-19,0,0,0,0
9280,41,2020-08-20,1,0,0,0
9281,41,2020-08-21,0,0,0,2
9282,41,2020-08-22,0,0,0,0
9283,41,2020-08-23,0,0,0,0
9284,41,2020-08-24,2,0,0,0
9285,41,2020-08-25,0,0,0,0
9286,41,2020-08-26,0,0,1,1
9287,41,2020-08-27,0,0,0,1
9288,41,2020-08-28,0,0,0,0
9289,41,2020-08-29,0,0,0,0
9290,41,2020-08-30,0,0,0,0
9291,41,2020-08-31,1,0,0,0
9292,41,2020-09-01,2,0,0,0
9293,41,2020-09-02,1,0,0,0
9294,41,2020-09-03,1,0,0,1
9295,41,2020-09-04,1,0,0,2
9296,41,2020-09-05,0,0,0,0
9297,41,2020-09-06,0,0,0,0
9298,41,2020-09-07,0,0,0,3
9299,41,2020-09-08,0,0,0,2
9300,41,2020-09-09,1,0,0,2
9301,41,2020-09-10,1,0,1,0
9302,41,2020-09-11,0,0,0,0
9303,41,2020-09-12,0,0,0,0
9304,41,2020-09-13,0,0,0,0
9305,41,2020-09-14,0,1,0,0
9306,41,2020-09-15,1,0,2,0
9307,41,2020-09-16,3,0,0,2
9308,41,2020-09-17,0,0,0,0
9309,41,2020-09-18,1,0,0,1
9310,41,2020-09-19,0,0,0,0
9311,41,2020-09-20,0,0,0,0
9312,41,2020-09-21,2,0,0,2
9313,41,2020-09-22,1,0,0,3
9314,41,2020-09-23,0,0,0,0
9315,41,2020-09-24,2,0,0,1
9316,41,2020-09-25,1,0,0,2
9317,41,2020-09-26,1,0,0,0
9318,41,2020-09-27,0,0,0,0
9319,41,2020-09-28,1,0,0,0
9320,41,2020-09-29,4,0,0,0
9321,41,2020-09-30,0,0,0,3
9322,41,2020-10-01,1,0,0,1
9323,41,2020-10-02,4,0,0,1
9324,41,2020-10-03,2,0,0,2
9325,41,2020-10-04,2,0,1,0
9326,41,2020-10-05,2,0,0,0
9327,41,2020-10-06,2,1,1,4
9328,41,2020-10-07,1,0,0,1
9329,41,2020-10-08,2,0,0,0
9330,41,2020-10-09,2,2,0,2
9331,41,2020-10-10,1,0,0,0
9332,41,2020-10-11,2,1,0,0
9333,41,2020-10-12,5,0,0,4
9334,41,2020-10-13,3,0,0,2
9335,41,2020-10-14,2,1,1,2
9336,41,2020-10-15,2,0,0,0
9337,41,2020-10-16,0,0,0,0
9338,41,2020-10-17,1,0,1,0
9339,41,2020-10-18,0,0,0,0
9340,41,2020-10-19,4,0,0,2
9341,41,2020-10-20,6,1,0,4
9342,41,2020-10-21,3,0,0,4
9343,41,2020-10-22,5,1,1,4
9344,41,2020-10-23,3,1,0,0
9345,41,2020-10-24,2,0,0,2
9346,41,2020-10-25,2,1,2,0
9347,41,2020-10-26,9,1,1,2
9348,41,2020-10-27,7,0,2,3
9349,41,2020-10-28,9,1,0,1
9350,41,2020-10-29,11,1,0,4
9351,41,2020-10-30,7,0,0,1
9352,41,2020-10-31,10,2,1,5
9353,41,2020-11-01,2,2,1,0
9354,41,2020-11-02,8,0,1,4
9355,41,2020-11-03,12,1,4,2
9356,41,2020-11-04,10,0,1,4
9357,41,2020-11-05,6,2,3,8
9358,41,2020-11-06,9,1,1,3
9359,41,2020-11-07,9,1,1,5
9360,42,2020-03-19,32,4,2,5
9361,42,2020-03-20,13,4,1,1
9362,42,2020-03-21,22,2,2,5
9363,42,2020-03-22,31,5,2,2
9364,42,2020-03-23,24,3,2,4
9365,42,2020-03-24,46,3,3,6
9366,42,2020-03-25,59,12,2,3
9367,42,2020-03-26,40,8,3,3
9368,42,2020-03-27,28,3,1,13
9369,42,2020-03-28,69,16,8,3
9370,42,2020-03-29,77,9,6,14
9371,42,2020-03-30,32,11,3,11
9372,42,2020-03-31,40,4,8,7
9373,42,2020-04-01,44,5,13,29
9374,42,2020-04-02,42,9,5,14
9375,42,2020-04-03,57,5,7,32
9376,42,2020-04-04,29,7,1,12
9377,42,2020-04-05,19,1,5,13
9378,42,2020-04-06,40,5,3,13
9379,42,2020-04-07,33,3,11,31
9380,42,2020-04-08,26,5,2,28
9381,42,2020-04-09,30,2,5,25
9382,42,2020-04-10,31,7,6,33
9383,42,2020-04-11,27,1,3,17
9384,42,2020-04-12,43,6,5,16
9385,42,2020-04-13,4,2,1,4
9386,42,2020-04-14,23,2,6,17
9387,42,2020-04-15,41,2,10,31
9388,42,2020-04-16,18,3,6,18
9389,42,2020-04-17,34,0,2,26
9390,42,2020-04-18,12,3,5,23
9391,42,2020-04-19,18,4,1,8
9392,42,2020-04-20,11,4,5,5
9393,42,2020-04-21,22,0,6,26
9394,42,2020-04-22,17,3,10,18
9395,42,2020-04-23,23,1,5,16
9396,42,2020-04-24,10,0,2,13
9397,42,2020-04-25,20,3,5,33
9398,42,2020-04-26,9,1,3,4
9399,42,2020-04-27,11,0,2,5
9400,42,2020-04-28,8,0,7,15
9401,42,2020-04-29,7,1,1,11
9402,42,2020-04-30,14,2,1,18
9403,42,2020-05-01,12,2,2,14
9404,42,2020-05-02,3,1,2,1
9405,42,2020-05-03,4,0,1,1
9406,42,2020-05-04,6,2,3,12
9407,42,2020-05-05,8,0,3,13
9408,42,2020-05-06,5,1,2,16
9409,42,2020-05-07,0,2,1,8
9410,42,2020-05-08,4,0,0,9
9411,42,2020-05-09,2,0,0,4
9412,42,2020-05-10,1,0,1,1
9413,42,2020-05-11,9,0,6,8
9414,42,2020-05-12,20,2,7,10
9415,42,2020-05-13,3,1,0,45
9416,42,2020-05-14,8,1,1,10
9417,42,2020-05-15,2,1,1,5
9418,42,2020-05-16,1,0,1,6
9419,42,2020-05-17,0,0,0,0
9420,42,2020-05-18,0,0,2,3
9421,42,2020-05-19,1,0,5,10
9422,42,2020-05-20,12,0,3,28
9423,42,2020-05-21,1,0,1,2
9424,42,2020-05-22,4,1,3,5
9425,42,2020-05-23,2,0,0,3
9426,42,2020-05-24,2,0,0,0
9427,42,2020-05-25,1,0,1,1
9428,42,2020-05-26,3,0,3,13
9429,42,2020-05-27,2,3,1,6
9430,42,2020-05-28,3,0,0,3
9431,42,2020-05-29,1,0,1,7
9432,42,2020-05-30,0,0,0,0
9433,42,2020-05-31,2,0,0,1
9434,42,2020-06-01,0,0,1,2
9435,42,2020-06-02,1,0,3,15
9436,42,2020-06-03,1,0,1,15
9437,42,2020-06-04,1,0,0,11
9438,42,2020-06-05,2,0,0,7
9439,42,2020-06-06,0,0,0,1
9440,42,2020-06-07,0,0,0,1
9441,42,2020-06-08,0,0,0,2
9442,42,2020-06-09,0,0,0,3
9443,42,2020-06-10,1,0,0,3
9444,42,2020-06-11,0,0,1,1
9445,42,2020-06-12,0,0,0,23
9446,42,2020-06-13,0,0,0,3
9447,42,2020-06-14,0,0,0,0
9448,42,2020-06-15,0,0,1,1
9449,42,2020-06-16,3,0,1,6
9450,42,2020-06-17,0,0,0,2
9451,42,2020-06-18,0,0,0,3
9452,42,2020-06-19,1,0,0,2
9453,42,2020-06-20,0,0,0,1
9454,42,2020-06-21,0,0,0,0
9455,42,2020-06-22,0,0,0,3
9456,42,2020-06-23,0,0,0,4
9457,42,2020-06-24,0,0,1,3
9458,42,2020-06-25,1,0,0,4
9459,42,2020-06-26,1,1,0,0
9460,42,2020-06-27,1,0,0,1
9461,42,2020-06-28,0,0,0,0
9462,42,2020-06-29,1,0,0,4
9463,42,2020-06-30,1,0,1,1
9464,42,2020-07-01,4,0,0,6
9465,42,2020-07-02,0,0,0,1
9466,42,2020-07-03,0,0,0,0
9467,42,2020-07-04,1,0,0,0
9468,42,2020-07-05,0,0,0,0
9469,42,2020-07-06,0,1,0,0
9470,42,2020-07-07,0,0,0,0
9471,42,2020-07-08,0,0,0,7
9472,42,2020-07-09,0,0,0,2
9473,42,2020-07-10,0,0,0,1
9474,42,2020-07-11,0,0,0,3
9475,42,2020-07-12,0,0,0,0
9476,42,2020-07-13,0,0,0,0
9477,42,2020-07-14,0,0,0,0
9478,42,2020-07-15,0,0,0,0
9479,42,2020-07-16,0,0,0,1
9480,42,2020-07-17,0,0,0,0
9481,42,2020-07-18,0,0,0,0
9482,42,2020-07-19,0,0,0,0
9483,42,2020-07-20,1,0,0,1
9484,42,2020-07-21,0,0,0,0
9485,42,2020-07-22,0,0,0,0
9486,42,2020-07-23,2,0,0,1
9487,42,2020-07-24,1,0,1,0
9488,42,2020-07-25,0,0,0,0
9489,42,2020-07-26,0,0,0,0
9490,42,2020-07-27,0,0,0,0
9491,42,2020-07-28,4,0,0,2
9492,42,2020-07-29,0,0,0,0
9493,42,2020-07-30,2,0,0,4
9494,42,2020-07-31,2,0,0,1
9495,42,2020-08-01,0,0,0,0
9496,42,2020-08-02,0,0,0,0
9497,42,2020-08-03,0,0,0,0
9498,42,2020-08-04,1,0,0,0
9499,42,2020-08-05,0,0,0,0
9500,42,2020-08-06,0,0,0,0
9501,42,2020-08-07,2,1,0,0
9502,42,2020-08-08,0,0,0,0
9503,42,2020-08-09,0,0,0,0
9504,42,2020-08-10,0,0,0,0
9505,42,2020-08-11,2,0,0,5
9506,42,2020-08-12,0,0,0,0
9507,42,2020-08-13,2,0,0,2
9508,42,2020-08-14,0,0,0,0
9509,42,2020-08-15,0,0,0,0
9510,42,2020-08-16,0,0,0,0
9511,42,2020-08-17,2,1,0,2
9512,42,2020-08-18,1,0,0,3
9513,42,2020-08-19,0,0,0,27
9514,42,2020-08-20,0,1,0,1
9515,42,2020-08-21,0,0,0,0
9516,42,2020-08-22,1,0,0,0
9517,42,2020-08-23,0,0,0,0
9518,42,2020-08-24,0,0,0,0
9519,42,2020-08-25,6,0,0,7
9520,42,2020-08-26,0,0,0,0
9521,42,2020-08-27,1,0,0,2
9522,42,2020-08-28,1,0,0,1
9523,42,2020-08-29,1,0,0,0
9524,42,2020-08-30,0,0,0,0
9525,42,2020-08-31,1,0,0,4
9526,42,2020-09-01,2,0,0,0
9527,42,2020-09-02,2,0,1,2
9528,42,2020-09-03,2,0,0,0
9529,42,2020-09-04,2,1,0,1
9530,42,2020-09-05,0,0,0,1
9531,42,2020-09-06,1,0,0,0
9532,42,2020-09-07,5,0,0,3
9533,42,2020-09-08,3,1,0,1
9534,42,2020-09-09,9,2,0,1
9535,42,2020-09-10,4,0,0,3
9536,42,2020-09-11,4,1,0,3
9537,42,2020-09-12,13,0,0,1
9538,42,2020-09-13,2,1,0,0
9539,42,2020-09-14,10,1,0,1
9540,42,2020-09-15,14,3,1,4
9541,42,2020-09-16,15,0,1,10
9542,42,2020-09-17,8,1,0,4
9543,42,2020-09-18,9,0,4,15
9544,42,2020-09-19,16,3,1,5
9545,42,2020-09-20,4,2,0,0
9546,42,2020-09-21,9,5,1,2
9547,42,2020-09-22,18,1,3,10
9548,42,2020-09-23,13,3,1,9
9549,42,2020-09-24,8,1,3,8
9550,42,2020-09-25,16,4,1,8
9551,42,2020-09-26,19,0,0,3
9552,42,2020-09-27,7,1,0,1
9553,42,2020-09-28,11,0,3,12
9554,42,2020-09-29,11,0,1,11
9555,42,2020-09-30,8,1,2,17
9556,42,2020-10-01,27,4,3,7
9557,42,2020-10-02,17,2,0,8
9558,42,2020-10-03,19,4,1,8
9559,42,2020-10-04,13,2,2,2
9560,42,2020-10-05,12,2,3,5
9561,42,2020-10-06,19,3,0,5
9562,42,2020-10-07,9,7,2,10
9563,42,2020-10-08,23,2,4,12
9564,42,2020-10-09,14,0,1,7
9565,42,2020-10-10,36,4,2,22
9566,42,2020-10-11,17,2,0,5
9567,42,2020-10-12,36,4,3,8
9568,42,2020-10-13,24,1,1,17
9569,42,2020-10-14,36,6,5,11
9570,42,2020-10-15,41,6,2,6
9571,42,2020-10-16,41,4,8,17
9572,42,2020-10-17,35,6,7,14
9573,42,2020-10-18,33,6,2,2
9574,42,2020-10-19,38,7,4,9
9575,42,2020-10-20,56,7,10,13
9576,42,2020-10-21,71,7,9,27
9577,42,2020-10-22,33,1,4,21
9578,42,2020-10-23,57,7,3,15
9579,42,2020-10-24,56,8,4,15
9580,42,2020-10-25,48,9,1,9
9581,42,2020-10-26,51,7,14,18
9582,42,2020-10-27,97,8,18,64
9583,42,2020-10-28,98,7,7,41
9584,42,2020-10-29,78,11,8,31
9585,42,2020-10-30,65,7,10,13
9586,42,2020-10-31,51,7,2,16
9587,42,2020-11-01,46,6,13,26
9588,42,2020-11-02,62,10,9,23
9589,42,2020-11-03,73,6,11,29
9590,42,2020-11-04,105,11,11,63
9591,42,2020-11-05,73,9,5,28
9592,42,2020-11-06,102,13,19,74
9593,42,2020-11-07,42,8,10,43
9594,43,2020-03-19,1,1,0,0
9595,43,2020-03-20,2,1,0,1
9596,43,2020-03-21,2,0,0,0
9597,43,2020-03-22,2,0,0,1
9598,43,2020-03-23,2,1,0,0
9599,43,2020-03-24,2,0,0,1
9600,43,2020-03-25,6,1,0,3
9601,43,2020-03-26,2,2,0,0
9602,43,2020-03-27,3,0,1,1
9603,43,2020-03-28,2,0,1,1
9604,43,2020-03-29,1,0,1,0
9605,43,2020-03-30,3,0,0,1
9606,43,2020-03-31,2,0,0,2
9607,43,2020-04-01,3,0,0,2
9608,43,2020-04-02,2,0,0,2
9609,43,2020-04-03,6,0,0,3
9610,43,2020-04-04,5,1,0,2
9611,43,2020-04-05,5,0,0,2
9612,43,2020-04-06,7,0,0,2
9613,43,2020-04-07,2,1,1,4
9614,43,2020-04-08,5,0,0,6
9615,43,2020-04-09,6,0,0,3
9616,43,2020-04-10,5,0,1,3
9617,43,2020-04-11,6,0,0,0
9618,43,2020-04-12,2,0,0,0
9619,43,2020-04-13,1,0,1,1
9620,43,2020-04-14,2,0,0,5
9621,43,2020-04-15,2,0,0,3
9622,43,2020-04-16,1,0,0,4
9623,43,2020-04-17,7,0,0,2
9624,43,2020-04-18,14,0,0,4
9625,43,2020-04-19,14,0,0,0
9626,43,2020-04-20,0,0,0,0
9627,43,2020-04-21,2,1,1,0
9628,43,2020-04-22,2,0,0,1
9629,43,2020-04-23,4,0,2,3
9630,43,2020-04-24,3,0,0,0
9631,43,2020-04-25,0,0,0,0
9632,43,2020-04-26,0,0,0,0
9633,43,2020-04-27,0,0,0,0
9634,43,2020-04-28,4,0,0,4
9635,43,2020-04-29,1,0,1,3
9636,43,2020-04-30,1,0,1,1
9637,43,2020-05-01,0,0,0,0
9638,43,2020-05-02,0,0,0,0
9639,43,2020-05-03,0,0,0,0
9640,43,2020-05-04,1,0,0,0
9641,43,2020-05-05,2,0,0,1
9642,43,2020-05-06,0,1,0,1
9643,43,2020-05-07,2,1,1,9
9644,43,2020-05-08,1,0,0,0
9645,43,2020-05-09,0,0,0,0
9646,43,2020-05-10,0,0,1,0
9647,43,2020-05-11,0,0,0,0
9648,43,2020-05-12,2,0,0,0
9649,43,2020-05-13,1,0,1,1
9650,43,2020-05-14,1,0,0,4
9651,43,2020-05-15,0,1,0,0
9652,43,2020-05-16,0,0,0,2
9653,43,2020-05-17,0,0,0,0
9654,43,2020-05-18,0,0,0,0
9655,43,2020-05-19,0,0,0,0
9656,43,2020-05-20,0,0,0,1
9657,43,2020-05-21,0,0,0,0
9658,43,2020-05-22,0,0,0,0
9659,43,2020-05-23,0,0,0,0
9660,43,2020-05-24,0,0,0,0
9661,43,2020-05-25,0,0,1,2
9662,43,2020-05-26,0,0,0,0
9663,43,2020-05-27,0,0,0,0
9664,43,2020-05-28,0,0,0,1
9665,43,2020-05-29,1,0,0,1
9666,43,2020-05-30,2,0,0,0
9667,43,2020-05-31,0,0,0,0
9668,43,2020-06-01,0,0,1,0
9669,43,2020-06-02,1,0,1,0
9670,43,2020-06-03,0,0,0,0
9671,43,2020-06-04,0,0,0,0
9672,43,2020-06-05,0,0,0,3
9673,43,2020-06-06,0,0,0,1
9674,43,2020-06-07,0,0,0,0
9675,43,2020-06-08,1,0,0,0
9676,43,2020-06-09,0,0,0,0
9677,43,2020-06-10,0,0,0,0
9678,43,2020-06-11,1,0,0,0
9679,43,2020-06-12,0,0,0,7
9680,43,2020-06-13,1,0,0,2
9681,43,2020-06-14,0,0,0,0
9682,43,2020-06-15,0,0,0,0
9683,43,2020-06-16,0,0,1,1
9684,43,2020-06-17,0,0,0,0
9685,43,2020-06-18,0,0,0,0
9686,43,2020-06-19,0,0,0,0
9687,43,2020-06-20,0,0,0,0
9688,43,2020-06-21,0,0,0,0
9689,43,2020-06-22,0,0,0,0
9690,43,2020-06-23,0,0,0,0
9691,43,2020-06-24,0,0,0,0
9692,43,2020-06-25,0,0,0,0
9693,43,2020-06-26,0,0,0,0
9694,43,2020-06-27,0,0,0,0
9695,43,2020-06-28,0,0,0,0
9696,43,2020-06-29,0,0,0,0
9697,43,2020-06-30,0,0,0,0
9698,43,2020-07-01,0,0,0,0
9699,43,2020-07-02,0,0,0,1
9700,43,2020-07-03,0,0,0,0
9701,43,2020-07-04,0,0,0,0
9702,43,2020-07-05,0,0,0,0
9703,43,2020-07-06,0,0,0,0
9704,43,2020-07-07,0,0,0,0
9705,43,2020-07-08,0,0,0,0
9706,43,2020-07-09,0,0,0,0
9707,43,2020-07-10,0,0,0,0
9708,43,2020-07-11,0,0,0,0
9709,43,2020-07-12,0,0,0,0
9710,43,2020-07-13,0,0,0,0
9711,43,2020-07-14,0,0,0,0
9712,43,2020-07-15,0,0,0,0
9713,43,2020-07-16,0,0,0,0
9714,43,2020-07-17,0,0,0,0
9715,43,2020-07-18,0,0,0,0
9716,43,2020-07-19,0,0,0,0
9717,43,2020-07-20,0,0,0,0
9718,43,2020-07-21,0,0,0,0
9719,43,2020-07-22,0,0,0,0
9720,43,2020-07-23,0,0,0,0
9721,43,2020-07-24,0,0,0,0
9722,43,2020-07-25,0,0,0,0
9723,43,2020-07-26,0,0,0,0
9724,43,2020-07-27,0,0,0,0
9725,43,2020-07-28,0,0,0,0
9726,43,2020-07-29,0,0,0,0
9727,43,2020-07-30,0,0,0,0
9728,43,2020-07-31,0,0,0,0
9729,43,2020-08-01,0,0,0,0
9730,43,2020-08-02,0,0,0,0
9731,43,2020-08-03,0,0,0,0
9732,43,2020-08-04,0,0,0,0
9733,43,2020-08-05,0,0,0,0
9734,43,2020-08-06,0,0,0,1
9735,43,2020-08-07,0,0,0,0
9736,43,2020-08-08,0,0,0,0
9737,43,2020-08-09,0,0,0,0
9738,43,2020-08-10,0,0,0,0
9739,43,2020-08-11,0,0,0,0
9740,43,2020-08-12,0,0,0,0
9741,43,2020-08-13,0,0,0,0
9742,43,2020-08-14,0,0,0,0
9743,43,2020-08-15,0,0,0,0
9744,43,2020-08-16,0,0,0,0
9745,43,2020-08-17,0,0,0,0
9746,43,2020-08-18,0,0,0,0
9747,43,2020-08-19,0,0,0,0
9748,43,2020-08-20,0,0,0,0
9749,43,2020-08-21,1,1,0,0
9750,43,2020-08-22,1,0,0,1
9751,43,2020-08-23,0,0,0,0
9752,43,2020-08-24,0,0,0,0
9753,43,2020-08-25,0,0,0,0
9754,43,2020-08-26,0,0,0,0
9755,43,2020-08-27,0,0,0,0
9756,43,2020-08-28,0,0,0,0
9757,43,2020-08-29,0,0,0,0
9758,43,2020-08-30,0,0,0,0
9759,43,2020-08-31,0,0,0,0
9760,43,2020-09-01,0,0,0,0
9761,43,2020-09-02,0,0,0,0
9762,43,2020-09-03,0,0,0,0
9763,43,2020-09-04,0,0,0,0
9764,43,2020-09-05,0,0,0,0
9765,43,2020-09-06,0,0,0,0
9766,43,2020-09-07,0,0,0,0
9767,43,2020-09-08,0,0,0,0
9768,43,2020-09-09,0,0,0,0
9769,43,2020-09-10,0,0,0,0
9770,43,2020-09-11,0,0,0,0
9771,43,2020-09-12,0,0,0,0
9772,43,2020-09-13,0,0,0,0
9773,43,2020-09-14,0,0,0,0
9774,43,2020-09-15,14,1,0,2
9775,43,2020-09-16,1,1,0,0
9776,43,2020-09-17,5,0,1,0
9777,43,2020-09-18,1,0,0,0
9778,43,2020-09-19,2,2,0,0
9779,43,2020-09-20,0,0,0,0
9780,43,2020-09-21,0,0,0,0
9781,43,2020-09-22,3,0,0,3
9782,43,2020-09-23,1,0,0,0
9783,43,2020-09-24,0,0,0,2
9784,43,2020-09-25,0,0,0,1
9785,43,2020-09-26,1,0,0,0
9786,43,2020-09-27,0,0,0,0
9787,43,2020-09-28,0,0,0,0
9788,43,2020-09-29,1,0,0,0
9789,43,2020-09-30,2,0,0,0
9790,43,2020-10-01,0,0,0,13
9791,43,2020-10-02,0,0,0,3
9792,43,2020-10-03,1,0,0,2
9793,43,2020-10-04,0,0,0,0
9794,43,2020-10-05,2,0,0,0
9795,43,2020-10-06,0,0,0,0
9796,43,2020-10-07,2,0,0,0
9797,43,2020-10-08,2,0,1,1
9798,43,2020-10-09,6,1,0,1
9799,43,2020-10-10,5,0,0,4
9800,43,2020-10-11,1,0,0,0
9801,43,2020-10-12,0,0,0,0
9802,43,2020-10-13,5,2,0,4
9803,43,2020-10-14,3,0,0,2
9804,43,2020-10-15,6,1,2,2
9805,43,2020-10-16,0,0,0,0
9806,43,2020-10-17,9,1,0,1
9807,43,2020-10-18,0,0,0,0
9808,43,2020-10-19,5,0,2,0
9809,43,2020-10-20,17,0,1,5
9810,43,2020-10-21,12,2,0,3
9811,43,2020-10-22,11,0,0,9
9812,43,2020-10-23,13,1,0,3
9813,43,2020-10-24,7,1,0,0
9814,43,2020-10-25,16,0,0,2
9815,43,2020-10-26,3,1,0,0
9816,43,2020-10-27,32,2,1,10
9817,43,2020-10-28,23,0,1,8
9818,43,2020-10-29,28,0,3,4
9819,43,2020-10-30,9,2,2,11
9820,43,2020-10-31,17,0,0,11
9821,43,2020-11-01,17,1,1,7
9822,43,2020-11-02,11,2,2,4
9823,43,2020-11-03,29,0,4,9
9824,43,2020-11-04,27,2,2,10
9825,43,2020-11-05,42,1,3,18
9826,43,2020-11-06,15,0,1,13
9827,43,2020-11-07,28,1,3,9
9828,44,2020-03-19,12,4,0,3
9829,44,2020-03-20,5,3,0,1
9830,44,2020-03-21,16,3,0,2
9831,44,2020-03-22,15,4,1,1
9832,44,2020-03-23,4,2,1,0
9833,44,2020-03-24,36,4,3,9
9834,44,2020-03-25,18,4,1,4
9835,44,2020-03-26,7,6,2,2
9836,44,2020-03-27,38,7,3,4
9837,44,2020-03-28,33,8,7,8
9838,44,2020-03-29,18,2,4,0
9839,44,2020-03-30,16,3,5,12
9840,44,2020-03-31,22,9,3,18
9841,44,2020-04-01,45,2,5,10
9842,44,2020-04-02,27,7,2,11
9843,44,2020-04-03,30,5,5,19
9844,44,2020-04-04,42,3,2,14
9845,44,2020-04-05,17,3,0,12
9846,44,2020-04-06,16,3,2,5
9847,44,2020-04-07,30,2,4,22
9848,44,2020-04-08,21,4,3,19
9849,44,2020-04-09,36,3,3,20
9850,44,2020-04-10,35,6,4,19
9851,44,2020-04-11,19,0,2,20
9852,44,2020-04-12,18,3,2,6
9853,44,2020-04-13,13,1,7,3
9854,44,2020-04-14,10,0,6,8
9855,44,2020-04-15,18,1,6,15
9856,44,2020-04-16,12,1,3,14
9857,44,2020-04-17,16,1,2,9
9858,44,2020-04-18,10,0,4,14
9859,44,2020-04-19,7,0,3,2
9860,44,2020-04-20,4,0,3,5
9861,44,2020-04-21,14,1,3,11
9862,44,2020-04-22,12,1,4,20
9863,44,2020-04-23,11,0,1,7
9864,44,2020-04-24,7,0,4,14
9865,44,2020-04-25,12,0,1,8
9866,44,2020-04-26,4,0,4,5
9867,44,2020-04-27,12,0,3,15
9868,44,2020-04-28,6,0,2,11
9869,44,2020-04-29,9,2,3,13
9870,44,2020-04-30,5,0,1,12
9871,44,2020-05-01,8,0,1,11
9872,44,2020-05-02,3,1,2,2
9873,44,2020-05-03,5,1,1,3
9874,44,2020-05-04,3,0,0,3
9875,44,2020-05-05,8,2,2,13
9876,44,2020-05-06,6,0,1,9
9877,44,2020-05-07,2,1,2,5
9878,44,2020-05-08,5,1,3,5
9879,44,2020-05-09,1,0,0,9
9880,44,2020-05-10,1,0,0,2
9881,44,2020-05-11,3,0,0,5
9882,44,2020-05-12,1,0,1,7
9883,44,2020-05-13,1,0,0,7
9884,44,2020-05-14,6,0,2,16
9885,44,2020-05-15,2,0,2,8
9886,44,2020-05-16,1,0,0,4
9887,44,2020-05-17,1,0,0,0
9888,44,2020-05-18,0,0,1,5
9889,44,2020-05-19,4,0,0,6
9890,44,2020-05-20,0,0,1,5
9891,44,2020-05-21,2,0,0,1
9892,44,2020-05-22,1,1,0,1
9893,44,2020-05-23,2,0,0,1
9894,44,2020-05-24,6,1,1,0
9895,44,2020-05-25,4,2,0,3
9896,44,2020-05-26,5,1,0,10
9897,44,2020-05-27,1,0,0,6
9898,44,2020-05-28,2,1,0,6
9899,44,2020-05-29,2,0,0,1
9900,44,2020-05-30,6,0,0,3
9901,44,2020-05-31,5,0,2,5
9902,44,2020-06-01,1,0,0,2
9903,44,2020-06-02,2,1,1,8
9904,44,2020-06-03,0,0,0,5
9905,44,2020-06-04,5,0,0,9
9906,44,2020-06-05,7,0,4,6
9907,44,2020-06-06,2,0,1,6
9908,44,2020-06-07,2,1,1,0
9909,44,2020-06-08,5,0,1,6
9910,44,2020-06-09,2,0,0,3
9911,44,2020-06-10,2,0,0,3
9912,44,2020-06-11,12,1,3,17
9913,44,2020-06-12,1,0,0,9
9914,44,2020-06-13,2,0,0,2
9915,44,2020-06-14,0,0,0,0
9916,44,2020-06-15,0,0,0,1
9917,44,2020-06-16,3,0,0,5
9918,44,2020-06-17,7,2,0,5
9919,44,2020-06-18,1,0,1,1
9920,44,2020-06-19,1,0,0,7
9921,44,2020-06-20,0,0,0,2
9922,44,2020-06-21,0,0,0,0
9923,44,2020-06-22,6,1,0,11
9924,44,2020-06-23,3,1,0,3
9925,44,2020-06-24,1,0,1,8
9926,44,2020-06-25,1,0,0,2
9927,44,2020-06-26,0,0,0,2
9928,44,2020-06-27,0,0,0,0
9929,44,2020-06-28,0,0,0,0
9930,44,2020-06-29,1,0,0,4
9931,44,2020-06-30,1,0,0,3
9932,44,2020-07-01,0,0,1,3
9933,44,2020-07-02,0,0,1,0
9934,44,2020-07-03,1,1,0,1
9935,44,2020-07-04,0,0,0,0
9936,44,2020-07-05,0,0,0,0
9937,44,2020-07-06,1,0,0,5
9938,44,2020-07-07,0,0,0,0
9939,44,2020-07-08,0,0,0,0
9940,44,2020-07-09,1,0,0,3
9941,44,2020-07-10,3,0,0,4
9942,44,2020-07-11,0,0,0,0
9943,44,2020-07-12,0,0,0,0
9944,44,2020-07-13,0,0,0,1
9945,44,2020-07-14,0,0,0,0
9946,44,2020-07-15,1,0,0,0
9947,44,2020-07-16,5,0,0,0
9948,44,2020-07-17,2,0,0,0
9949,44,2020-07-18,0,0,0,0
9950,44,2020-07-19,0,0,0,0
9951,44,2020-07-20,1,0,0,2
9952,44,2020-07-21,1,0,3,6
9953,44,2020-07-22,0,0,1,17
9954,44,2020-07-23,1,0,0,0
9955,44,2020-07-24,1,0,0,1
9956,44,2020-07-25,1,0,0,0
9957,44,2020-07-26,0,0,0,0
9958,44,2020-07-27,0,0,0,1
9959,44,2020-07-28,0,0,0,0
9960,44,2020-07-29,0,0,0,1
9961,44,2020-07-30,1,0,0,1
9962,44,2020-07-31,0,0,0,0
9963,44,2020-08-01,0,0,0,0
9964,44,2020-08-02,0,0,0,0
9965,44,2020-08-03,3,0,0,1
9966,44,2020-08-04,1,0,0,1
9967,44,2020-08-05,1,0,0,2
9968,44,2020-08-06,6,2,0,2
9969,44,2020-08-07,4,0,0,1
9970,44,2020-08-08,0,0,0,0
9971,44,2020-08-09,0,0,0,0
9972,44,2020-08-10,6,1,1,1
9973,44,2020-08-11,1,1,0,1
9974,44,2020-08-12,3,0,1,3
9975,44,2020-08-13,4,2,0,2
9976,44,2020-08-14,1,0,0,3
9977,44,2020-08-15,2,0,0,0
9978,44,2020-08-16,0,0,0,0
9979,44,2020-08-17,2,0,1,1
9980,44,2020-08-18,4,0,0,2
9981,44,2020-08-19,3,1,1,1
9982,44,2020-08-20,1,0,0,3
9983,44,2020-08-21,0,1,0,2
9984,44,2020-08-22,1,0,0,0
9985,44,2020-08-23,0,0,0,0
9986,44,2020-08-24,2,1,0,3
9987,44,2020-08-25,2,1,0,0
9988,44,2020-08-26,1,0,0,2
9989,44,2020-08-27,5,1,0,5
9990,44,2020-08-28,0,0,2,0
9991,44,2020-08-29,0,0,0,0
9992,44,2020-08-30,0,0,0,0
9993,44,2020-08-31,1,0,0,1
9994,44,2020-09-01,1,0,0,3
9995,44,2020-09-02,1,0,0,2
9996,44,2020-09-03,4,1,0,3
9997,44,2020-09-04,0,0,0,1
9998,44,2020-09-05,2,0,1,0
9999,44,2020-09-06,0,0,0,0
10000,44,2020-09-07,6,2,1,2
10001,44,2020-09-08,1,0,0,0
10002,44,2020-09-09,1,0,0,3
10003,44,2020-09-10,3,0,0,0
10004,44,2020-09-11,5,0,0,3
10005,44,2020-09-12,0,0,0,0
10006,44,2020-09-13,0,0,0,0
10007,44,2020-09-14,13,1,0,5
10008,44,2020-09-15,3,0,0,1
10009,44,2020-09-16,3,2,1,4
10010,44,2020-09-17,7,2,2,4
10011,44,2020-09-18,7,1,0,6
10012,44,2020-09-19,1,0,0,2
10013,44,2020-09-20,0,0,0,0
10014,44,2020-09-21,8,2,1,3
10015,44,2020-09-22,10,2,0,2
10016,44,2020-09-23,9,1,0,4
10017,44,2020-09-24,11,3,0,6
10018,44,2020-09-25,7,3,0,2
10019,44,2020-09-26,9,0,0,6
10020,44,2020-09-27,0,0,0,2
10021,44,2020-09-28,2,1,0,2
10022,44,2020-09-29,8,0,0,7
10023,44,2020-09-30,5,4,0,7
10024,44,2020-10-01,3,0,2,7
10025,44,2020-10-02,6,0,1,3
10026,44,2020-10-03,6,1,1,7
10027,44,2020-10-04,1,0,0,1
10028,44,2020-10-05,4,1,0,0
10029,44,2020-10-06,8,0,3,2
10030,44,2020-10-07,11,1,0,5
10031,44,2020-10-08,9,1,1,3
10032,44,2020-10-09,11,1,1,8
10033,44,2020-10-10,6,1,1,3
10034,44,2020-10-11,4,0,1,2
10035,44,2020-10-12,9,4,2,1
10036,44,2020-10-13,13,3,1,10
10037,44,2020-10-14,11,1,3,8
10038,44,2020-10-15,12,2,1,3
10039,44,2020-10-16,9,6,0,8
10040,44,2020-10-17,14,1,0,5
10041,44,2020-10-18,19,6,0,3
10042,44,2020-10-19,11,4,0,4
10043,44,2020-10-20,11,2,1,8
10044,44,2020-10-21,15,3,2,6
10045,44,2020-10-22,10,1,2,6
10046,44,2020-10-23,18,0,2,10
10047,44,2020-10-24,15,1,1,9
10048,44,2020-10-25,26,0,1,6
10049,44,2020-10-26,35,8,0,4
10050,44,2020-10-27,24,7,1,5
10051,44,2020-10-28,31,3,3,21
10052,44,2020-10-29,29,6,0,12
10053,44,2020-10-30,24,3,1,16
10054,44,2020-10-31,31,5,1,13
10055,44,2020-11-01,17,2,3,1
10056,44,2020-11-02,16,4,6,1
10057,44,2020-11-03,31,5,11,17
10058,44,2020-11-04,31,1,4,15
10059,44,2020-11-05,34,4,3,17
10060,44,2020-11-06,29,5,1,30
10061,44,2020-11-07,40,3,4,15
10062,45,2020-03-19,12,3,0,2
10063,45,2020-03-20,11,1,0,0
10064,45,2020-03-21,6,2,1,1
10065,45,2020-03-22,10,6,0,4
10066,45,2020-03-23,11,4,1,4
10067,45,2020-03-24,0,0,0,0
10068,45,2020-03-25,20,5,0,5
10069,45,2020-03-26,17,7,2,5
10070,45,2020-03-27,8,1,1,2
10071,45,2020-03-28,26,5,2,3
10072,45,2020-03-29,33,8,2,3
10073,45,2020-03-30,34,4,3,6
10074,45,2020-03-31,18,7,2,3
10075,45,2020-04-01,33,12,1,8
10076,45,2020-04-02,32,8,2,12
10077,45,2020-04-03,38,14,4,11
10078,45,2020-04-04,31,3,1,21
10079,45,2020-04-05,18,1,2,12
10080,45,2020-04-06,26,7,2,10
10081,45,2020-04-07,24,5,2,18
10082,45,2020-04-08,32,10,1,16
10083,45,2020-04-09,28,5,4,18
10084,45,2020-04-10,29,5,2,22
10085,45,2020-04-11,33,1,5,17
10086,45,2020-04-12,18,1,1,8
10087,45,2020-04-13,20,7,1,12
10088,45,2020-04-14,16,5,3,8
10089,45,2020-04-15,22,5,4,24
10090,45,2020-04-16,23,1,1,28
10091,45,2020-04-17,12,6,0,14
10092,45,2020-04-18,13,4,4,16
10093,45,2020-04-19,12,4,2,5
10094,45,2020-04-20,5,0,2,4
10095,45,2020-04-21,10,0,1,15
10096,45,2020-04-22,16,4,3,8
10097,45,2020-04-23,12,3,0,12
10098,45,2020-04-24,6,3,2,4
10099,45,2020-04-25,5,2,1,8
10100,45,2020-04-26,1,1,2,1
10101,45,2020-04-27,10,3,1,3
10102,45,2020-04-28,11,4,2,17
10103,45,2020-04-29,3,1,3,12
10104,45,2020-04-30,13,4,0,8
10105,45,2020-05-01,14,1,1,5
10106,45,2020-05-02,2,0,0,1
10107,45,2020-05-03,4,2,1,1
10108,45,2020-05-04,5,0,1,5
10109,45,2020-05-05,15,2,0,18
10110,45,2020-05-06,3,0,3,16
10111,45,2020-05-07,3,1,1,10
10112,45,2020-05-08,4,0,2,14
10113,45,2020-05-09,1,0,0,1
10114,45,2020-05-10,0,0,0,0
10115,45,2020-05-11,4,2,1,3
10116,45,2020-05-12,3,2,1,9
10117,45,2020-05-13,1,1,1,6
10118,45,2020-05-14,2,2,2,8
10119,45,2020-05-15,4,0,1,8
10120,45,2020-05-16,0,0,2,7
10121,45,2020-05-17,0,0,0,2
10122,45,2020-05-18,0,0,0,3
10123,45,2020-05-19,2,1,1,6
10124,45,2020-05-20,2,1,1,4
10125,45,2020-05-21,0,0,1,6
10126,45,2020-05-22,0,0,0,2
10127,45,2020-05-23,1,1,1,2
10128,45,2020-05-24,0,0,0,0
10129,45,2020-05-25,4,0,0,0
10130,45,2020-05-26,0,0,1,10
10131,45,2020-05-27,0,0,0,1
10132,45,2020-05-28,1,0,0,7
10133,45,2020-05-29,1,0,3,3
10134,45,2020-05-30,0,0,0,0
10135,45,2020-05-31,0,0,0,1
10136,45,2020-06-01,0,0,0,0
10137,45,2020-06-02,0,0,0,2
10138,45,2020-06-03,2,2,2,2
10139,45,2020-06-04,1,0,0,1
10140,45,2020-06-05,1,0,0,8
10141,45,2020-06-06,1,0,0,3
10142,45,2020-06-07,1,0,0,2
10143,45,2020-06-08,1,0,0,0
10144,45,2020-06-09,0,0,0,6
10145,45,2020-06-10,0,0,0,6
10146,45,2020-06-11,0,0,0,0
10147,45,2020-06-12,0,0,2,2
10148,45,2020-06-13,1,0,0,0
10149,45,2020-06-14,0,0,0,0
10150,45,2020-06-15,0,0,0,0
10151,45,2020-06-16,0,0,0,3
10152,45,2020-06-17,1,0,0,1
10153,45,2020-06-18,0,0,1,1
10154,45,2020-06-19,0,0,0,1
10155,45,2020-06-20,1,0,0,0
10156,45,2020-06-21,0,0,0,0
10157,45,2020-06-22,0,1,0,9
10158,45,2020-06-23,1,0,0,3
10159,45,2020-06-24,0,0,0,2
10160,45,2020-06-25,0,0,1,0
10161,45,2020-06-26,1,0,0,2
10162,45,2020-06-27,1,0,0,1
10163,45,2020-06-28,0,0,0,0
10164,45,2020-06-29,0,0,0,0
10165,45,2020-06-30,0,0,0,0
10166,45,2020-07-01,1,0,1,3
10167,45,2020-07-02,1,0,0,2
10168,45,2020-07-03,2,0,0,0
10169,45,2020-07-04,0,0,0,0
10170,45,2020-07-05,1,0,0,1
10171,45,2020-07-06,0,0,0,0
10172,45,2020-07-07,0,0,0,0
10173,45,2020-07-08,0,0,0,4
10174,45,2020-07-09,0,0,0,0
10175,45,2020-07-10,1,1,0,1
10176,45,2020-07-11,0,0,0,0
10177,45,2020-07-12,0,0,0,0
10178,45,2020-07-13,0,0,0,0
10179,45,2020-07-14,0,0,0,0
10180,45,2020-07-15,0,0,0,0
10181,45,2020-07-16,2,0,0,10
10182,45,2020-07-17,0,0,0,0
10183,45,2020-07-18,0,0,0,0
10184,45,2020-07-19,0,0,0,0
10185,45,2020-07-20,0,0,0,0
10186,45,2020-07-21,0,0,0,1
10187,45,2020-07-22,2,1,0,0
10188,45,2020-07-23,1,0,0,4
10189,45,2020-07-24,0,0,0,1
10190,45,2020-07-25,0,0,0,0
10191,45,2020-07-26,0,0,0,0
10192,45,2020-07-27,0,0,0,4
10193,45,2020-07-28,0,0,0,1
10194,45,2020-07-29,1,0,0,1
10195,45,2020-07-30,1,0,0,7
10196,45,2020-07-31,0,0,0,0
10197,45,2020-08-01,2,2,0,0
10198,45,2020-08-02,1,0,0,1
10199,45,2020-08-03,0,0,0,0
10200,45,2020-08-04,0,0,0,1
10201,45,2020-08-05,2,0,0,0
10202,45,2020-08-06,0,0,0,1
10203,45,2020-08-07,0,0,0,10
10204,45,2020-08-08,0,0,0,0
10205,45,2020-08-09,0,0,0,0
10206,45,2020-08-10,1,0,0,0
10207,45,2020-08-11,5,1,0,1
10208,45,2020-08-12,0,0,0,0
10209,45,2020-08-13,2,3,0,1
10210,45,2020-08-14,2,0,0,1
10211,45,2020-08-15,0,0,0,1
10212,45,2020-08-16,0,0,0,0
10213,45,2020-08-17,3,0,0,3
10214,45,2020-08-18,1,1,0,0
10215,45,2020-08-19,0,0,0,4
10216,45,2020-08-20,0,0,0,2
10217,45,2020-08-21,7,3,1,1
10218,45,2020-08-22,0,0,0,1
10219,45,2020-08-23,0,0,0,0
10220,45,2020-08-24,0,0,0,2
10221,45,2020-08-25,7,3,0,1
10222,45,2020-08-26,0,0,0,4
10223,45,2020-08-27,0,1,0,1
10224,45,2020-08-28,3,0,0,4
10225,45,2020-08-29,0,0,0,0
10226,45,2020-08-30,0,0,0,0
10227,45,2020-08-31,0,0,0,2
10228,45,2020-09-01,7,1,0,2
10229,45,2020-09-02,3,2,0,1
10230,45,2020-09-03,0,0,0,4
10231,45,2020-09-04,1,0,1,0
10232,45,2020-09-05,0,0,0,1
10233,45,2020-09-06,0,0,0,0
10234,45,2020-09-07,4,3,1,0
10235,45,2020-09-08,0,0,0,2
10236,45,2020-09-09,1,0,0,2
10237,45,2020-09-10,4,0,0,1
10238,45,2020-09-11,2,1,0,2
10239,45,2020-09-12,3,1,0,0
10240,45,2020-09-13,0,0,0,0
10241,45,2020-09-14,4,2,0,6
10242,45,2020-09-15,1,0,0,3
10243,45,2020-09-16,1,0,0,1
10244,45,2020-09-17,1,0,0,0
10245,45,2020-09-18,6,1,0,5
10246,45,2020-09-19,0,0,0,0
10247,45,2020-09-20,0,0,0,0
10248,45,2020-09-21,12,3,0,1
10249,45,2020-09-22,3,0,0,1
10250,45,2020-09-23,5,2,1,3
10251,45,2020-09-24,4,1,0,0
10252,45,2020-09-25,1,1,0,1
10253,45,2020-09-26,5,0,1,8
10254,45,2020-09-27,0,0,0,0
10255,45,2020-09-28,1,0,0,0
10256,45,2020-09-29,0,0,0,5
10257,45,2020-09-30,9,0,0,4
10258,45,2020-10-01,5,1,2,3
10259,45,2020-10-02,6,1,0,2
10260,45,2020-10-03,2,1,1,1
10261,45,2020-10-04,0,0,1,1
10262,45,2020-10-05,8,2,1,1
10263,45,2020-10-06,4,4,0,5
10264,45,2020-10-07,2,1,0,4
10265,45,2020-10-08,3,0,1,3
10266,45,2020-10-09,11,3,0,2
10267,45,2020-10-10,1,0,0,1
10268,45,2020-10-11,2,1,0,0
10269,45,2020-10-12,5,1,0,3
10270,45,2020-10-13,0,0,0,1
10271,45,2020-10-14,8,1,0,5
10272,45,2020-10-15,5,5,0,5
10273,45,2020-10-16,21,6,0,6
10274,45,2020-10-17,8,0,0,5
10275,45,2020-10-18,1,2,0,0
10276,45,2020-10-19,10,3,0,2
10277,45,2020-10-20,9,6,0,8
10278,45,2020-10-21,24,2,0,8
10279,45,2020-10-22,10,2,1,1
10280,45,2020-10-23,12,6,2,1
10281,45,2020-10-24,11,2,1,8
10282,45,2020-10-25,3,0,0,0
10283,45,2020-10-26,15,5,1,3
10284,45,2020-10-27,17,4,2,9
10285,45,2020-10-28,33,4,0,4
10286,45,2020-10-29,29,3,1,21
10287,45,2020-10-30,11,4,1,4
10288,45,2020-10-31,13,0,1,1
10289,45,2020-11-01,5,1,2,7
10290,45,2020-11-02,21,9,1,11
10291,45,2020-11-03,19,13,3,12
10292,45,2020-11-04,21,8,1,10
10293,45,2020-11-05,27,14,8,10
10294,45,2020-11-06,18,5,3,9
10295,45,2020-11-07,18,5,0,11
10296,46,2020-03-19,1,0,0,1
10297,46,2020-03-20,0,0,0,0
10298,46,2020-03-21,4,0,0,3
10299,46,2020-03-22,0,0,0,0
10300,46,2020-03-23,0,0,0,0
10301,46,2020-03-24,0,0,0,0
10302,46,2020-03-25,1,1,0,0
10303,46,2020-03-26,1,0,0,1
10304,46,2020-03-27,0,0,0,0
10305,46,2020-03-28,1,1,0,0
10306,46,2020-03-29,4,1,0,2
10307,46,2020-03-30,0,0,0,0
10308,46,2020-03-31,0,0,0,0
10309,46,2020-04-01,12,1,0,6
10310,46,2020-04-02,5,3,0,1
10311,46,2020-04-03,9,0,0,3
10312,46,2020-04-04,0,0,0,2
10313,46,2020-04-05,0,0,0,3
10314,46,2020-04-06,9,1,0,8
10315,46,2020-04-07,7,0,0,7
10316,46,2020-04-08,5,1,1,6
10317,46,2020-04-09,7,0,0,4
10318,46,2020-04-10,5,0,1,6
10319,46,2020-04-11,6,2,0,4
10320,46,2020-04-12,0,0,0,0
10321,46,2020-04-13,0,0,0,0
10322,46,2020-04-14,7,0,2,0
10323,46,2020-04-15,3,0,2,3
10324,46,2020-04-16,2,0,0,1
10325,46,2020-04-17,9,0,1,8
10326,46,2020-04-18,26,0,0,26
10327,46,2020-04-19,4,0,1,2
10328,46,2020-04-20,17,1,3,13
10329,46,2020-04-21,10,2,2,5
10330,46,2020-04-22,3,0,1,3
10331,46,2020-04-23,1,0,0,3
10332,46,2020-04-24,10,0,1,10
10333,46,2020-04-25,0,0,0,0
10334,46,2020-04-26,0,0,0,0
10335,46,2020-04-27,1,0,1,2
10336,46,2020-04-28,3,0,1,5
10337,46,2020-04-29,0,0,0,3
10338,46,2020-04-30,1,0,0,4
10339,46,2020-05-01,3,0,0,0
10340,46,2020-05-02,8,0,9,0
10341,46,2020-05-03,0,0,0,0
10342,46,2020-05-04,0,0,0,0
10343,46,2020-05-05,0,0,0,3
10344,46,2020-05-06,2,0,1,1
10345,46,2020-05-07,1,0,0,0
10346,46,2020-05-08,1,0,0,0
10347,46,2020-05-09,0,0,0,0
10348,46,2020-05-10,0,0,0,0
10349,46,2020-05-11,1,0,0,1
10350,46,2020-05-12,0,0,0,0
10351,46,2020-05-13,2,0,0,3
10352,46,2020-05-14,0,0,0,0
10353,46,2020-05-15,0,0,0,2
10354,46,2020-05-16,0,0,0,0
10355,46,2020-05-17,0,0,0,0
10356,46,2020-05-18,2,1,0,0
10357,46,2020-05-19,0,0,0,0
10358,46,2020-05-20,0,0,0,0
10359,46,2020-05-21,0,0,1,2
10360,46,2020-05-22,0,0,1,0
10361,46,2020-05-23,0,0,0,1
10362,46,2020-05-24,2,0,0,0
10363,46,2020-05-25,0,0,0,0
10364,46,2020-05-26,0,0,0,0
10365,46,2020-05-27,0,0,0,0
10366,46,2020-05-28,2,0,0,1
10367,46,2020-05-29,0,0,0,0
10368,46,2020-05-30,0,0,0,0
10369,46,2020-05-31,1,0,0,1
10370,46,2020-06-01,1,0,0,0
10371,46,2020-06-02,0,0,0,1
10372,46,2020-06-03,0,0,0,0
10373,46,2020-06-04,2,1,0,1
10374,46,2020-06-05,0,0,0,2
10375,46,2020-06-06,0,0,0,0
10376,46,2020-06-07,0,0,0,0
10377,46,2020-06-08,0,0,0,0
10378,46,2020-06-09,0,0,0,0
10379,46,2020-06-10,0,0,0,0
10380,46,2020-06-11,0,0,0,0
10381,46,2020-06-12,0,0,0,0
10382,46,2020-06-13,0,0,0,0
10383,46,2020-06-14,0,0,0,0
10384,46,2020-06-15,0,0,0,0
10385,46,2020-06-16,0,0,0,0
10386,46,2020-06-17,0,0,0,0
10387,46,2020-06-18,0,0,0,0
10388,46,2020-06-19,0,0,0,0
10389,46,2020-06-20,0,0,0,0
10390,46,2020-06-21,0,0,0,0
10391,46,2020-06-22,0,0,0,0
10392,46,2020-06-23,0,0,0,0
10393,46,2020-06-24,0,0,0,0
10394,46,2020-06-25,0,0,0,0
10395,46,2020-06-26,0,0,0,0
10396,46,2020-06-27,0,0,0,0
10397,46,2020-06-28,0,0,0,0
10398,46,2020-06-29,0,0,0,0
10399,46,2020-06-30,0,0,0,0
10400,46,2020-07-01,0,0,0,0
10401,46,2020-07-02,0,0,0,1
10402,46,2020-07-03,0,0,0,0
10403,46,2020-07-04,0,0,0,0
10404,46,2020-07-05,0,0,0,0
10405,46,2020-07-06,0,0,0,0
10406,46,2020-07-07,0,0,0,0
10407,46,2020-07-08,0,0,0,0
10408,46,2020-07-09,0,0,0,0
10409,46,2020-07-10,0,0,0,0
10410,46,2020-07-11,0,0,0,0
10411,46,2020-07-12,0,0,0,0
10412,46,2020-07-13,0,0,0,0
10413,46,2020-07-14,0,0,0,0
10414,46,2020-07-15,0,0,0,0
10415,46,2020-07-16,0,0,0,0
10416,46,2020-07-17,0,0,0,0
10417,46,2020-07-18,0,0,0,0
10418,46,2020-07-19,0,0,0,0
10419,46,2020-07-20,0,0,0,0
10420,46,2020-07-21,0,0,0,0
10421,46,2020-07-22,0,0,0,0
10422,46,2020-07-23,0,0,0,0
10423,46,2020-07-24,0,0,0,0
10424,46,2020-07-25,0,0,0,0
10425,46,2020-07-26,0,0,0,0
10426,46,2020-07-27,0,0,0,0
10427,46,2020-07-28,0,0,0,0
10428,46,2020-07-29,0,0,0,0
10429,46,2020-07-30,0,0,0,0
10430,46,2020-07-31,0,0,0,0
10431,46,2020-08-01,0,0,0,0
10432,46,2020-08-02,0,0,0,0
10433,46,2020-08-03,0,0,0,0
10434,46,2020-08-04,0,0,0,0
10435,46,2020-08-05,0,0,0,0
10436,46,2020-08-06,0,0,0,0
10437,46,2020-08-07,0,0,0,0
10438,46,2020-08-08,0,0,0,0
10439,46,2020-08-09,0,0,0,0
10440,46,2020-08-10,0,0,0,0
10441,46,2020-08-11,0,0,0,0
10442,46,2020-08-12,0,0,0,0
10443,46,2020-08-13,0,0,0,0
10444,46,2020-08-14,0,0,0,0
10445,46,2020-08-15,0,0,0,0
10446,46,2020-08-16,0,0,0,0
10447,46,2020-08-17,0,0,0,0
10448,46,2020-08-18,1,0,0,0
10449,46,2020-08-19,0,0,0,0
10450,46,2020-08-20,0,0,0,0
10451,46,2020-08-21,0,0,0,0
10452,46,2020-08-22,0,0,0,0
10453,46,2020-08-23,0,0,0,0
10454,46,2020-08-24,0,0,0,0
10455,46,2020-08-25,0,0,0,0
10456,46,2020-08-26,0,0,0,0
10457,46,2020-08-27,0,0,0,0
10458,46,2020-08-28,0,0,0,0
10459,46,2020-08-29,0,0,0,0
10460,46,2020-08-30,0,0,0,0
10461,46,2020-08-31,0,0,0,0
10462,46,2020-09-01,0,0,0,0
10463,46,2020-09-02,0,0,0,0
10464,46,2020-09-03,0,0,0,0
10465,46,2020-09-04,0,0,0,0
10466,46,2020-09-05,0,0,0,0
10467,46,2020-09-06,0,0,0,0
10468,46,2020-09-07,0,0,0,1
10469,46,2020-09-08,0,0,0,0
10470,46,2020-09-09,1,0,0,1
10471,46,2020-09-10,0,0,0,0
10472,46,2020-09-11,0,0,0,0
10473,46,2020-09-12,0,0,0,0
10474,46,2020-09-13,0,0,0,0
10475,46,2020-09-14,1,0,0,0
10476,46,2020-09-15,0,0,0,0
10477,46,2020-09-16,0,0,0,0
10478,46,2020-09-17,0,0,0,0
10479,46,2020-09-18,0,0,0,0
10480,46,2020-09-19,0,0,0,0
10481,46,2020-09-20,0,0,0,0
10482,46,2020-09-21,0,0,0,0
10483,46,2020-09-22,0,0,0,0
10484,46,2020-09-23,0,0,0,0
10485,46,2020-09-24,0,0,0,0
10486,46,2020-09-25,0,0,0,0
10487,46,2020-09-26,0,0,0,0
10488,46,2020-09-27,0,0,0,0
10489,46,2020-09-28,0,0,0,0
10490,46,2020-09-29,0,0,0,0
10491,46,2020-09-30,1,0,0,0
10492,46,2020-10-01,2,0,0,0
10493,46,2020-10-02,2,1,0,0
10494,46,2020-10-03,0,0,0,0
10495,46,2020-10-04,0,0,0,0
10496,46,2020-10-05,0,0,0,1
10497,46,2020-10-06,0,0,0,0
10498,46,2020-10-07,0,0,0,0
10499,46,2020-10-08,0,0,0,0
10500,46,2020-10-09,0,0,0,0
10501,46,2020-10-10,0,0,0,1
10502,46,2020-10-11,0,0,0,0
10503,46,2020-10-12,1,0,0,0
10504,46,2020-10-13,0,0,0,1
10505,46,2020-10-14,0,0,0,0
10506,46,2020-10-15,1,1,0,0
10507,46,2020-10-16,1,0,0,0
10508,46,2020-10-17,0,0,0,0
10509,46,2020-10-18,0,0,0,0
10510,46,2020-10-19,1,0,0,0
10511,46,2020-10-20,1,0,0,1
10512,46,2020-10-21,0,0,0,0
10513,46,2020-10-22,3,1,0,0
10514,46,2020-10-23,0,0,0,2
10515,46,2020-10-24,1,0,0,0
10516,46,2020-10-25,2,0,0,0
10517,46,2020-10-26,1,0,0,0
10518,46,2020-10-27,2,1,0,1
10519,46,2020-10-28,0,0,0,0
10520,46,2020-10-29,4,0,0,2
10521,46,2020-10-30,3,0,0,0
10522,46,2020-10-31,6,1,1,2
10523,46,2020-11-01,6,0,1,2
10524,46,2020-11-02,2,2,0,1
10525,46,2020-11-03,1,1,0,2
10526,46,2020-11-04,2,0,0,1
10527,46,2020-11-05,2,1,1,1
10528,46,2020-11-06,1,0,1,2
10529,46,2020-11-07,2,0,0,1
10530,47,2020-03-19,0,0,0,0
10531,47,2020-03-20,0,0,0,0
10532,47,2020-03-21,3,0,0,0
10533,47,2020-03-22,2,1,0,0
10534,47,2020-03-23,5,2,1,0
10535,47,2020-03-24,3,0,1,1
10536,47,2020-03-25,3,0,0,1
10537,47,2020-03-26,2,2,2,1
10538,47,2020-03-27,2,2,0,1
10539,47,2020-03-28,8,3,0,0
10540,47,2020-03-29,2,0,0,0
10541,47,2020-03-30,3,1,0,2
10542,47,2020-03-31,0,0,0,2
10543,47,2020-04-01,4,0,0,0
10544,47,2020-04-02,1,1,0,0
10545,47,2020-04-03,2,0,0,3
10546,47,2020-04-04,1,0,0,1
10547,47,2020-04-05,2,0,0,0
10548,47,2020-04-06,0,0,0,0
10549,47,2020-04-07,2,0,0,3
10550,47,2020-04-08,0,0,0,1
10551,47,2020-04-09,1,0,1,0
10552,47,2020-04-10,0,0,0,1
10553,47,2020-04-11,0,0,0,0
10554,47,2020-04-12,3,0,0,1
10555,47,2020-04-13,0,0,0,0
10556,47,2020-04-14,3,0,0,1
10557,47,2020-04-15,3,0,0,6
10558,47,2020-04-16,3,0,0,3
10559,47,2020-04-17,5,0,1,3
10560,47,2020-04-18,3,0,0,1
10561,47,2020-04-19,3,0,0,1
10562,47,2020-04-20,0,0,0,0
10563,47,2020-04-21,2,0,0,0
10564,47,2020-04-22,1,0,0,0
10565,47,2020-04-23,0,0,0,0
10566,47,2020-04-24,0,0,0,3
10567,47,2020-04-25,0,0,0,2
10568,47,2020-04-26,1,1,0,0
10569,47,2020-04-27,1,0,0,0
10570,47,2020-04-28,0,0,0,1
10571,47,2020-04-29,3,0,0,3
10572,47,2020-04-30,1,0,2,1
10573,47,2020-05-01,0,0,0,0
10574,47,2020-05-02,0,0,0,0
10575,47,2020-05-03,0,0,0,0
10576,47,2020-05-04,0,0,1,0
10577,47,2020-05-05,0,0,0,1
10578,47,2020-05-06,3,0,0,2
10579,47,2020-05-07,3,0,0,6
10580,47,2020-05-08,0,0,0,5
10581,47,2020-05-09,0,0,0,0
10582,47,2020-05-10,1,0,0,0
10583,47,2020-05-11,2,0,0,0
10584,47,2020-05-12,0,0,0,0
10585,47,2020-05-13,0,0,0,0
10586,47,2020-05-14,0,0,0,1
10587,47,2020-05-15,1,0,0,0
10588,47,2020-05-16,1,0,1,1
10589,47,2020-05-17,0,0,0,0
10590,47,2020-05-18,0,0,0,0
10591,47,2020-05-19,0,0,0,1
10592,47,2020-05-20,0,0,0,2
10593,47,2020-05-21,0,0,0,0
10594,47,2020-05-22,0,0,0,1
10595,47,2020-05-23,0,0,0,1
10596,47,2020-05-24,1,0,0,0
10597,47,2020-05-25,2,0,0,0
10598,47,2020-05-26,0,0,0,1
10599,47,2020-05-27,0,0,0,0
10600,47,2020-05-28,1,0,0,0
10601,47,2020-05-29,0,0,0,1
10602,47,2020-05-30,0,0,0,2
10603,47,2020-05-31,0,0,0,0
10604,47,2020-06-01,0,0,0,0
10605,47,2020-06-02,0,0,0,0
10606,47,2020-06-03,0,0,0,1
10607,47,2020-06-04,0,0,0,7
10608,47,2020-06-05,0,0,0,0
10609,47,2020-06-06,0,0,0,0
10610,47,2020-06-07,0,0,0,0
10611,47,2020-06-08,0,0,0,1
10612,47,2020-06-09,0,0,0,3
10613,47,2020-06-10,1,1,1,0
10614,47,2020-06-11,0,0,0,0
10615,47,2020-06-12,0,0,0,0
10616,47,2020-06-13,0,0,0,0
10617,47,2020-06-14,1,0,0,1
10618,47,2020-06-15,0,0,0,0
10619,47,2020-06-16,1,0,0,0
10620,47,2020-06-17,1,0,0,0
10621,47,2020-06-18,0,0,0,0
10622,47,2020-06-19,0,0,0,0
10623,47,2020-06-20,0,0,0,0
10624,47,2020-06-21,0,0,0,0
10625,47,2020-06-22,0,0,0,0
10626,47,2020-06-23,0,0,0,1
10627,47,2020-06-24,0,0,0,2
10628,47,2020-06-25,0,0,0,0
10629,47,2020-06-26,0,0,0,0
10630,47,2020-06-27,0,0,0,1
10631,47,2020-06-28,0,0,0,0
10632,47,2020-06-29,0,0,0,0
10633,47,2020-06-30,0,0,0,1
10634,47,2020-07-01,0,0,0,0
10635,47,2020-07-02,0,0,0,0
10636,47,2020-07-03,0,0,0,0
10637,47,2020-07-04,0,0,1,0
10638,47,2020-07-05,0,0,0,0
10639,47,2020-07-06,0,0,0,0
10640,47,2020-07-07,0,0,0,0
10641,47,2020-07-08,0,0,0,0
10642,47,2020-07-09,0,0,0,0
10643,47,2020-07-10,0,0,0,0
10644,47,2020-07-11,0,0,0,0
10645,47,2020-07-12,0,0,0,0
10646,47,2020-07-13,0,0,0,0
10647,47,2020-07-14,0,0,0,0
10648,47,2020-07-15,0,0,0,0
10649,47,2020-07-16,0,0,0,0
10650,47,2020-07-17,0,0,0,0
10651,47,2020-07-18,0,0,0,0
10652,47,2020-07-19,0,0,0,0
10653,47,2020-07-20,0,0,0,0
10654,47,2020-07-21,0,0,0,0
10655,47,2020-07-22,0,0,0,1
10656,47,2020-07-23,0,0,0,0
10657,47,2020-07-24,0,0,0,0
10658,47,2020-07-25,0,0,0,0
10659,47,2020-07-26,0,0,0,0
10660,47,2020-07-27,0,0,0,0
10661,47,2020-07-28,0,0,0,0
10662,47,2020-07-29,1,1,0,0
10663,47,2020-07-30,0,0,0,0
10664,47,2020-07-31,0,0,0,0
10665,47,2020-08-01,1,1,0,0
10666,47,2020-08-02,0,0,0,0
10667,47,2020-08-03,0,0,0,0
10668,47,2020-08-04,0,0,0,0
10669,47,2020-08-05,0,0,0,0
10670,47,2020-08-06,0,0,0,0
10671,47,2020-08-07,0,0,0,0
10672,47,2020-08-08,1,0,0,0
10673,47,2020-08-09,1,0,0,0
10674,47,2020-08-10,0,0,0,0
10675,47,2020-08-11,1,0,0,0
10676,47,2020-08-12,0,0,0,0
10677,47,2020-08-13,0,0,0,1
10678,47,2020-08-14,0,0,0,0
10679,47,2020-08-15,0,0,0,1
10680,47,2020-08-16,0,0,0,0
10681,47,2020-08-17,0,0,0,0
10682,47,2020-08-18,1,0,0,1
10683,47,2020-08-19,0,0,0,0
10684,47,2020-08-20,0,0,0,0
10685,47,2020-08-21,1,0,0,0
10686,47,2020-08-22,4,1,0,0
10687,47,2020-08-23,3,0,0,1
10688,47,2020-08-24,3,1,0,0
10689,47,2020-08-25,1,0,0,2
10690,47,2020-08-26,0,0,0,1
10691,47,2020-08-27,1,1,0,1
10692,47,2020-08-28,0,0,1,0
10693,47,2020-08-29,0,0,0,1
10694,47,2020-08-30,1,0,0,0
10695,47,2020-08-31,0,0,0,1
10696,47,2020-09-01,0,0,0,0
10697,47,2020-09-02,0,0,0,0
10698,47,2020-09-03,2,0,1,1
10699,47,2020-09-04,1,1,0,0
10700,47,2020-09-05,4,0,0,1
10701,47,2020-09-06,1,0,0,0
10702,47,2020-09-07,0,0,0,0
10703,47,2020-09-08,2,0,0,2
10704,47,2020-09-09,2,2,0,0
10705,47,2020-09-10,1,0,0,0
10706,47,2020-09-11,0,0,0,1
10707,47,2020-09-12,0,0,0,0
10708,47,2020-09-13,2,1,0,0
10709,47,2020-09-14,0,1,0,0
10710,47,2020-09-15,2,0,0,3
10711,47,2020-09-16,2,0,0,1
10712,47,2020-09-17,1,0,0,2
10713,47,2020-09-18,1,0,0,0
10714,47,2020-09-19,0,0,0,1
10715,47,2020-09-20,0,0,0,0
10716,47,2020-09-21,0,0,0,0
10717,47,2020-09-22,0,0,0,1
10718,47,2020-09-23,0,0,0,1
10719,47,2020-09-24,3,2,0,1
10720,47,2020-09-25,0,0,0,1
10721,47,2020-09-26,1,0,0,1
10722,47,2020-09-27,1,1,0,1
10723,47,2020-09-28,1,0,1,0
10724,47,2020-09-29,0,1,0,2
10725,47,2020-09-30,0,0,0,0
10726,47,2020-10-01,3,0,0,0
10727,47,2020-10-02,3,1,0,3
10728,47,2020-10-03,2,1,0,0
10729,47,2020-10-04,3,0,0,0
10730,47,2020-10-05,4,2,0,0
10731,47,2020-10-06,3,0,0,0
10732,47,2020-10-07,3,1,0,7
10733,47,2020-10-08,2,1,0,0
10734,47,2020-10-09,1,0,0,2
10735,47,2020-10-10,2,0,0,1
10736,47,2020-10-11,5,3,0,3
10737,47,2020-10-12,4,0,2,2
10738,47,2020-10-13,4,0,0,4
10739,47,2020-10-14,1,0,1,1
10740,47,2020-10-15,2,1,0,1
10741,47,2020-10-16,2,1,1,2
10742,47,2020-10-17,0,0,0,0
10743,47,2020-10-18,1,0,1,0
10744,47,2020-10-19,4,1,0,1
10745,47,2020-10-20,2,1,0,3
10746,47,2020-10-21,5,1,1,1
10747,47,2020-10-22,6,0,0,1
10748,47,2020-10-23,0,0,0,0
10749,47,2020-10-24,2,0,0,1
10750,47,2020-10-25,3,1,0,0
10751,47,2020-10-26,4,1,0,1
10752,47,2020-10-27,7,1,1,2
10753,47,2020-10-28,4,0,1,1
10754,47,2020-10-29,7,0,1,8
10755,47,2020-10-30,5,1,0,3
10756,47,2020-10-31,5,0,1,1
10757,47,2020-11-01,7,0,0,1
10758,47,2020-11-02,2,0,0,1
10759,47,2020-11-03,10,2,1,4
10760,47,2020-11-04,5,3,0,3
10761,47,2020-11-05,3,0,1,5
10762,47,2020-11-06,9,6,0,2
10763,47,2020-11-07,5,1,1,7
10764,48,2020-03-19,0,0,0,0
10765,48,2020-03-20,0,0,0,0
10766,48,2020-03-21,0,0,0,0
10767,48,2020-03-22,2,0,0,1
10768,48,2020-03-23,2,0,0,0
10769,48,2020-03-24,4,2,0,1
10770,48,2020-03-25,1,0,0,0
10771,48,2020-03-26,0,0,0,1
10772,48,2020-03-27,0,0,0,0
10773,48,2020-03-28,2,0,0,1
10774,48,2020-03-29,1,0,0,0
10775,48,2020-03-30,1,0,0,2
10776,48,2020-03-31,0,0,0,1
10777,48,2020-04-01,2,0,0,0
10778,48,2020-04-02,1,0,0,1
10779,48,2020-04-03,0,0,0,0
10780,48,2020-04-04,0,0,0,1
10781,48,2020-04-05,0,0,0,0
10782,48,2020-04-06,0,0,0,0
10783,48,2020-04-07,0,0,0,2
10784,48,2020-04-08,0,0,0,0
10785,48,2020-04-09,0,0,0,0
10786,48,2020-04-10,0,0,0,1
10787,48,2020-04-11,0,0,0,0
10788,48,2020-04-12,0,0,0,0
10789,48,2020-04-13,0,0,0,0
10790,48,2020-04-14,0,0,0,0
10791,48,2020-04-15,0,0,0,0
10792,48,2020-04-16,0,0,0,1
10793,48,2020-04-17,0,0,0,0
10794,48,2020-04-18,0,0,0,0
10795,48,2020-04-19,0,0,0,0
10796,48,2020-04-20,0,0,0,0
10797,48,2020-04-21,0,0,0,0
10798,48,2020-04-22,0,0,0,1
10799,48,2020-04-23,0,0,0,0
10800,48,2020-04-24,0,0,0,2
10801,48,2020-04-25,0,0,0,0
10802,48,2020-04-26,0,0,0,0
10803,48,2020-04-27,0,0,0,0
10804,48,2020-04-28,0,0,0,1
10805,48,2020-04-29,0,0,1,0
10806,48,2020-04-30,0,0,0,0
10807,48,2020-05-01,3,0,0,3
10808,48,2020-05-02,0,0,0,0
10809,48,2020-05-03,1,0,0,0
10810,48,2020-05-04,0,0,0,0
10811,48,2020-05-05,0,0,0,0
10812,48,2020-05-06,0,0,0,0
10813,48,2020-05-07,0,0,0,0
10814,48,2020-05-08,0,0,0,2
10815,48,2020-05-09,0,0,0,0
10816,48,2020-05-10,0,0,0,0
10817,48,2020-05-11,0,0,0,0
10818,48,2020-05-12,0,0,0,0
10819,48,2020-05-13,2,0,0,1
10820,48,2020-05-14,0,0,0,0
10821,48,2020-05-15,0,0,0,1
10822,48,2020-05-16,0,0,0,0
10823,48,2020-05-17,0,0,0,0
10824,48,2020-05-18,0,0,0,0
10825,48,2020-05-19,0,0,0,0
10826,48,2020-05-20,1,0,0,1
10827,48,2020-05-21,0,0,0,0
10828,48,2020-05-22,0,0,0,0
10829,48,2020-05-23,0,0,0,0
10830,48,2020-05-24,0,0,0,0
10831,48,2020-05-25,1,0,0,0
10832,48,2020-05-26,0,0,0,0
10833,48,2020-05-27,0,0,0,0
10834,48,2020-05-28,0,0,0,1
10835,48,2020-05-29,0,0,0,0
10836,48,2020-05-30,0,0,0,0
10837,48,2020-05-31,0,0,0,0
10838,48,2020-06-01,0,0,0,0
10839,48,2020-06-02,0,0,0,0
10840,48,2020-06-03,0,0,0,0
10841,48,2020-06-04,0,0,0,0
10842,48,2020-06-05,0,0,0,0
10843,48,2020-06-06,0,0,0,1
10844,48,2020-06-07,0,0,0,0
10845,48,2020-06-08,0,0,0,0
10846,48,2020-06-09,0,0,0,0
10847,48,2020-06-10,0,0,0,0
10848,48,2020-06-11,0,0,0,0
10849,48,2020-06-12,0,0,0,0
10850,48,2020-06-13,0,0,0,0
10851,48,2020-06-14,0,0,0,0
10852,48,2020-06-15,0,0,0,0
10853,48,2020-06-16,0,0,0,0
10854,48,2020-06-17,0,0,0,0
10855,48,2020-06-18,0,0,0,0
10856,48,2020-06-19,0,0,0,0
10857,48,2020-06-20,0,0,0,0
10858,48,2020-06-21,0,0,0,0
10859,48,2020-06-22,0,0,0,0
10860,48,2020-06-23,0,0,0,0
10861,48,2020-06-24,0,0,0,0
10862,48,2020-06-25,0,0,0,0
10863,48,2020-06-26,0,0,0,0
10864,48,2020-06-27,0,0,0,0
10865,48,2020-06-28,0,0,0,0
10866,48,2020-06-29,0,0,0,0
10867,48,2020-06-30,0,0,0,0
10868,48,2020-07-01,0,0,0,0
10869,48,2020-07-02,0,0,0,0
10870,48,2020-07-03,0,0,0,0
10871,48,2020-07-04,0,0,0,0
10872,48,2020-07-05,0,0,0,0
10873,48,2020-07-06,0,0,0,0
10874,48,2020-07-07,0,0,0,0
10875,48,2020-07-08,0,0,0,0
10876,48,2020-07-09,0,0,0,0
10877,48,2020-07-10,0,0,0,0
10878,48,2020-07-11,0,0,0,0
10879,48,2020-07-12,0,0,0,0
10880,48,2020-07-13,0,0,0,0
10881,48,2020-07-14,0,0,0,0
10882,48,2020-07-15,0,0,0,0
10883,48,2020-07-16,0,0,0,0
10884,48,2020-07-17,0,0,0,0
10885,48,2020-07-18,0,0,0,0
10886,48,2020-07-19,0,0,0,0
10887,48,2020-07-20,0,0,0,0
10888,48,2020-07-21,0,0,0,0
10889,48,2020-07-22,0,0,0,0
10890,48,2020-07-23,0,0,0,0
10891,48,2020-07-24,0,0,0,0
10892,48,2020-07-25,0,0,0,0
10893,48,2020-07-26,0,0,0,0
10894,48,2020-07-27,0,0,0,0
10895,48,2020-07-28,0,0,0,0
10896,48,2020-07-29,0,0,0,0
10897,48,2020-07-30,0,0,0,0
10898,48,2020-07-31,0,0,0,0
10899,48,2020-08-01,0,0,0,0
10900,48,2020-08-02,0,0,0,0
10901,48,2020-08-03,0,0,0,0
10902,48,2020-08-04,0,0,0,0
10903,48,2020-08-05,0,0,0,0
10904,48,2020-08-06,0,0,0,0
10905,48,2020-08-07,0,0,0,0
10906,48,2020-08-08,0,0,0,0
10907,48,2020-08-09,0,0,0,0
10908,48,2020-08-10,0,0,0,0
10909,48,2020-08-11,0,0,0,0
10910,48,2020-08-12,0,0,0,0
10911,48,2020-08-13,0,0,0,0
10912,48,2020-08-14,0,0,0,0
10913,48,2020-08-15,0,0,0,0
10914,48,2020-08-16,0,0,0,0
10915,48,2020-08-17,0,0,0,0
10916,48,2020-08-18,1,0,0,0
10917,48,2020-08-19,0,0,0,0
10918,48,2020-08-20,0,0,0,0
10919,48,2020-08-21,0,0,0,0
10920,48,2020-08-22,0,0,0,0
10921,48,2020-08-23,0,0,0,0
10922,48,2020-08-24,0,0,0,0
10923,48,2020-08-25,0,0,0,0
10924,48,2020-08-26,0,0,0,0
10925,48,2020-08-27,0,0,0,0
10926,48,2020-08-28,0,0,0,0
10927,48,2020-08-29,0,0,0,0
10928,48,2020-08-30,0,0,0,0
10929,48,2020-08-31,0,0,0,0
10930,48,2020-09-01,0,0,0,0
10931,48,2020-09-02,1,0,0,0
10932,48,2020-09-03,0,0,0,1
10933,48,2020-09-04,0,0,0,1
10934,48,2020-09-05,0,0,0,0
10935,48,2020-09-06,0,0,0,0
10936,48,2020-09-07,0,0,0,0
10937,48,2020-09-08,2,0,0,0
10938,48,2020-09-09,1,0,0,0
10939,48,2020-09-10,1,0,0,1
10940,48,2020-09-11,0,0,0,0
10941,48,2020-09-12,0,0,0,0
10942,48,2020-09-13,0,0,0,0
10943,48,2020-09-14,0,0,0,0
10944,48,2020-09-15,3,0,0,0
10945,48,2020-09-16,0,0,0,2
10946,48,2020-09-17,0,0,0,0
10947,48,2020-09-18,0,0,0,1
10948,48,2020-09-19,0,0,0,0
10949,48,2020-09-20,0,0,0,0
10950,48,2020-09-21,1,0,0,0
10951,48,2020-09-22,0,0,0,0
10952,48,2020-09-23,1,0,0,1
10953,48,2020-09-24,0,0,0,0
10954,48,2020-09-25,0,0,0,0
10955,48,2020-09-26,0,0,0,0
10956,48,2020-09-27,0,0,0,0
10957,48,2020-09-28,0,0,0,0
10958,48,2020-09-29,1,0,0,0
10959,48,2020-09-30,0,0,0,0
10960,48,2020-10-01,0,0,0,0
10961,48,2020-10-02,1,0,0,1
10962,48,2020-10-03,0,0,0,1
10963,48,2020-10-04,0,0,0,0
10964,48,2020-10-05,1,0,0,0
10965,48,2020-10-06,1,0,0,0
10966,48,2020-10-07,0,0,0,0
10967,48,2020-10-08,0,0,0,0
10968,48,2020-10-09,1,0,0,0
10969,48,2020-10-10,5,0,1,2
10970,48,2020-10-11,5,0,2,0
10971,48,2020-10-12,1,0,1,0
10972,48,2020-10-13,2,0,1,1
10973,48,2020-10-14,1,0,0,0
10974,48,2020-10-15,2,0,0,0
10975,48,2020-10-16,0,0,0,0
10976,48,2020-10-17,4,0,0,0
10977,48,2020-10-18,2,0,0,0
10978,48,2020-10-19,1,0,1,0
10979,48,2020-10-20,2,0,1,1
10980,48,2020-10-21,2,0,0,0
10981,48,2020-10-22,3,0,0,0
10982,48,2020-10-23,3,0,0,1
10983,48,2020-10-24,3,1,1,0
10984,48,2020-10-25,1,0,0,0
10985,48,2020-10-26,0,0,1,0
10986,48,2020-10-27,8,0,3,6
10987,48,2020-10-28,7,2,1,2
10988,48,2020-10-29,7,0,0,4
10989,48,2020-10-30,1,0,1,2
10990,48,2020-10-31,15,2,0,2
10991,48,2020-11-01,6,0,0,0
10992,48,2020-11-02,3,0,0,0
10993,48,2020-11-03,5,0,3,1
10994,48,2020-11-04,7,1,3,3
10995,48,2020-11-05,3,1,0,6
10996,48,2020-11-06,5,0,1,7
10997,48,2020-11-07,4,1,0,2
10998,49,2020-03-19,13,3,0,5
10999,49,2020-03-20,9,0,0,7
11000,49,2020-03-21,8,4,2,2
11001,49,2020-03-22,7,1,0,7
11002,49,2020-03-23,28,5,2,1
11003,49,2020-03-24,18,7,1,5
11004,49,2020-03-25,18,1,1,7
11005,49,2020-03-26,25,5,2,10
11006,49,2020-03-27,24,5,3,9
11007,49,2020-03-28,19,5,0,8
11008,49,2020-03-29,22,0,0,11
11009,49,2020-03-30,23,9,4,2
11010,49,2020-03-31,42,10,4,19
11011,49,2020-04-01,25,9,0,15
11012,49,2020-04-02,19,5,5,19
11013,49,2020-04-03,16,3,4,17
11014,49,2020-04-04,8,1,2,3
11015,49,2020-04-05,10,1,4,6
11016,49,2020-04-06,12,3,6,7
11017,49,2020-04-07,35,3,5,21
11018,49,2020-04-08,24,5,3,13
11019,49,2020-04-09,21,4,0,13
11020,49,2020-04-10,20,2,2,20
11021,49,2020-04-11,24,1,4,13
11022,49,2020-04-12,20,2,0,4
11023,49,2020-04-13,12,0,1,9
11024,49,2020-04-14,16,2,2,4
11025,49,2020-04-15,11,4,4,23
11026,49,2020-04-16,27,0,6,13
11027,49,2020-04-17,8,0,3,14
11028,49,2020-04-18,7,0,4,5
11029,49,2020-04-19,3,1,2,4
11030,49,2020-04-20,8,3,1,4
11031,49,2020-04-21,4,0,2,12
11032,49,2020-04-22,13,0,4,10
11033,49,2020-04-23,16,0,3,11
11034,49,2020-04-24,3,0,4,3
11035,49,2020-04-25,3,1,2,8
11036,49,2020-04-26,0,0,3,3
11037,49,2020-04-27,13,1,2,3
11038,49,2020-04-28,9,0,2,13
11039,49,2020-04-29,7,0,0,12
11040,49,2020-04-30,6,0,1,7
11041,49,2020-05-01,2,0,1,9
11042,49,2020-05-02,1,1,1,1
11043,49,2020-05-03,3,1,0,1
11044,49,2020-05-04,7,0,1,5
11045,49,2020-05-05,11,3,2,7
11046,49,2020-05-06,8,0,3,8
11047,49,2020-05-07,0,0,1,9
11048,49,2020-05-08,2,0,2,3
11049,49,2020-05-09,1,0,2,1
11050,49,2020-05-10,3,0,0,1
11051,49,2020-05-11,5,1,0,1
11052,49,2020-05-12,5,0,0,0
11053,49,2020-05-13,3,1,0,4
11054,49,2020-05-14,5,0,2,5
11055,49,2020-05-15,14,3,4,14
11056,49,2020-05-16,2,1,1,2
11057,49,2020-05-17,3,0,0,1
11058,49,2020-05-18,5,0,4,5
11059,49,2020-05-19,1,1,1,11
11060,49,2020-05-20,4,1,1,10
11061,49,2020-05-21,3,0,2,9
11062,49,2020-05-22,6,0,2,4
11063,49,2020-05-23,4,0,0,3
11064,49,2020-05-24,2,0,1,1
11065,49,2020-05-25,2,0,2,2
11066,49,2020-05-26,1,0,1,2
11067,49,2020-05-27,2,0,1,5
11068,49,2020-05-28,3,0,0,11
11069,49,2020-05-29,2,0,0,1
11070,49,2020-05-30,1,0,0,5
11071,49,2020-05-31,3,0,0,0
11072,49,2020-06-01,1,1,0,1
11073,49,2020-06-02,1,1,0,4
11074,49,2020-06-03,0,0,0,4
11075,49,2020-06-04,2,0,1,4
11076,49,2020-06-05,1,0,1,4
11077,49,2020-06-06,2,1,0,4
11078,49,2020-06-07,1,0,0,0
11079,49,2020-06-08,2,1,0,0
11080,49,2020-06-09,2,0,0,10
11081,49,2020-06-10,2,0,1,4
11082,49,2020-06-11,6,0,0,2
11083,49,2020-06-12,4,1,1,7
11084,49,2020-06-13,2,2,0,0
11085,49,2020-06-14,1,0,1,0
11086,49,2020-06-15,1,0,0,1
11087,49,2020-06-16,1,0,0,1
11088,49,2020-06-17,2,0,0,8
11089,49,2020-06-18,1,0,1,3
11090,49,2020-06-19,0,0,0,3
11091,49,2020-06-20,0,0,0,2
11092,49,2020-06-21,0,0,1,0
11093,49,2020-06-22,1,0,0,1
11094,49,2020-06-23,0,0,0,0
11095,49,2020-06-24,0,0,1,3
11096,49,2020-06-25,0,0,0,4
11097,49,2020-06-26,0,0,0,2
11098,49,2020-06-27,0,0,0,1
11099,49,2020-06-28,0,0,0,1
11100,49,2020-06-29,4,0,0,0
11101,49,2020-06-30,1,0,0,2
11102,49,2020-07-01,0,0,0,6
11103,49,2020-07-02,1,0,0,0
11104,49,2020-07-03,1,0,0,4
11105,49,2020-07-04,0,0,0,3
11106,49,2020-07-05,0,0,0,0
11107,49,2020-07-06,1,0,0,0
11108,49,2020-07-07,2,0,0,1
11109,49,2020-07-08,0,0,0,3
11110,49,2020-07-09,1,0,0,1
11111,49,2020-07-10,0,0,0,1
11112,49,2020-07-11,0,0,0,0
11113,49,2020-07-12,0,0,0,0
11114,49,2020-07-13,1,0,0,0
11115,49,2020-07-14,0,0,0,0
11116,49,2020-07-15,1,1,0,1
11117,49,2020-07-16,0,0,0,1
11118,49,2020-07-17,2,0,0,2
11119,49,2020-07-18,1,0,0,2
11120,49,2020-07-19,0,0,0,0
11121,49,2020-07-20,2,1,0,5
11122,49,2020-07-21,1,1,0,0
11123,49,2020-07-22,1,0,0,7
11124,49,2020-07-23,1,1,0,3
11125,49,2020-07-24,1,0,0,1
11126,49,2020-07-25,0,0,0,1
11127,49,2020-07-26,0,0,0,0
11128,49,2020-07-27,1,0,0,0
11129,49,2020-07-28,2,0,0,1
11130,49,2020-07-29,2,0,0,2
11131,49,2020-07-30,1,0,0,0
11132,49,2020-07-31,2,0,0,1
11133,49,2020-08-01,0,0,0,0
11134,49,2020-08-02,0,0,0,0
11135,49,2020-08-03,4,3,0,1
11136,49,2020-08-04,1,0,0,2
11137,49,2020-08-05,0,0,0,2
11138,49,2020-08-06,2,1,0,8
11139,49,2020-08-07,1,0,0,7
11140,49,2020-08-08,0,0,0,0
11141,49,2020-08-09,0,0,0,0
11142,49,2020-08-10,3,2,1,1
11143,49,2020-08-11,1,0,0,3
11144,49,2020-08-12,1,0,0,0
11145,49,2020-08-13,2,1,0,1
11146,49,2020-08-14,3,0,0,3
11147,49,2020-08-15,0,0,0,0
11148,49,2020-08-16,0,0,0,0
11149,49,2020-08-17,3,0,0,1
11150,49,2020-08-18,1,0,0,3
11151,49,2020-08-19,1,0,0,2
11152,49,2020-08-20,0,0,0,0
11153,49,2020-08-21,2,1,0,0
11154,49,2020-08-22,2,0,0,1
11155,49,2020-08-23,0,0,0,0
11156,49,2020-08-24,2,0,1,0
11157,49,2020-08-25,4,1,0,7
11158,49,2020-08-26,0,0,0,2
11159,49,2020-08-27,1,0,0,1
11160,49,2020-08-28,1,0,0,0
11161,49,2020-08-29,0,0,0,0
11162,49,2020-08-30,0,0,0,0
11163,49,2020-08-31,4,2,0,4
11164,49,2020-09-01,6,2,0,2
11165,49,2020-09-02,0,1,0,2
11166,49,2020-09-03,2,0,1,1
11167,49,2020-09-04,2,0,0,3
11168,49,2020-09-05,1,0,0,0
11169,49,2020-09-06,0,0,0,0
11170,49,2020-09-07,4,1,1,1
11171,49,2020-09-08,5,0,0,1
11172,49,2020-09-09,4,2,0,3
11173,49,2020-09-10,4,0,0,3
11174,49,2020-09-11,1,1,1,1
11175,49,2020-09-12,0,1,0,0
11176,49,2020-09-13,0,0,0,0
11177,49,2020-09-14,3,1,0,3
11178,49,2020-09-15,4,0,0,5
11179,49,2020-09-16,0,1,0,4
11180,49,2020-09-17,2,1,0,1
11181,49,2020-09-18,0,0,0,0
11182,49,2020-09-19,11,1,0,2
11183,49,2020-09-20,0,0,0,0
11184,49,2020-09-21,16,3,0,7
11185,49,2020-09-22,3,0,0,4
11186,49,2020-09-23,8,2,0,1
11187,49,2020-09-24,4,1,0,2
11188,49,2020-09-25,4,1,0,4
11189,49,2020-09-26,3,0,1,6
11190,49,2020-09-27,0,0,0,0
11191,49,2020-09-28,9,2,1,2
11192,49,2020-09-29,3,0,0,3
11193,49,2020-09-30,3,1,0,2
11194,49,2020-10-01,6,1,0,4
11195,49,2020-10-02,7,0,0,2
11196,49,2020-10-03,3,2,1,6
11197,49,2020-10-04,2,0,0,1
11198,49,2020-10-05,6,2,1,2
11199,49,2020-10-06,6,0,1,4
11200,49,2020-10-07,4,1,0,7
11201,49,2020-10-08,2,1,1,3
11202,49,2020-10-09,5,0,0,6
11203,49,2020-10-10,7,1,0,11
11204,49,2020-10-11,2,0,0,2
11205,49,2020-10-12,8,3,1,1
11206,49,2020-10-13,5,2,2,5
11207,49,2020-10-14,11,4,1,9
11208,49,2020-10-15,18,3,0,8
11209,49,2020-10-16,22,1,2,7
11210,49,2020-10-17,6,1,1,5
11211,49,2020-10-18,5,1,0,1
11212,49,2020-10-19,14,3,2,3
11213,49,2020-10-20,16,6,1,7
11214,49,2020-10-21,17,2,0,8
11215,49,2020-10-22,24,1,0,8
11216,49,2020-10-23,30,4,0,5
11217,49,2020-10-24,15,4,1,10
11218,49,2020-10-25,10,3,3,3
11219,49,2020-10-26,20,4,6,6
11220,49,2020-10-27,36,6,2,10
11221,49,2020-10-28,33,9,2,13
11222,49,2020-10-29,29,6,4,25
11223,49,2020-10-30,24,4,5,17
11224,49,2020-10-31,24,3,2,20
11225,49,2020-11-01,21,5,3,5
11226,49,2020-11-02,29,12,8,8
11227,49,2020-11-03,21,5,4,20
11228,49,2020-11-04,37,4,6,30
11229,49,2020-11-05,18,4,3,16
11230,49,2020-11-06,24,5,7,24
11231,49,2020-11-07,19,5,1,14
11232,50,2020-03-19,0,2,0,1
11233,50,2020-03-20,6,2,0,0
11234,50,2020-03-21,6,0,0,1
11235,50,2020-03-22,2,2,0,0
11236,50,2020-03-23,2,1,0,1
11237,50,2020-03-24,2,1,2,0
11238,50,2020-03-25,6,0,1,4
11239,50,2020-03-26,2,1,0,1
11240,50,2020-03-27,7,1,1,2
11241,50,2020-03-28,6,4,0,0
11242,50,2020-03-29,9,2,2,2
11243,50,2020-03-30,12,3,1,1
11244,50,2020-03-31,5,1,3,2
11245,50,2020-04-01,10,3,0,2
11246,50,2020-04-02,9,2,1,5
11247,50,2020-04-03,7,1,0,4
11248,50,2020-04-04,9,1,1,2
11249,50,2020-04-05,12,2,2,0
11250,50,2020-04-06,2,1,2,3
11251,50,2020-04-07,8,1,2,8
11252,50,2020-04-08,1,0,0,3
11253,50,2020-04-09,9,0,2,1
11254,50,2020-04-10,10,1,0,3
11255,50,2020-04-11,2,0,2,7
11256,50,2020-04-12,3,0,0,2
11257,50,2020-04-13,1,0,0,0
11258,50,2020-04-14,11,0,5,1
11259,50,2020-04-15,6,2,3,5
11260,50,2020-04-16,5,1,0,4
11261,50,2020-04-17,1,0,0,2
11262,50,2020-04-18,3,1,1,2
11263,50,2020-04-19,5,2,0,0
11264,50,2020-04-20,7,2,2,1
11265,50,2020-04-21,2,0,0,8
11266,50,2020-04-22,1,0,2,7
11267,50,2020-04-23,4,0,1,9
11268,50,2020-04-24,0,0,1,1
11269,50,2020-04-25,0,0,0,0
11270,50,2020-04-26,1,0,0,0
11271,50,2020-04-27,1,0,0,1
11272,50,2020-04-28,4,2,2,2
11273,50,2020-04-29,3,0,2,2
11274,50,2020-04-30,3,0,0,1
11275,50,2020-05-01,2,0,0,0
11276,50,2020-05-02,1,0,0,2
11277,50,2020-05-03,2,0,1,1
11278,50,2020-05-04,6,0,0,1
11279,50,2020-05-05,2,0,1,3
11280,50,2020-05-06,0,0,0,2
11281,50,2020-05-07,1,0,0,1
11282,50,2020-05-08,1,0,0,0
11283,50,2020-05-09,0,0,0,1
11284,50,2020-05-10,0,0,0,0
11285,50,2020-05-11,0,0,1,5
11286,50,2020-05-12,3,0,2,1
11287,50,2020-05-13,3,0,0,0
11288,50,2020-05-14,0,0,0,2
11289,50,2020-05-15,0,0,0,1
11290,50,2020-05-16,0,0,0,0
11291,50,2020-05-17,0,0,0,0
11292,50,2020-05-18,1,0,1,0
11293,50,2020-05-19,0,0,0,1
11294,50,2020-05-20,0,0,0,0
11295,50,2020-05-21,0,0,0,0
11296,50,2020-05-22,1,0,0,1
11297,50,2020-05-23,0,0,0,2
11298,50,2020-05-24,4,0,0,0
11299,50,2020-05-25,2,0,0,1
11300,50,2020-05-26,2,0,1,1
11301,50,2020-05-27,0,0,0,0
11302,50,2020-05-28,0,0,0,0
11303,50,2020-05-29,1,0,0,0
11304,50,2020-05-30,0,0,0,0
11305,50,2020-05-31,0,1,0,0
11306,50,2020-06-01,0,0,0,0
11307,50,2020-06-02,0,0,0,0
11308,50,2020-06-03,2,0,0,0
11309,50,2020-06-04,0,0,0,1
11310,50,2020-06-05,1,1,0,0
11311,50,2020-06-06,4,0,0,4
11312,50,2020-06-07,0,0,0,0
11313,50,2020-06-08,0,0,0,0
11314,50,2020-06-09,2,0,0,3
11315,50,2020-06-10,0,0,0,1
11316,50,2020-06-11,0,0,0,1
11317,50,2020-06-12,0,0,0,0
11318,50,2020-06-13,0,0,0,0
11319,50,2020-06-14,0,0,0,0
11320,50,2020-06-15,0,0,0,0
11321,50,2020-06-16,0,0,0,1
11322,50,2020-06-17,0,0,0,3
11323,50,2020-06-18,0,0,0,0
11324,50,2020-06-19,0,0,0,2
11325,50,2020-06-20,0,0,0,0
11326,50,2020-06-21,0,0,0,1
11327,50,2020-06-22,0,0,0,0
11328,50,2020-06-23,0,0,0,0
11329,50,2020-06-24,0,0,0,0
11330,50,2020-06-25,1,0,0,0
11331,50,2020-06-26,0,0,0,0
11332,50,2020-06-27,0,0,0,0
11333,50,2020-06-28,0,0,0,1
11334,50,2020-06-29,0,0,0,0
11335,50,2020-06-30,0,0,0,0
11336,50,2020-07-01,0,0,0,0
11337,50,2020-07-02,0,0,0,0
11338,50,2020-07-03,0,0,0,0
11339,50,2020-07-04,0,0,0,0
11340,50,2020-07-05,0,0,0,0
11341,50,2020-07-06,0,0,0,0
11342,50,2020-07-07,0,0,0,0
11343,50,2020-07-08,0,0,0,0
11344,50,2020-07-09,0,0,0,0
11345,50,2020-07-10,0,0,0,0
11346,50,2020-07-11,0,0,0,0
11347,50,2020-07-12,0,0,0,0
11348,50,2020-07-13,0,0,0,0
11349,50,2020-07-14,0,0,0,0
11350,50,2020-07-15,0,0,0,0
11351,50,2020-07-16,0,0,0,0
11352,50,2020-07-17,0,0,0,0
11353,50,2020-07-18,0,0,0,0
11354,50,2020-07-19,0,0,0,0
11355,50,2020-07-20,0,0,0,0
11356,50,2020-07-21,0,0,0,0
11357,50,2020-07-22,0,0,0,0
11358,50,2020-07-23,0,0,0,3
11359,50,2020-07-24,0,0,0,0
11360,50,2020-07-25,0,0,0,0
11361,50,2020-07-26,0,0,0,0
11362,50,2020-07-27,0,0,0,0
11363,50,2020-07-28,1,0,0,1
11364,50,2020-07-29,0,0,0,4
11365,50,2020-07-30,0,0,0,1
11366,50,2020-07-31,0,0,0,0
11367,50,2020-08-01,0,0,0,0
11368,50,2020-08-02,0,0,0,0
11369,50,2020-08-03,0,0,0,0
11370,50,2020-08-04,0,0,1,1
11371,50,2020-08-05,1,0,0,1
11372,50,2020-08-06,0,0,0,1
11373,50,2020-08-07,0,0,0,0
11374,50,2020-08-08,0,0,0,0
11375,50,2020-08-09,0,0,0,0
11376,50,2020-08-10,0,0,0,0
11377,50,2020-08-11,0,0,0,0
11378,50,2020-08-12,1,0,1,0
11379,50,2020-08-13,0,0,0,6
11380,50,2020-08-14,0,0,1,9
11381,50,2020-08-15,1,0,0,0
11382,50,2020-08-16,0,0,0,0
11383,50,2020-08-17,0,0,0,0
11384,50,2020-08-18,1,0,0,1
11385,50,2020-08-19,0,0,0,0
11386,50,2020-08-20,0,0,0,0
11387,50,2020-08-21,0,0,0,0
11388,50,2020-08-22,0,0,0,1
11389,50,2020-08-23,0,0,0,0
11390,50,2020-08-24,2,1,0,0
11391,50,2020-08-25,0,0,0,0
11392,50,2020-08-26,1,0,0,0
11393,50,2020-08-27,0,0,0,1
11394,50,2020-08-28,0,0,0,1
11395,50,2020-08-29,0,0,0,0
11396,50,2020-08-30,1,0,0,0
11397,50,2020-08-31,0,0,0,1
11398,50,2020-09-01,1,0,0,2
11399,50,2020-09-02,0,0,0,0
11400,50,2020-09-03,0,0,0,0
11401,50,2020-09-04,1,0,0,0
11402,50,2020-09-05,1,0,0,1
11403,50,2020-09-06,0,0,0,0
11404,50,2020-09-07,3,1,0,1
11405,50,2020-09-08,1,1,0,2
11406,50,2020-09-09,0,0,0,1
11407,50,2020-09-10,3,0,0,1
11408,50,2020-09-11,1,0,0,1
11409,50,2020-09-12,1,0,0,0
11410,50,2020-09-13,0,1,0,0
11411,50,2020-09-14,0,0,0,0
11412,50,2020-09-15,3,0,0,4
11413,50,2020-09-16,2,0,0,1
11414,50,2020-09-17,2,0,0,0
11415,50,2020-09-18,0,0,0,1
11416,50,2020-09-19,1,0,0,0
11417,50,2020-09-20,0,0,0,0
11418,50,2020-09-21,1,0,2,1
11419,50,2020-09-22,0,0,0,0
11420,50,2020-09-23,0,0,0,0
11421,50,2020-09-24,2,0,0,2
11422,50,2020-09-25,2,0,0,0
11423,50,2020-09-26,2,1,0,2
11424,50,2020-09-27,2,0,0,0
11425,50,2020-09-28,0,0,0,0
11426,50,2020-09-29,2,0,0,0
11427,50,2020-09-30,2,0,0,2
11428,50,2020-10-01,2,0,1,0
11429,50,2020-10-02,1,1,0,4
11430,50,2020-10-03,1,0,1,3
11431,50,2020-10-04,0,0,0,0
11432,50,2020-10-05,1,0,1,0
11433,50,2020-10-06,1,0,0,0
11434,50,2020-10-07,3,1,0,1
11435,50,2020-10-08,3,1,0,1
11436,50,2020-10-09,2,0,0,1
11437,50,2020-10-10,3,0,0,1
11438,50,2020-10-11,1,0,0,1
11439,50,2020-10-12,5,0,0,3
11440,50,2020-10-13,2,1,0,0
11441,50,2020-10-14,4,0,2,3
11442,50,2020-10-15,4,1,0,1
11443,50,2020-10-16,8,1,0,2
11444,50,2020-10-17,0,1,0,0
11445,50,2020-10-18,3,1,0,0
11446,50,2020-10-19,9,0,2,0
11447,50,2020-10-20,4,0,2,6
11448,50,2020-10-21,9,0,0,0
11449,50,2020-10-22,6,0,0,3
11450,50,2020-10-23,9,1,1,6
11451,50,2020-10-24,2,0,0,3
11452,50,2020-10-25,1,0,1,2
11453,50,2020-10-26,14,1,1,2
11454,50,2020-10-27,12,2,2,3
11455,50,2020-10-28,14,1,0,2
11456,50,2020-10-29,8,0,1,3
11457,50,2020-10-30,2,1,1,8
11458,50,2020-10-31,16,0,0,1
11459,50,2020-11-01,17,1,0,5
11460,50,2020-11-02,5,0,2,1
11461,50,2020-11-03,12,2,0,4
11462,50,2020-11-04,19,3,2,4
11463,50,2020-11-05,15,3,1,8
11464,50,2020-11-06,9,0,4,7
11465,50,2020-11-07,4,1,2,2
11466,51,2020-03-19,25,2,1,11
11467,51,2020-03-20,16,3,0,9
11468,51,2020-03-21,26,6,0,1
11469,51,2020-03-22,28,5,3,3
11470,51,2020-03-23,33,9,3,9
11471,51,2020-03-24,48,5,2,14
11472,51,2020-03-25,58,10,6,13
11473,51,2020-03-26,27,4,3,6
11474,51,2020-03-27,31,5,1,9
11475,51,2020-03-28,80,13,4,34
11476,51,2020-03-29,26,4,2,14
11477,51,2020-03-30,33,14,15,11
11478,51,2020-03-31,100,3,6,36
11479,51,2020-04-01,49,4,7,26
11480,51,2020-04-02,56,4,5,19
11481,51,2020-04-03,23,5,9,22
11482,51,2020-04-04,47,4,3,16
11483,51,2020-04-05,7,0,0,0
11484,51,2020-04-06,29,1,10,18
11485,51,2020-04-07,58,7,8,44
11486,51,2020-04-08,36,2,17,35
11487,51,2020-04-09,34,3,5,19
11488,51,2020-04-10,42,2,10,24
11489,51,2020-04-11,16,5,14,31
11490,51,2020-04-12,32,4,6,10
11491,51,2020-04-13,20,0,2,4
11492,51,2020-04-14,19,1,7,20
11493,51,2020-04-15,38,5,5,34
11494,51,2020-04-16,8,0,3,10
11495,51,2020-04-17,28,3,7,23
11496,51,2020-04-18,14,3,14,30
11497,51,2020-04-19,11,1,0,2
11498,51,2020-04-20,17,3,8,17
11499,51,2020-04-21,36,1,3,30
11500,51,2020-04-22,22,2,4,19
11501,51,2020-04-23,12,0,5,14
11502,51,2020-04-24,23,2,1,13
11503,51,2020-04-25,8,0,3,14
11504,51,2020-04-26,5,0,2,1
11505,51,2020-04-27,7,0,7,6
11506,51,2020-04-28,19,1,3,15
11507,51,2020-04-29,8,1,0,9
11508,51,2020-04-30,12,1,2,17
11509,51,2020-05-01,9,3,1,8
11510,51,2020-05-02,10,3,1,6
11511,51,2020-05-03,8,2,2,0
11512,51,2020-05-04,6,1,4,1
11513,51,2020-05-05,7,1,3,9
11514,51,2020-05-06,4,0,1,12
11515,51,2020-05-07,19,1,2,13
11516,51,2020-05-08,3,0,0,2
11517,51,2020-05-09,5,2,2,10
11518,51,2020-05-10,0,0,2,1
11519,51,2020-05-11,3,0,4,6
11520,51,2020-05-12,9,0,5,12
11521,51,2020-05-13,5,0,0,10
11522,51,2020-05-14,2,0,4,38
11523,51,2020-05-15,8,0,1,35
11524,51,2020-05-16,1,0,0,7
11525,51,2020-05-17,2,0,0,0
11526,51,2020-05-18,9,0,1,5
11527,51,2020-05-19,2,1,2,7
11528,51,2020-05-20,1,0,0,7
11529,51,2020-05-21,3,0,2,2
11530,51,2020-05-22,1,0,0,3
11531,51,2020-05-23,7,1,2,8
11532,51,2020-05-24,3,0,0,1
11533,51,2020-05-25,2,0,0,3
11534,51,2020-05-26,4,0,0,8
11535,51,2020-05-27,1,0,3,14
11536,51,2020-05-28,3,0,0,1
11537,51,2020-05-29,4,1,1,10
11538,51,2020-05-30,2,0,0,7
11539,51,2020-05-31,0,0,0,0
11540,51,2020-06-01,0,0,0,0
11541,51,2020-06-02,3,1,3,6
11542,51,2020-06-03,2,1,1,4
11543,51,2020-06-04,1,0,0,0
11544,51,2020-06-05,1,0,0,5
11545,51,2020-06-06,0,0,0,0
11546,51,2020-06-07,2,0,0,0
11547,51,2020-06-08,2,0,1,12
11548,51,2020-06-09,3,0,0,1
11549,51,2020-06-10,0,0,0,3
11550,51,2020-06-11,2,0,1,0
11551,51,2020-06-12,2,0,0,4
11552,51,2020-06-13,0,0,1,1
11553,51,2020-06-14,0,0,0,0
11554,51,2020-06-15,0,0,0,0
11555,51,2020-06-16,0,0,0,0
11556,51,2020-06-17,1,0,0,1
11557,51,2020-06-18,0,0,3,7
11558,51,2020-06-19,0,0,0,3
11559,51,2020-06-20,3,0,0,2
11560,51,2020-06-21,0,0,0,0
11561,51,2020-06-22,2,0,0,2
11562,51,2020-06-23,0,0,1,0
11563,51,2020-06-24,0,0,0,1
11564,51,2020-06-25,0,0,0,2
11565,51,2020-06-26,1,0,1,1
11566,51,2020-06-27,0,0,0,0
11567,51,2020-06-28,0,0,0,0
11568,51,2020-06-29,1,0,0,3
11569,51,2020-06-30,0,0,0,1
11570,51,2020-07-01,1,0,0,3
11571,51,2020-07-02,0,0,0,0
11572,51,2020-07-03,0,1,0,1
11573,51,2020-07-04,0,0,0,0
11574,51,2020-07-05,0,0,0,0
11575,51,2020-07-06,0,0,0,0
11576,51,2020-07-07,0,0,0,3
11577,51,2020-07-08,0,0,0,0
11578,51,2020-07-09,0,0,0,1
11579,51,2020-07-10,0,0,0,0
11580,51,2020-07-11,0,0,0,1
11581,51,2020-07-12,0,0,0,0
11582,51,2020-07-13,0,0,0,0
11583,51,2020-07-14,0,0,0,0
11584,51,2020-07-15,1,0,1,3
11585,51,2020-07-16,0,0,0,0
11586,51,2020-07-17,0,0,0,0
11587,51,2020-07-18,0,0,0,0
11588,51,2020-07-19,0,0,0,0
11589,51,2020-07-20,0,0,0,0
11590,51,2020-07-21,0,0,0,0
11591,51,2020-07-22,1,0,1,0
11592,51,2020-07-23,0,0,0,0
11593,51,2020-07-24,0,0,0,1
11594,51,2020-07-25,0,0,0,1
11595,51,2020-07-26,0,0,0,0
11596,51,2020-07-27,0,0,0,2
11597,51,2020-07-28,1,0,0,1
11598,51,2020-07-29,2,0,0,0
11599,51,2020-07-30,0,1,0,0
11600,51,2020-07-31,0,0,0,0
11601,51,2020-08-01,0,0,0,0
11602,51,2020-08-02,0,0,0,0
11603,51,2020-08-03,0,0,0,1
11604,51,2020-08-04,0,0,0,0
11605,51,2020-08-05,2,1,0,1
11606,51,2020-08-06,1,1,0,6
11607,51,2020-08-07,1,0,2,22
11608,51,2020-08-08,1,0,0,1
11609,51,2020-08-09,0,0,0,0
11610,51,2020-08-10,4,0,0,0
11611,51,2020-08-11,0,0,0,0
11612,51,2020-08-12,2,0,0,1
11613,51,2020-08-13,0,1,0,0
11614,51,2020-08-14,0,0,0,0
11615,51,2020-08-15,0,0,0,0
11616,51,2020-08-16,0,0,0,0
11617,51,2020-08-17,4,0,0,1
11618,51,2020-08-18,1,0,1,1
11619,51,2020-08-19,0,0,0,0
11620,51,2020-08-20,1,0,0,0
11621,51,2020-08-21,0,1,0,0
11622,51,2020-08-22,0,0,0,0
11623,51,2020-08-23,0,0,0,0
11624,51,2020-08-24,0,0,0,0
11625,51,2020-08-25,1,1,3,1
11626,51,2020-08-26,1,0,0,0
11627,51,2020-08-27,4,0,0,1
11628,51,2020-08-28,1,0,0,0
11629,51,2020-08-29,0,0,0,0
11630,51,2020-08-30,0,0,0,0
11631,51,2020-08-31,2,1,1,2
11632,51,2020-09-01,0,0,0,0
11633,51,2020-09-02,0,0,0,0
11634,51,2020-09-03,4,0,2,3
11635,51,2020-09-04,0,0,0,7
11636,51,2020-09-05,1,0,1,2
11637,51,2020-09-06,0,0,0,0
11638,51,2020-09-07,0,0,0,1
11639,51,2020-09-08,3,1,0,10
11640,51,2020-09-09,2,0,0,3
11641,51,2020-09-10,0,0,0,0
11642,51,2020-09-11,3,0,0,3
11643,51,2020-09-12,0,0,0,0
11644,51,2020-09-13,0,0,0,0
11645,51,2020-09-14,3,0,1,0
11646,51,2020-09-15,3,0,0,5
11647,51,2020-09-16,1,0,0,1
11648,51,2020-09-17,2,0,2,2
11649,51,2020-09-18,2,0,1,0
11650,51,2020-09-19,1,0,0,0
11651,51,2020-09-20,0,0,0,0
11652,51,2020-09-21,6,1,0,4
11653,51,2020-09-22,2,1,0,4
11654,51,2020-09-23,1,0,0,0
11655,51,2020-09-24,6,2,1,5
11656,51,2020-09-25,3,1,0,0
11657,51,2020-09-26,4,1,0,3
11658,51,2020-09-27,2,0,0,1
11659,51,2020-09-28,6,1,1,4
11660,51,2020-09-29,1,0,0,1
11661,51,2020-09-30,9,4,1,5
11662,51,2020-10-01,2,0,0,1
11663,51,2020-10-02,4,0,1,6
11664,51,2020-10-03,3,0,1,3
11665,51,2020-10-04,1,1,0,0
11666,51,2020-10-05,3,0,0,0
11667,51,2020-10-06,12,2,2,11
11668,51,2020-10-07,3,1,0,5
11669,51,2020-10-08,2,0,1,2
11670,51,2020-10-09,9,0,1,2
11671,51,2020-10-10,3,0,0,1
11672,51,2020-10-11,1,1,0,0
11673,51,2020-10-12,2,1,0,3
11674,51,2020-10-13,3,0,0,0
11675,51,2020-10-14,6,3,0,3
11676,51,2020-10-15,25,6,0,11
11677,51,2020-10-16,1,0,0,0
11678,51,2020-10-17,8,1,4,7
11679,51,2020-10-18,2,1,0,0
11680,51,2020-10-19,5,1,1,1
11681,51,2020-10-20,23,5,2,8
11682,51,2020-10-21,6,0,0,2
11683,51,2020-10-22,19,2,3,13
11684,51,2020-10-23,8,2,1,3
11685,51,2020-10-24,7,0,0,7
11686,51,2020-10-25,4,0,2,0
11687,51,2020-10-26,4,2,0,2
11688,51,2020-10-27,19,5,2,10
11689,51,2020-10-28,12,2,1,7
11690,51,2020-10-29,23,1,0,7
11691,51,2020-10-30,16,1,1,7
11692,51,2020-10-31,7,1,0,5
11693,51,2020-11-01,2,1,0,1
11694,51,2020-11-02,5,0,1,1
11695,51,2020-11-03,36,7,2,12
11696,51,2020-11-04,15,3,1,8
11697,51,2020-11-05,27,3,1,20
11698,51,2020-11-06,24,4,1,17
11699,51,2020-11-07,9,3,1,9
11700,52,2020-03-19,0,0,0,0
11701,52,2020-03-20,13,0,3,5
11702,52,2020-03-21,2,2,0,0
11703,52,2020-03-22,2,0,0,0
11704,52,2020-03-23,0,0,0,1
11705,52,2020-03-24,15,1,1,5
11706,52,2020-03-25,0,1,0,1
11707,52,2020-03-26,16,1,2,1
11708,52,2020-03-27,18,1,1,4
11709,52,2020-03-28,5,1,0,0
11710,52,2020-03-29,0,0,0,0
11711,52,2020-03-30,2,0,0,0
11712,52,2020-03-31,11,2,0,2
11713,52,2020-04-01,2,0,0,1
11714,52,2020-04-02,3,0,0,3
11715,52,2020-04-03,33,0,10,11
11716,52,2020-04-04,33,3,5,10
11717,52,2020-04-05,5,2,2,2
11718,52,2020-04-06,19,4,2,5
11719,52,2020-04-07,21,3,8,7
11720,52,2020-04-08,7,1,2,10
11721,52,2020-04-09,9,0,0,9
11722,52,2020-04-10,12,1,1,11
11723,52,2020-04-11,8,1,3,6
11724,52,2020-04-12,6,0,2,4
11725,52,2020-04-13,2,0,0,1
11726,52,2020-04-14,4,1,1,0
11727,52,2020-04-15,7,1,2,12
11728,52,2020-04-16,5,2,1,6
11729,52,2020-04-17,4,1,0,4
11730,52,2020-04-18,9,5,2,6
11731,52,2020-04-19,4,0,1,1
11732,52,2020-04-20,2,2,0,0
11733,52,2020-04-21,32,0,2,37
11734,52,2020-04-22,6,2,1,5
11735,52,2020-04-23,1,0,1,2
11736,52,2020-04-24,1,0,1,1
11737,52,2020-04-25,7,1,1,3
11738,52,2020-04-26,0,0,1,1
11739,52,2020-04-27,0,0,1,0
11740,52,2020-04-28,4,1,1,2
11741,52,2020-04-29,2,0,1,2
11742,52,2020-04-30,1,0,0,6
11743,52,2020-05-01,2,1,0,0
11744,52,2020-05-02,1,0,0,6
11745,52,2020-05-03,3,0,0,1
11746,52,2020-05-04,10,0,1,1
11747,52,2020-05-05,2,0,1,2
11748,52,2020-05-06,2,0,3,9
11749,52,2020-05-07,24,0,1,3
11750,52,2020-05-08,9,0,3,7
11751,52,2020-05-09,7,1,1,2
11752,52,2020-05-10,0,0,0,0
11753,52,2020-05-11,2,0,2,2
11754,52,2020-05-12,5,2,2,11
11755,52,2020-05-13,5,0,0,3
11756,52,2020-05-14,4,1,1,2
11757,52,2020-05-15,2,0,0,3
11758,52,2020-05-16,1,0,0,2
11759,52,2020-05-17,0,0,0,0
11760,52,2020-05-18,3,1,1,4
11761,52,2020-05-19,0,0,0,1
11762,52,2020-05-20,0,1,3,3
11763,52,2020-05-21,0,0,0,1
11764,52,2020-05-22,0,0,1,0
11765,52,2020-05-23,4,1,1,5
11766,52,2020-05-24,0,0,0,0
11767,52,2020-05-25,1,0,0,1
11768,52,2020-05-26,0,0,0,1
11769,52,2020-05-27,4,0,0,1
11770,52,2020-05-28,11,9,1,3
11771,52,2020-05-29,7,0,0,6
11772,52,2020-05-30,0,0,1,1
11773,52,2020-05-31,1,0,0,0
11774,52,2020-06-01,2,0,1,2
11775,52,2020-06-02,0,0,1,2
11776,52,2020-06-03,0,0,1,8
11777,52,2020-06-04,0,0,1,2
11778,52,2020-06-05,0,0,1,6
11779,52,2020-06-06,0,0,0,2
11780,52,2020-06-07,0,0,0,0
11781,52,2020-06-08,0,0,0,0
11782,52,2020-06-09,2,0,0,0
11783,52,2020-06-10,0,0,0,1
11784,52,2020-06-11,1,0,0,0
11785,52,2020-06-12,0,0,0,5
11786,52,2020-06-13,0,0,1,6
11787,52,2020-06-14,0,0,0,0
11788,52,2020-06-15,2,0,1,0
11789,52,2020-06-16,0,0,0,0
11790,52,2020-06-17,1,0,0,1
11791,52,2020-06-18,1,0,0,1
11792,52,2020-06-19,2,0,0,0
11793,52,2020-06-20,1,0,0,0
11794,52,2020-06-21,0,0,0,0
11795,52,2020-06-22,1,0,0,1
11796,52,2020-06-23,3,0,0,0
11797,52,2020-06-24,0,0,0,0
11798,52,2020-06-25,2,0,1,0
11799,52,2020-06-26,1,0,0,1
11800,52,2020-06-27,0,0,0,1
11801,52,2020-06-28,0,0,0,0
11802,52,2020-06-29,0,0,0,3
11803,52,2020-06-30,1,0,0,1
11804,52,2020-07-01,0,0,0,0
11805,52,2020-07-02,0,0,0,0
11806,52,2020-07-03,0,0,1,1
11807,52,2020-07-04,0,0,0,2
11808,52,2020-07-05,0,0,0,0
11809,52,2020-07-06,0,0,0,0
11810,52,2020-07-07,0,0,0,0
11811,52,2020-07-08,1,0,0,1
11812,52,2020-07-09,0,0,0,0
11813,52,2020-07-10,0,0,0,1
11814,52,2020-07-11,0,0,0,0
11815,52,2020-07-12,0,0,0,0
11816,52,2020-07-13,0,0,0,0
11817,52,2020-07-14,0,0,0,0
11818,52,2020-07-15,0,0,0,2
11819,52,2020-07-16,0,0,0,1
11820,52,2020-07-17,1,0,0,0
11821,52,2020-07-18,0,0,0,0
11822,52,2020-07-19,0,0,0,0
11823,52,2020-07-20,0,0,0,0
11824,52,2020-07-21,0,0,0,0
11825,52,2020-07-22,0,0,0,0
11826,52,2020-07-23,0,0,0,0
11827,52,2020-07-24,0,0,0,0
11828,52,2020-07-25,0,0,0,0
11829,52,2020-07-26,0,0,0,0
11830,52,2020-07-27,2,0,0,2
11831,52,2020-07-28,0,0,0,0
11832,52,2020-07-29,3,0,0,1
11833,52,2020-07-30,0,0,1,0
11834,52,2020-07-31,0,0,1,0
11835,52,2020-08-01,0,0,0,0
11836,52,2020-08-02,0,0,0,0
11837,52,2020-08-03,0,0,0,0
11838,52,2020-08-04,0,0,0,0
11839,52,2020-08-05,0,0,0,0
11840,52,2020-08-06,0,0,0,0
11841,52,2020-08-07,0,0,0,1
11842,52,2020-08-08,0,0,0,1
11843,52,2020-08-09,1,0,0,0
11844,52,2020-08-10,0,0,0,0
11845,52,2020-08-11,0,0,0,0
11846,52,2020-08-12,0,0,0,0
11847,52,2020-08-13,0,0,0,0
11848,52,2020-08-14,0,0,0,0
11849,52,2020-08-15,0,0,0,0
11850,52,2020-08-16,0,0,0,0
11851,52,2020-08-17,0,0,0,0
11852,52,2020-08-18,0,0,0,0
11853,52,2020-08-19,0,0,0,2
11854,52,2020-08-20,0,0,0,0
11855,52,2020-08-21,0,0,0,0
11856,52,2020-08-22,0,0,0,0
11857,52,2020-08-23,0,0,0,0
11858,52,2020-08-24,0,0,0,0
11859,52,2020-08-25,0,0,0,0
11860,52,2020-08-26,0,0,0,3
11861,52,2020-08-27,1,0,0,8
11862,52,2020-08-28,0,0,0,1
11863,52,2020-08-29,0,0,0,0
11864,52,2020-08-30,0,0,0,0
11865,52,2020-08-31,0,0,0,0
11866,52,2020-09-01,0,0,0,0
11867,52,2020-09-02,0,0,0,0
11868,52,2020-09-03,1,0,0,0
11869,52,2020-09-04,0,0,0,1
11870,52,2020-09-05,0,0,0,0
11871,52,2020-09-06,0,0,0,0
11872,52,2020-09-07,0,0,0,0
11873,52,2020-09-08,0,0,0,1
11874,52,2020-09-09,0,0,0,0
11875,52,2020-09-10,0,0,0,0
11876,52,2020-09-11,1,0,0,0
11877,52,2020-09-12,0,0,0,0
11878,52,2020-09-13,0,0,0,0
11879,52,2020-09-14,1,0,0,0
11880,52,2020-09-15,2,0,0,1
11881,52,2020-09-16,0,0,0,0
11882,52,2020-09-17,0,0,0,0
11883,52,2020-09-18,0,0,0,0
11884,52,2020-09-19,0,0,0,0
11885,52,2020-09-20,1,0,0,0
11886,52,2020-09-21,0,0,0,0
11887,52,2020-09-22,0,0,0,0
11888,52,2020-09-23,1,0,0,0
11889,52,2020-09-24,1,0,0,1
11890,52,2020-09-25,0,0,0,1
11891,52,2020-09-26,1,0,2,1
11892,52,2020-09-27,1,0,0,0
11893,52,2020-09-28,1,0,0,1
11894,52,2020-09-29,0,0,0,0
11895,52,2020-09-30,0,0,0,0
11896,52,2020-10-01,2,0,0,0
11897,52,2020-10-02,2,0,0,0
11898,52,2020-10-03,0,0,0,0
11899,52,2020-10-04,0,0,0,0
11900,52,2020-10-05,0,0,0,1
11901,52,2020-10-06,0,0,0,0
11902,52,2020-10-07,0,0,1,2
11903,52,2020-10-08,2,0,1,0
11904,52,2020-10-09,2,0,0,0
11905,52,2020-10-10,4,0,0,1
11906,52,2020-10-11,8,0,0,2
11907,52,2020-10-12,1,1,0,1
11908,52,2020-10-13,0,0,0,0
11909,52,2020-10-14,0,0,0,0
11910,52,2020-10-15,2,1,1,0
11911,52,2020-10-16,0,0,0,0
11912,52,2020-10-17,4,1,0,1
11913,52,2020-10-18,2,0,0,0
11914,52,2020-10-19,2,0,0,1
11915,52,2020-10-20,2,0,1,0
11916,52,2020-10-21,2,0,0,1
11917,52,2020-10-22,1,0,0,0
11918,52,2020-10-23,1,0,0,0
11919,52,2020-10-24,4,0,0,1
11920,52,2020-10-25,3,0,0,0
11921,52,2020-10-26,3,0,0,3
11922,52,2020-10-27,10,2,1,3
11923,52,2020-10-28,6,0,0,2
11924,52,2020-10-29,5,0,0,3
11925,52,2020-10-30,15,0,1,6
11926,52,2020-10-31,1,2,1,3
11927,52,2020-11-01,1,0,0,0
11928,52,2020-11-02,6,2,1,0
11929,52,2020-11-03,6,0,0,4
11930,52,2020-11-04,21,1,2,5
11931,52,2020-11-05,4,0,0,1
11932,52,2020-11-06,6,2,0,7
11933,52,2020-11-07,19,0,4,5
11934,53,2020-03-19,3,2,0,1
11935,53,2020-03-20,1,0,0,0
11936,53,2020-03-21,1,0,0,0
11937,53,2020-03-22,1,0,0,0
11938,53,2020-03-23,6,1,1,0
11939,53,2020-03-24,0,0,0,0
11940,53,2020-03-25,7,2,0,0
11941,53,2020-03-26,9,1,2,0
11942,53,2020-03-27,18,1,0,0
11943,53,2020-03-28,3,1,2,0
11944,53,2020-03-29,8,1,0,0
11945,53,2020-03-30,4,1,2,1
11946,53,2020-03-31,9,3,1,4
11947,53,2020-04-01,3,1,0,3
11948,53,2020-04-02,8,0,0,3
11949,53,2020-04-03,6,1,1,1
11950,53,2020-04-04,8,1,2,2
11951,53,2020-04-05,2,0,0,3
11952,53,2020-04-06,2,0,0,1
11953,53,2020-04-07,2,0,1,5
11954,53,2020-04-08,8,2,1,3
11955,53,2020-04-09,6,1,1,3
11956,53,2020-04-10,4,0,3,2
11957,53,2020-04-11,1,0,1,9
11958,53,2020-04-12,4,0,0,0
11959,53,2020-04-13,2,1,1,2
11960,53,2020-04-14,4,0,0,1
11961,53,2020-04-15,14,0,2,5
11962,53,2020-04-16,21,0,4,3
11963,53,2020-04-17,5,0,1,4
11964,53,2020-04-18,2,1,0,3
11965,53,2020-04-19,2,0,0,1
11966,53,2020-04-20,2,1,1,1
11967,53,2020-04-21,3,0,0,3
11968,53,2020-04-22,6,0,0,5
11969,53,2020-04-23,1,0,0,2
11970,53,2020-04-24,1,0,0,5
11971,53,2020-04-25,0,0,0,1
11972,53,2020-04-26,0,0,0,0
11973,53,2020-04-27,4,1,1,2
11974,53,2020-04-28,3,0,1,4
11975,53,2020-04-29,3,0,0,3
11976,53,2020-04-30,7,0,3,3
11977,53,2020-05-01,0,0,0,3
11978,53,2020-05-02,2,0,2,0
11979,53,2020-05-03,0,0,0,0
11980,53,2020-05-04,1,0,0,2
11981,53,2020-05-05,6,0,0,8
11982,53,2020-05-06,1,0,0,6
11983,53,2020-05-07,0,0,1,0
11984,53,2020-05-08,1,0,0,5
11985,53,2020-05-09,0,0,0,0
11986,53,2020-05-10,0,0,0,0
11987,53,2020-05-11,0,0,1,2
11988,53,2020-05-12,6,0,1,18
11989,53,2020-05-13,0,0,0,4
11990,53,2020-05-14,0,0,1,3
11991,53,2020-05-15,2,0,0,3
11992,53,2020-05-16,0,0,2,0
11993,53,2020-05-17,0,0,0,0
11994,53,2020-05-18,1,1,0,0
11995,53,2020-05-19,0,0,0,2
11996,53,2020-05-20,1,0,0,0
11997,53,2020-05-21,0,0,1,0
11998,53,2020-05-22,1,0,0,3
11999,53,2020-05-23,0,0,1,0
12000,53,2020-05-24,0,0,0,0
12001,53,2020-05-25,0,0,1,0
12002,53,2020-05-26,0,0,0,1
12003,53,2020-05-27,2,0,0,3
12004,53,2020-05-28,1,0,0,0
12005,53,2020-05-29,1,0,1,3
12006,53,2020-05-30,0,0,0,7
12007,53,2020-05-31,0,0,0,4
12008,53,2020-06-01,1,0,0,0
12009,53,2020-06-02,1,0,1,1
12010,53,2020-06-03,0,0,0,2
12011,53,2020-06-04,0,0,0,2
12012,53,2020-06-05,1,0,0,0
12013,53,2020-06-06,0,0,0,4
12014,53,2020-06-07,0,0,0,0
12015,53,2020-06-08,0,0,0,0
12016,53,2020-06-09,0,0,0,0
12017,53,2020-06-10,1,0,0,2
12018,53,2020-06-11,0,0,0,2
12019,53,2020-06-12,0,0,0,0
12020,53,2020-06-13,1,0,0,1
12021,53,2020-06-14,0,0,0,0
12022,53,2020-06-15,1,0,0,0
12023,53,2020-06-16,0,0,0,0
12024,53,2020-06-17,0,0,0,1
12025,53,2020-06-18,0,0,0,0
12026,53,2020-06-19,1,0,0,1
12027,53,2020-06-20,0,0,0,0
12028,53,2020-06-21,0,0,0,0
12029,53,2020-06-22,0,0,0,0
12030,53,2020-06-23,0,0,0,2
12031,53,2020-06-24,0,0,0,0
12032,53,2020-06-25,1,0,0,1
12033,53,2020-06-26,0,0,0,0
12034,53,2020-06-27,0,0,0,1
12035,53,2020-06-28,0,0,0,0
12036,53,2020-06-29,0,0,0,0
12037,53,2020-06-30,2,0,0,1
12038,53,2020-07-01,2,0,0,0
12039,53,2020-07-02,1,0,0,0
12040,53,2020-07-03,0,0,0,1
12041,53,2020-07-04,0,0,0,1
12042,53,2020-07-05,0,0,0,0
12043,53,2020-07-06,0,0,0,0
12044,53,2020-07-07,1,0,0,0
12045,53,2020-07-08,2,2,0,0
12046,53,2020-07-09,1,0,0,0
12047,53,2020-07-10,0,0,0,1
12048,53,2020-07-11,1,0,0,1
12049,53,2020-07-12,2,1,0,0
12050,53,2020-07-13,1,0,0,0
12051,53,2020-07-14,3,0,0,0
12052,53,2020-07-15,0,0,0,1
12053,53,2020-07-16,0,0,0,3
12054,53,2020-07-17,1,1,0,5
12055,53,2020-07-18,2,0,1,3
12056,53,2020-07-19,1,0,0,0
12057,53,2020-07-20,4,0,0,0
12058,53,2020-07-21,1,0,0,1
12059,53,2020-07-22,1,1,0,0
12060,53,2020-07-23,3,0,0,1
12061,53,2020-07-24,0,0,0,1
12062,53,2020-07-25,2,1,0,2
12063,53,2020-07-26,3,0,0,3
12064,53,2020-07-27,3,0,0,0
12065,53,2020-07-28,2,0,0,0
12066,53,2020-07-29,1,0,0,0
12067,53,2020-07-30,4,0,0,5
12068,53,2020-07-31,0,0,0,0
12069,53,2020-08-01,6,0,0,8
12070,53,2020-08-02,0,0,0,0
12071,53,2020-08-03,3,3,1,0
12072,53,2020-08-04,1,0,0,4
12073,53,2020-08-05,1,0,0,0
12074,53,2020-08-06,3,1,0,2
12075,53,2020-08-07,1,0,0,0
12076,53,2020-08-08,1,0,0,1
12077,53,2020-08-09,3,0,0,0
12078,53,2020-08-10,3,1,0,3
12079,53,2020-08-11,0,0,0,0
12080,53,2020-08-12,1,0,0,2
12081,53,2020-08-13,2,0,1,1
12082,53,2020-08-14,2,0,0,0
12083,53,2020-08-15,1,0,0,1
12084,53,2020-08-16,0,0,0,0
12085,53,2020-08-17,1,0,0,0
12086,53,2020-08-18,1,0,0,1
12087,53,2020-08-19,0,0,0,1
12088,53,2020-08-20,0,0,0,2
12089,53,2020-08-21,1,0,0,0
12090,53,2020-08-22,1,0,0,2
12091,53,2020-08-23,0,1,0,0
12092,53,2020-08-24,2,0,0,0
12093,53,2020-08-25,0,0,0,6
12094,53,2020-08-26,1,0,1,1
12095,53,2020-08-27,1,0,0,2
12096,53,2020-08-28,3,0,0,0
12097,53,2020-08-29,0,0,0,1
12098,53,2020-08-30,0,0,0,0
12099,53,2020-08-31,1,0,0,0
12100,53,2020-09-01,0,0,0,1
12101,53,2020-09-02,0,1,0,5
12102,53,2020-09-03,3,0,0,2
12103,53,2020-09-04,2,0,0,2
12104,53,2020-09-05,2,1,0,0
12105,53,2020-09-06,0,1,0,0
12106,53,2020-09-07,0,0,0,1
12107,53,2020-09-08,0,0,0,0
12108,53,2020-09-09,3,0,0,1
12109,53,2020-09-10,0,0,0,0
12110,53,2020-09-11,0,0,0,1
12111,53,2020-09-12,1,0,0,0
12112,53,2020-09-13,0,0,0,0
12113,53,2020-09-14,1,0,0,2
12114,53,2020-09-15,0,0,0,1
12115,53,2020-09-16,0,0,0,0
12116,53,2020-09-17,0,0,0,2
12117,53,2020-09-18,0,0,0,1
12118,53,2020-09-19,0,0,0,0
12119,53,2020-09-20,0,0,0,0
12120,53,2020-09-21,1,1,0,1
12121,53,2020-09-22,2,0,0,0
12122,53,2020-09-23,0,0,0,0
12123,53,2020-09-24,1,1,0,0
12124,53,2020-09-25,0,0,0,1
12125,53,2020-09-26,2,0,1,1
12126,53,2020-09-27,1,0,0,0
12127,53,2020-09-28,0,0,0,0
12128,53,2020-09-29,1,0,0,1
12129,53,2020-09-30,0,0,0,1
12130,53,2020-10-01,0,0,0,0
12131,53,2020-10-02,3,0,0,2
12132,53,2020-10-03,0,0,0,0
12133,53,2020-10-04,0,0,0,0
12134,53,2020-10-05,2,1,0,0
12135,53,2020-10-06,2,0,0,2
12136,53,2020-10-07,0,0,0,1
12137,53,2020-10-08,1,0,0,0
12138,53,2020-10-09,0,0,0,1
12139,53,2020-10-10,1,0,0,0
12140,53,2020-10-11,0,0,0,0
12141,53,2020-10-12,4,0,0,3
12142,53,2020-10-13,4,1,0,2
12143,53,2020-10-14,1,0,0,0
12144,53,2020-10-15,1,1,0,0
12145,53,2020-10-16,3,0,0,2
12146,53,2020-10-17,2,0,0,2
12147,53,2020-10-18,5,1,1,1
12148,53,2020-10-19,5,0,1,0
12149,53,2020-10-20,3,0,1,4
12150,53,2020-10-21,5,0,0,1
12151,53,2020-10-22,8,1,1,0
12152,53,2020-10-23,2,1,0,3
12153,53,2020-10-24,9,0,0,2
12154,53,2020-10-25,10,0,0,0
12155,53,2020-10-26,8,2,1,2
12156,53,2020-10-27,7,0,0,3
12157,53,2020-10-28,11,2,0,7
12158,53,2020-10-29,9,1,0,4
12159,53,2020-10-30,4,0,1,3
12160,53,2020-10-31,5,0,0,1
12161,53,2020-11-01,3,1,1,1
12162,53,2020-11-02,10,2,1,2
12163,53,2020-11-03,6,0,1,6
12164,53,2020-11-04,13,1,5,2
12165,53,2020-11-05,20,1,0,3
12166,53,2020-11-06,13,2,1,10
12167,53,2020-11-07,6,2,1,5
12168,54,2020-03-19,14,2,2,1
12169,54,2020-03-20,9,1,1,0
12170,54,2020-03-21,19,7,10,0
12171,54,2020-03-22,44,23,2,10
12172,54,2020-03-23,24,6,3,4
12173,54,2020-03-24,42,17,5,8
12174,54,2020-03-25,45,6,4,6
12175,54,2020-03-26,27,5,5,10
12176,54,2020-03-27,55,16,2,13
12177,54,2020-03-28,76,26,3,12
12178,54,2020-03-29,21,2,4,8
12179,54,2020-03-30,72,14,8,17
12180,54,2020-03-31,35,8,9,6
12181,54,2020-04-01,75,20,17,40
12182,54,2020-04-02,101,24,10,25
12183,54,2020-04-03,75,14,14,35
12184,54,2020-04-04,27,6,7,21
12185,54,2020-04-05,13,3,7,15
12186,54,2020-04-06,48,9,8,17
12187,54,2020-04-07,36,5,9,46
12188,54,2020-04-08,56,4,11,48
12189,54,2020-04-09,24,5,5,30
12190,54,2020-04-10,83,4,24,23
12191,54,2020-04-11,18,0,8,12
12192,54,2020-04-12,23,3,3,28
12193,54,2020-04-13,21,6,5,7
12194,54,2020-04-14,33,1,6,24
12195,54,2020-04-15,36,1,10,42
12196,54,2020-04-16,19,2,8,30
12197,54,2020-04-17,18,1,5,15
12198,54,2020-04-18,26,2,13,19
12199,54,2020-04-19,9,2,5,7
12200,54,2020-04-20,12,2,3,12
12201,54,2020-04-21,21,3,6,12
12202,54,2020-04-22,19,4,8,14
12203,54,2020-04-23,26,3,0,13
12204,54,2020-04-24,19,1,6,7
12205,54,2020-04-25,35,4,2,29
12206,54,2020-04-26,4,3,1,3
12207,54,2020-04-27,16,2,1,14
12208,54,2020-04-28,23,4,9,9
12209,54,2020-04-29,20,0,20,69
12210,54,2020-04-30,16,4,2,20
12211,54,2020-05-01,19,2,4,13
12212,54,2020-05-02,6,2,0,4
12213,54,2020-05-03,1,1,3,3
12214,54,2020-05-04,9,3,1,7
12215,54,2020-05-05,8,1,2,26
12216,54,2020-05-06,17,0,4,15
12217,54,2020-05-07,10,0,2,10
12218,54,2020-05-08,12,2,10,7
12219,54,2020-05-09,1,1,3,5
12220,54,2020-05-10,18,0,2,7
12221,54,2020-05-11,4,1,4,2
12222,54,2020-05-12,14,0,7,22
12223,54,2020-05-13,13,0,4,40
12224,54,2020-05-14,6,0,0,14
12225,54,2020-05-15,8,1,2,8
12226,54,2020-05-16,4,3,2,10
12227,54,2020-05-17,1,1,1,0
12228,54,2020-05-18,3,0,2,7
12229,54,2020-05-19,11,1,1,11
12230,54,2020-05-20,2,0,1,15
12231,54,2020-05-21,4,2,0,8
12232,54,2020-05-22,6,1,2,13
12233,54,2020-05-23,8,1,2,1
12234,54,2020-05-24,5,2,2,2
12235,54,2020-05-25,21,2,0,42
12236,54,2020-05-26,7,0,3,8
12237,54,2020-05-27,6,0,1,8
12238,54,2020-05-28,4,0,0,5
12239,54,2020-05-29,5,1,0,8
12240,54,2020-05-30,2,1,0,10
12241,54,2020-05-31,1,0,0,2
12242,54,2020-06-01,0,0,0,0
12243,54,2020-06-02,2,0,1,6
12244,54,2020-06-03,5,0,0,5
12245,54,2020-06-04,4,0,3,11
12246,54,2020-06-05,4,0,3,8
12247,54,2020-06-06,11,1,1,2
12248,54,2020-06-07,1,0,1,0
12249,54,2020-06-08,4,0,2,8
12250,54,2020-06-09,4,0,4,6
12251,54,2020-06-10,7,0,0,7
12252,54,2020-06-11,7,2,0,5
12253,54,2020-06-12,5,1,0,6
12254,54,2020-06-13,0,0,0,0
12255,54,2020-06-14,1,1,0,1
12256,54,2020-06-15,1,1,0,4
12257,54,2020-06-16,4,1,0,13
12258,54,2020-06-17,5,1,0,2
12259,54,2020-06-18,6,2,0,1
12260,54,2020-06-19,4,1,0,12
12261,54,2020-06-20,0,0,0,2
12262,54,2020-06-21,1,0,0,0
12263,54,2020-06-22,2,0,0,15
12264,54,2020-06-23,3,0,0,1
12265,54,2020-06-24,6,0,0,9
12266,54,2020-06-25,3,1,1,3
12267,54,2020-06-26,1,0,0,0
12268,54,2020-06-27,0,0,0,1
12269,54,2020-06-28,0,0,0,0
12270,54,2020-06-29,4,1,1,2
12271,54,2020-06-30,3,0,0,8
12272,54,2020-07-01,0,0,0,0
12273,54,2020-07-02,0,0,2,4
12274,54,2020-07-03,1,0,0,0
12275,54,2020-07-04,0,0,0,2
12276,54,2020-07-05,0,0,0,0
12277,54,2020-07-06,1,1,0,1
12278,54,2020-07-07,1,0,0,4
12279,54,2020-07-08,0,1,1,4
12280,54,2020-07-09,0,0,0,3
12281,54,2020-07-10,3,0,0,2
12282,54,2020-07-11,1,0,0,0
12283,54,2020-07-12,1,0,0,5
12284,54,2020-07-13,1,0,0,3
12285,54,2020-07-14,3,0,0,4
12286,54,2020-07-15,0,0,0,1
12287,54,2020-07-16,1,1,1,0
12288,54,2020-07-17,0,0,0,0
12289,54,2020-07-18,0,0,0,1
12290,54,2020-07-19,0,0,0,0
12291,54,2020-07-20,3,1,0,4
12292,54,2020-07-21,3,0,0,3
12293,54,2020-07-22,2,0,0,4
12294,54,2020-07-23,0,0,0,0
12295,54,2020-07-24,0,0,0,0
12296,54,2020-07-25,1,1,0,2
12297,54,2020-07-26,0,0,0,0
12298,54,2020-07-27,2,1,0,1
12299,54,2020-07-28,1,0,0,1
12300,54,2020-07-29,1,0,0,1
12301,54,2020-07-30,1,0,0,1
12302,54,2020-07-31,5,0,0,2
12303,54,2020-08-01,0,0,0,2
12304,54,2020-08-02,0,0,0,0
12305,54,2020-08-03,1,0,0,0
12306,54,2020-08-04,0,0,0,1
12307,54,2020-08-05,1,0,1,2
12308,54,2020-08-06,0,0,0,3
12309,54,2020-08-07,4,0,0,4
12310,54,2020-08-08,0,0,0,0
12311,54,2020-08-09,0,0,0,0
12312,54,2020-08-10,1,0,1,2
12313,54,2020-08-11,0,0,0,1
12314,54,2020-08-12,0,0,0,1
12315,54,2020-08-13,0,0,0,0
12316,54,2020-08-14,5,1,2,7
12317,54,2020-08-15,0,0,0,0
12318,54,2020-08-16,0,0,0,0
12319,54,2020-08-17,0,0,0,0
12320,54,2020-08-18,0,0,0,0
12321,54,2020-08-19,3,0,1,0
12322,54,2020-08-20,0,0,0,1
12323,54,2020-08-21,0,0,0,0
12324,54,2020-08-22,0,0,0,0
12325,54,2020-08-23,0,0,0,0
12326,54,2020-08-24,0,0,0,3
12327,54,2020-08-25,0,0,0,0
12328,54,2020-08-26,1,0,0,1
12329,54,2020-08-27,3,0,0,1
12330,54,2020-08-28,1,0,0,3
12331,54,2020-08-29,0,0,0,0
12332,54,2020-08-30,0,0,0,0
12333,54,2020-08-31,3,0,0,2
12334,54,2020-09-01,11,0,1,7
12335,54,2020-09-02,4,0,1,3
12336,54,2020-09-03,1,0,0,0
12337,54,2020-09-04,1,0,0,0
12338,54,2020-09-05,1,0,0,0
12339,54,2020-09-06,0,0,0,2
12340,54,2020-09-07,2,0,0,0
12341,54,2020-09-08,6,0,3,14
12342,54,2020-09-09,12,0,0,6
12343,54,2020-09-10,3,0,0,2
12344,54,2020-09-11,4,0,1,0
12345,54,2020-09-12,1,0,0,2
12346,54,2020-09-13,0,0,0,0
12347,54,2020-09-14,6,1,0,5
12348,54,2020-09-15,5,1,0,1
12349,54,2020-09-16,3,0,0,0
12350,54,2020-09-17,3,0,1,2
12351,54,2020-09-18,2,0,1,0
12352,54,2020-09-19,2,0,0,0
12353,54,2020-09-20,0,0,0,0
12354,54,2020-09-21,5,0,0,4
12355,54,2020-09-22,2,0,0,2
12356,54,2020-09-23,0,0,0,5
12357,54,2020-09-24,0,0,0,3
12358,54,2020-09-25,5,1,1,6
12359,54,2020-09-26,7,0,0,3
12360,54,2020-09-27,0,0,0,0
12361,54,2020-09-28,1,0,0,0
12362,54,2020-09-29,3,0,0,4
12363,54,2020-09-30,2,1,1,3
12364,54,2020-10-01,3,0,0,2
12365,54,2020-10-02,3,2,1,2
12366,54,2020-10-03,2,0,0,7
12367,54,2020-10-04,0,0,0,1
12368,54,2020-10-05,2,0,0,0
12369,54,2020-10-06,7,0,0,4
12370,54,2020-10-07,5,0,3,7
12371,54,2020-10-08,7,0,0,2
12372,54,2020-10-09,1,1,0,5
12373,54,2020-10-10,4,1,0,3
12374,54,2020-10-11,0,0,0,0
12375,54,2020-10-12,10,1,1,4
12376,54,2020-10-13,6,3,0,9
12377,54,2020-10-14,8,1,0,0
12378,54,2020-10-15,7,1,0,5
12379,54,2020-10-16,9,2,1,3
12380,54,2020-10-17,5,0,0,2
12381,54,2020-10-18,3,2,0,0
12382,54,2020-10-19,2,1,2,6
12383,54,2020-10-20,4,0,0,5
12384,54,2020-10-21,16,1,1,7
12385,54,2020-10-22,7,0,0,3
12386,54,2020-10-23,15,2,3,5
12387,54,2020-10-24,4,0,0,1
12388,54,2020-10-25,11,1,0,7
12389,54,2020-10-26,28,6,2,5
12390,54,2020-10-27,29,2,0,9
12391,54,2020-10-28,26,4,3,6
12392,54,2020-10-29,26,4,3,8
12393,54,2020-10-30,31,4,4,11
12394,54,2020-10-31,25,4,3,10
12395,54,2020-11-01,10,1,2,6
12396,54,2020-11-02,24,0,1,6
12397,54,2020-11-03,46,6,1,11
12398,54,2020-11-04,30,8,3,20
12399,54,2020-11-05,21,3,4,9
12400,54,2020-11-06,26,4,0,16
12401,54,2020-11-07,22,7,2,18
12402,55,2020-03-19,38,4,0,5
12403,55,2020-03-20,5,1,0,1
12404,55,2020-03-21,17,1,1,1
12405,55,2020-03-22,0,0,0,0
12406,55,2020-03-23,35,1,1,9
12407,55,2020-03-24,23,3,7,4
12408,55,2020-03-25,16,1,2,4
12409,55,2020-03-26,19,2,1,8
12410,55,2020-03-27,17,2,1,5
12411,55,2020-03-28,4,0,1,1
12412,55,2020-03-29,3,0,0,1
12413,55,2020-03-30,40,4,3,18
12414,55,2020-03-31,13,0,5,15
12415,55,2020-04-01,31,3,0,9
12416,55,2020-04-02,10,3,1,17
12417,55,2020-04-03,20,7,2,13
12418,55,2020-04-04,18,3,2,10
12419,55,2020-04-05,2,1,1,3
12420,55,2020-04-06,24,3,3,8
12421,55,2020-04-07,18,1,3,19
12422,55,2020-04-08,10,1,6,8
12423,55,2020-04-09,10,1,2,14
12424,55,2020-04-10,13,5,1,13
12425,55,2020-04-11,6,1,3,10
12426,55,2020-04-12,12,0,4,7
12427,55,2020-04-13,1,1,0,1
12428,55,2020-04-14,14,3,1,9
12429,55,2020-04-15,17,1,2,13
12430,55,2020-04-16,9,1,2,8
12431,55,2020-04-17,14,0,9,4
12432,55,2020-04-18,15,2,3,7
12433,55,2020-04-19,7,0,2,2
12434,55,2020-04-20,7,0,3,5
12435,55,2020-04-21,5,0,3,10
12436,55,2020-04-22,11,0,4,9
12437,55,2020-04-23,7,1,1,8
12438,55,2020-04-24,6,0,0,4
12439,55,2020-04-25,3,0,3,3
12440,55,2020-04-26,3,1,1,1
12441,55,2020-04-27,3,0,2,5
12442,55,2020-04-28,5,0,0,7
12443,55,2020-04-29,8,0,2,4
12444,55,2020-04-30,10,0,0,1
12445,55,2020-05-01,4,0,0,2
12446,55,2020-05-02,2,0,1,2
12447,55,2020-05-03,4,0,0,0
12448,55,2020-05-04,3,0,2,6
12449,55,2020-05-05,5,1,1,3
12450,55,2020-05-06,9,1,1,3
12451,55,2020-05-07,5,0,3,3
12452,55,2020-05-08,5,0,0,2
12453,55,2020-05-09,2,0,1,0
12454,55,2020-05-10,1,0,1,0
12455,55,2020-05-11,6,0,1,6
12456,55,2020-05-12,10,0,4,4
12457,55,2020-05-13,3,1,1,8
12458,55,2020-05-14,4,1,0,2
12459,55,2020-05-15,20,1,0,7
12460,55,2020-05-16,10,0,0,8
12461,55,2020-05-17,1,0,0,0
12462,55,2020-05-18,8,1,0,6
12463,55,2020-05-19,10,2,2,6
12464,55,2020-05-20,1,1,1,2
12465,55,2020-05-21,1,0,0,7
12466,55,2020-05-22,3,1,0,2
12467,55,2020-05-23,5,1,0,2
12468,55,2020-05-24,0,0,0,8
12469,55,2020-05-25,5,0,2,3
12470,55,2020-05-26,0,0,1,12
12471,55,2020-05-27,6,0,0,3
12472,55,2020-05-28,4,2,0,37
12473,55,2020-05-29,9,1,0,29
12474,55,2020-05-30,1,1,0,3
12475,55,2020-05-31,0,0,1,0
12476,55,2020-06-01,1,0,0,0
12477,55,2020-06-02,2,0,1,6
12478,55,2020-06-03,6,0,1,4
12479,55,2020-06-04,4,0,0,2
12480,55,2020-06-05,5,0,1,2
12481,55,2020-06-06,2,0,0,0
12482,55,2020-06-07,0,0,0,0
12483,55,2020-06-08,4,0,1,1
12484,55,2020-06-09,0,0,0,6
12485,55,2020-06-10,2,0,0,5
12486,55,2020-06-11,2,0,0,7
12487,55,2020-06-12,2,0,0,7
12488,55,2020-06-13,1,0,1,3
12489,55,2020-06-14,0,0,0,0
12490,55,2020-06-15,2,0,0,1
12491,55,2020-06-16,0,0,2,0
12492,55,2020-06-17,1,0,0,1
12493,55,2020-06-18,6,0,0,1
12494,55,2020-06-19,1,1,0,0
12495,55,2020-06-20,0,0,0,1
12496,55,2020-06-21,0,0,0,0
12497,55,2020-06-22,5,0,1,5
12498,55,2020-06-23,2,0,0,3
12499,55,2020-06-24,0,0,0,0
12500,55,2020-06-25,0,0,0,2
12501,55,2020-06-26,0,0,0,3
12502,55,2020-06-27,1,0,0,0
12503,55,2020-06-28,0,0,0,0
12504,55,2020-06-29,0,0,0,0
12505,55,2020-06-30,0,0,0,1
12506,55,2020-07-01,0,0,1,2
12507,55,2020-07-02,0,0,0,0
12508,55,2020-07-03,0,0,0,2
12509,55,2020-07-04,0,0,0,0
12510,55,2020-07-05,0,0,0,0
12511,55,2020-07-06,2,0,0,1
12512,55,2020-07-07,1,0,0,2
12513,55,2020-07-08,0,0,0,0
12514,55,2020-07-09,0,0,0,0
12515,55,2020-07-10,0,0,0,1
12516,55,2020-07-11,0,0,0,0
12517,55,2020-07-12,0,0,0,0
12518,55,2020-07-13,0,0,0,0
12519,55,2020-07-14,0,0,0,0
12520,55,2020-07-15,0,0,0,0
12521,55,2020-07-16,0,0,0,0
12522,55,2020-07-17,0,0,0,0
12523,55,2020-07-18,0,0,0,0
12524,55,2020-07-19,0,0,0,0
12525,55,2020-07-20,0,0,0,0
12526,55,2020-07-21,0,0,0,1
12527,55,2020-07-22,0,0,0,0
12528,55,2020-07-23,0,0,0,0
12529,55,2020-07-24,0,0,0,0
12530,55,2020-07-25,0,0,0,0
12531,55,2020-07-26,0,0,0,0
12532,55,2020-07-27,0,0,0,0
12533,55,2020-07-28,0,0,0,0
12534,55,2020-07-29,1,0,0,1
12535,55,2020-07-30,1,0,0,0
12536,55,2020-07-31,0,0,0,0
12537,55,2020-08-01,0,0,0,0
12538,55,2020-08-02,0,0,0,0
12539,55,2020-08-03,0,0,0,0
12540,55,2020-08-04,0,0,0,0
12541,55,2020-08-05,0,0,0,1
12542,55,2020-08-06,0,0,0,0
12543,55,2020-08-07,0,0,0,1
12544,55,2020-08-08,0,0,0,0
12545,55,2020-08-09,0,0,0,0
12546,55,2020-08-10,0,0,0,0
12547,55,2020-08-11,0,0,0,0
12548,55,2020-08-12,0,0,0,0
12549,55,2020-08-13,0,0,0,0
12550,55,2020-08-14,1,0,0,0
12551,55,2020-08-15,0,0,0,0
12552,55,2020-08-16,0,0,0,0
12553,55,2020-08-17,0,0,0,0
12554,55,2020-08-18,0,0,0,0
12555,55,2020-08-19,0,0,0,0
12556,55,2020-08-20,0,0,0,0
12557,55,2020-08-21,0,0,0,0
12558,55,2020-08-22,0,0,0,0
12559,55,2020-08-23,0,0,0,0
12560,55,2020-08-24,0,0,0,1
12561,55,2020-08-25,0,0,0,0
12562,55,2020-08-26,0,0,0,0
12563,55,2020-08-27,0,0,0,0
12564,55,2020-08-28,0,0,0,0
12565,55,2020-08-29,0,0,0,0
12566,55,2020-08-30,0,0,0,0
12567,55,2020-08-31,0,0,0,0
12568,55,2020-09-01,1,0,0,0
12569,55,2020-09-02,0,0,0,0
12570,55,2020-09-03,0,0,0,0
12571,55,2020-09-04,0,0,0,0
12572,55,2020-09-05,0,0,0,0
12573,55,2020-09-06,0,0,0,0
12574,55,2020-09-07,0,0,0,0
12575,55,2020-09-08,0,0,0,0
12576,55,2020-09-09,0,0,0,0
12577,55,2020-09-10,0,0,0,0
12578,55,2020-09-11,0,0,0,1
12579,55,2020-09-12,0,0,0,0
12580,55,2020-09-13,0,0,0,0
12581,55,2020-09-14,3,0,0,0
12582,55,2020-09-15,0,0,0,0
12583,55,2020-09-16,0,0,0,0
12584,55,2020-09-17,0,0,0,0
12585,55,2020-09-18,1,0,0,1
12586,55,2020-09-19,0,0,0,0
12587,55,2020-09-20,0,0,0,0
12588,55,2020-09-21,1,0,0,0
12589,55,2020-09-22,0,0,0,0
12590,55,2020-09-23,0,0,0,0
12591,55,2020-09-24,3,0,0,0
12592,55,2020-09-25,0,0,0,0
12593,55,2020-09-26,0,0,0,1
12594,55,2020-09-27,0,0,0,0
12595,55,2020-09-28,2,0,0,0
12596,55,2020-09-29,3,0,2,1
12597,55,2020-09-30,0,0,0,0
12598,55,2020-10-01,1,0,0,0
12599,55,2020-10-02,1,1,0,0
12600,55,2020-10-03,0,0,0,0
12601,55,2020-10-04,8,0,0,5
12602,55,2020-10-05,0,0,0,0
12603,55,2020-10-06,0,0,0,0
12604,55,2020-10-07,3,0,0,2
12605,55,2020-10-08,0,0,0,0
12606,55,2020-10-09,1,0,0,0
12607,55,2020-10-10,0,0,0,0
12608,55,2020-10-11,0,0,0,0
12609,55,2020-10-12,6,1,1,2
12610,55,2020-10-13,3,0,0,1
12611,55,2020-10-14,0,0,0,0
12612,55,2020-10-15,4,0,0,3
12613,55,2020-10-16,1,0,0,3
12614,55,2020-10-17,1,0,0,1
12615,55,2020-10-18,1,0,0,3
12616,55,2020-10-19,2,0,0,0
12617,55,2020-10-20,5,1,0,2
12618,55,2020-10-21,4,0,0,1
12619,55,2020-10-22,2,0,1,5
12620,55,2020-10-23,3,0,1,5
12621,55,2020-10-24,1,0,0,0
12622,55,2020-10-25,2,0,0,2
12623,55,2020-10-26,2,0,2,0
12624,55,2020-10-27,8,1,0,4
12625,55,2020-10-28,3,0,0,1
12626,55,2020-10-29,5,2,1,2
12627,55,2020-10-30,7,2,0,1
12628,55,2020-10-31,8,1,1,0
12629,55,2020-11-01,5,0,0,1
12630,55,2020-11-02,3,1,2,0
12631,55,2020-11-03,6,0,2,3
12632,55,2020-11-04,3,1,1,2
12633,55,2020-11-05,3,1,1,4
12634,55,2020-11-06,1,0,2,5
12635,55,2020-11-07,5,1,0,4
12636,56,2020-03-19,12,1,3,2
12637,56,2020-03-20,6,0,0,2
12638,56,2020-03-21,24,4,3,1
12639,56,2020-03-22,11,5,1,4
12640,56,2020-03-23,5,0,4,4
12641,56,2020-03-24,9,1,0,8
12642,56,2020-03-25,14,0,3,9
12643,56,2020-03-26,27,5,1,5
12644,56,2020-03-27,13,3,4,10
12645,56,2020-03-28,12,6,0,7
12646,56,2020-03-29,14,1,3,5
12647,56,2020-03-30,15,3,1,3
12648,56,2020-03-31,13,3,1,4
12649,56,2020-04-01,26,4,2,5
12650,56,2020-04-02,18,2,3,9
12651,56,2020-04-03,13,5,2,4
12652,56,2020-04-04,7,2,3,13
12653,56,2020-04-05,8,1,5,3
12654,56,2020-04-06,10,1,3,6
12655,56,2020-04-07,9,1,4,9
12656,56,2020-04-08,35,2,3,22
12657,56,2020-04-09,6,0,0,13
12658,56,2020-04-10,7,2,2,13
12659,56,2020-04-11,14,4,3,18
12660,56,2020-04-12,7,2,1,4
12661,56,2020-04-13,2,2,0,3
12662,56,2020-04-14,8,2,5,7
12663,56,2020-04-15,3,0,4,9
12664,56,2020-04-16,5,0,3,6
12665,56,2020-04-17,6,0,0,4
12666,56,2020-04-18,11,1,1,11
12667,56,2020-04-19,2,0,1,0
12668,56,2020-04-20,5,0,1,2
12669,56,2020-04-21,9,1,1,7
12670,56,2020-04-22,8,1,0,6
12671,56,2020-04-23,11,0,0,4
12672,56,2020-04-24,14,0,0,7
12673,56,2020-04-25,1,0,1,6
12674,56,2020-04-26,1,1,0,2
12675,56,2020-04-27,2,1,0,1
12676,56,2020-04-28,14,1,1,8
12677,56,2020-04-29,4,2,1,4
12678,56,2020-04-30,7,0,2,10
12679,56,2020-05-01,2,0,0,3
12680,56,2020-05-02,3,1,1,4
12681,56,2020-05-03,3,0,1,3
12682,56,2020-05-04,2,2,1,3
12683,56,2020-05-05,2,0,0,3
12684,56,2020-05-06,3,1,0,7
12685,56,2020-05-07,1,2,0,2
12686,56,2020-05-08,2,0,0,4
12687,56,2020-05-09,1,1,0,5
12688,56,2020-05-10,1,1,0,1
12689,56,2020-05-11,1,1,1,1
12690,56,2020-05-12,4,0,0,4
12691,56,2020-05-13,0,1,0,13
12692,56,2020-05-14,0,0,0,3
12693,56,2020-05-15,0,0,0,3
12694,56,2020-05-16,2,1,0,2
12695,56,2020-05-17,0,0,0,2
12696,56,2020-05-18,1,1,3,8
12697,56,2020-05-19,0,0,0,11
12698,56,2020-05-20,4,1,0,4
12699,56,2020-05-21,1,0,0,1
12700,56,2020-05-22,0,0,0,0
12701,56,2020-05-23,0,0,0,1
12702,56,2020-05-24,0,0,0,0
12703,56,2020-05-25,3,0,1,1
12704,56,2020-05-26,0,0,1,3
12705,56,2020-05-27,1,0,0,3
12706,56,2020-05-28,2,1,1,1
12707,56,2020-05-29,2,0,0,2
12708,56,2020-05-30,4,0,0,2
12709,56,2020-05-31,1,0,0,0
12710,56,2020-06-01,0,0,0,0
12711,56,2020-06-02,1,1,0,6
12712,56,2020-06-03,2,0,0,3
12713,56,2020-06-04,1,0,0,3
12714,56,2020-06-05,0,0,0,2
12715,56,2020-06-06,0,0,0,0
12716,56,2020-06-07,1,0,0,0
12717,56,2020-06-08,0,0,0,0
12718,56,2020-06-09,0,0,0,2
12719,56,2020-06-10,0,0,0,1
12720,56,2020-06-11,0,0,0,1
12721,56,2020-06-12,0,0,1,2
12722,56,2020-06-13,1,0,0,8
12723,56,2020-06-14,0,0,0,0
12724,56,2020-06-15,0,0,0,0
12725,56,2020-06-16,0,0,0,1
12726,56,2020-06-17,0,0,0,0
12727,56,2020-06-18,0,0,0,2
12728,56,2020-06-19,1,0,0,2
12729,56,2020-06-20,0,0,0,3
12730,56,2020-06-21,0,0,0,0
12731,56,2020-06-22,0,0,0,0
12732,56,2020-06-23,1,0,1,0
12733,56,2020-06-24,0,0,0,0
12734,56,2020-06-25,0,0,0,0
12735,56,2020-06-26,0,0,1,0
12736,56,2020-06-27,0,0,0,0
12737,56,2020-06-28,0,0,0,0
12738,56,2020-06-29,3,0,0,2
12739,56,2020-06-30,0,0,0,1
12740,56,2020-07-01,1,0,0,1
12741,56,2020-07-02,0,0,1,0
12742,56,2020-07-03,0,0,0,1
12743,56,2020-07-04,0,0,0,0
12744,56,2020-07-05,0,0,0,0
12745,56,2020-07-06,0,0,0,3
12746,56,2020-07-07,0,0,0,0
12747,56,2020-07-08,0,0,0,0
12748,56,2020-07-09,0,0,0,0
12749,56,2020-07-10,0,0,0,0
12750,56,2020-07-11,0,0,0,0
12751,56,2020-07-12,0,0,0,0
12752,56,2020-07-13,0,0,0,0
12753,56,2020-07-14,0,0,0,0
12754,56,2020-07-15,1,0,0,0
12755,56,2020-07-16,0,0,0,0
12756,56,2020-07-17,1,1,1,0
12757,56,2020-07-18,0,0,0,0
12758,56,2020-07-19,0,0,0,0
12759,56,2020-07-20,0,0,0,0
12760,56,2020-07-21,0,0,0,1
12761,56,2020-07-22,0,0,0,0
12762,56,2020-07-23,0,0,0,1
12763,56,2020-07-24,0,0,0,1
12764,56,2020-07-25,0,0,0,0
12765,56,2020-07-26,0,0,0,0
12766,56,2020-07-27,1,0,1,0
12767,56,2020-07-28,1,0,1,1
12768,56,2020-07-29,0,0,0,0
12769,56,2020-07-30,0,0,0,0
12770,56,2020-07-31,0,0,0,1
12771,56,2020-08-01,0,0,0,0
12772,56,2020-08-02,0,0,0,0
12773,56,2020-08-03,1,1,0,0
12774,56,2020-08-04,4,0,0,1
12775,56,2020-08-05,1,0,0,0
12776,56,2020-08-06,0,0,0,0
12777,56,2020-08-07,1,0,0,2
12778,56,2020-08-08,0,0,0,0
12779,56,2020-08-09,0,0,0,0
12780,56,2020-08-10,0,0,0,1
12781,56,2020-08-11,0,0,0,0
12782,56,2020-08-12,0,0,0,0
12783,56,2020-08-13,0,0,0,1
12784,56,2020-08-14,0,0,0,0
12785,56,2020-08-15,0,0,0,0
12786,56,2020-08-16,0,0,0,0
12787,56,2020-08-17,0,0,0,1
12788,56,2020-08-18,1,0,0,0
12789,56,2020-08-19,1,0,0,0
12790,56,2020-08-20,2,0,0,3
12791,56,2020-08-21,1,0,0,0
12792,56,2020-08-22,0,0,0,0
12793,56,2020-08-23,0,0,0,0
12794,56,2020-08-24,0,0,0,0
12795,56,2020-08-25,0,0,0,1
12796,56,2020-08-26,2,0,0,1
12797,56,2020-08-27,1,0,0,0
12798,56,2020-08-28,0,0,0,0
12799,56,2020-08-29,0,0,0,3
12800,56,2020-08-30,0,0,0,0
12801,56,2020-08-31,0,0,0,1
12802,56,2020-09-01,0,0,0,0
12803,56,2020-09-02,0,0,0,1
12804,56,2020-09-03,0,1,0,0
12805,56,2020-09-04,1,0,0,2
12806,56,2020-09-05,0,0,0,0
12807,56,2020-09-06,1,0,0,0
12808,56,2020-09-07,0,0,0,0
12809,56,2020-09-08,0,0,0,0
12810,56,2020-09-09,0,0,0,1
12811,56,2020-09-10,7,1,0,1
12812,56,2020-09-11,10,0,0,0
12813,56,2020-09-12,0,0,0,0
12814,56,2020-09-13,4,0,0,0
12815,56,2020-09-14,3,0,0,0
12816,56,2020-09-15,6,1,1,3
12817,56,2020-09-16,1,0,0,0
12818,56,2020-09-17,1,0,0,0
12819,56,2020-09-18,5,0,0,1
12820,56,2020-09-19,11,0,0,1
12821,56,2020-09-20,1,0,0,0
12822,56,2020-09-21,2,0,0,1
12823,56,2020-09-22,1,0,0,0
12824,56,2020-09-23,10,1,0,0
12825,56,2020-09-24,1,0,0,0
12826,56,2020-09-25,2,0,1,0
12827,56,2020-09-26,2,0,0,2
12828,56,2020-09-27,1,0,0,0
12829,56,2020-09-28,0,0,0,1
12830,56,2020-09-29,5,0,0,3
12831,56,2020-09-30,2,2,0,0
12832,56,2020-10-01,5,0,2,3
12833,56,2020-10-02,0,0,1,2
12834,56,2020-10-03,2,1,0,2
12835,56,2020-10-04,1,0,1,1
12836,56,2020-10-05,5,1,0,0
12837,56,2020-10-06,4,1,0,2
12838,56,2020-10-07,2,0,0,0
12839,56,2020-10-08,4,0,0,4
12840,56,2020-10-09,3,0,0,1
12841,56,2020-10-10,1,0,0,1
12842,56,2020-10-11,3,1,0,1
12843,56,2020-10-12,5,0,0,0
12844,56,2020-10-13,4,1,0,21
12845,56,2020-10-14,3,2,0,1
12846,56,2020-10-15,2,0,0,3
12847,56,2020-10-16,3,1,1,7
12848,56,2020-10-17,1,1,1,6
12849,56,2020-10-18,0,0,0,0
12850,56,2020-10-19,7,1,0,0
12851,56,2020-10-20,4,1,1,4
12852,56,2020-10-21,7,0,0,7
12853,56,2020-10-22,10,1,0,4
12854,56,2020-10-23,16,1,0,6
12855,56,2020-10-24,19,1,2,12
12856,56,2020-10-25,6,2,1,1
12857,56,2020-10-26,13,2,5,3
12858,56,2020-10-27,21,3,1,7
12859,56,2020-10-28,14,1,0,2
12860,56,2020-10-29,8,1,1,2
12861,56,2020-10-30,19,2,1,12
12862,56,2020-10-31,14,3,0,7
12863,56,2020-11-01,6,1,3,3
12864,56,2020-11-02,5,2,2,0
12865,56,2020-11-03,12,3,3,8
12866,56,2020-11-04,12,3,2,5
12867,56,2020-11-05,16,2,3,7
12868,56,2020-11-06,17,2,2,7
12869,56,2020-11-07,23,1,1,14
12870,57,2020-03-19,36,15,4,5
12871,57,2020-03-20,76,14,3,8
12872,57,2020-03-21,68,11,3,15
12873,57,2020-03-22,65,8,11,12
12874,57,2020-03-23,69,13,17,8
12875,57,2020-03-24,173,27,12,24
12876,57,2020-03-25,92,20,14,34
12877,57,2020-03-26,125,12,20,30
12878,57,2020-03-27,106,16,24,28
12879,57,2020-03-28,124,27,30,32
12880,57,2020-03-29,87,23,11,11
12881,57,2020-03-30,117,25,19,21
12882,57,2020-03-31,120,23,11,24
12883,57,2020-04-01,147,17,19,47
12884,57,2020-04-02,110,20,30,57
12885,57,2020-04-03,127,15,42,70
12886,57,2020-04-04,83,15,30,42
12887,57,2020-04-05,66,12,25,44
12888,57,2020-04-06,75,20,21,51
12889,57,2020-04-07,115,12,31,63
12890,57,2020-04-08,75,8,29,64
12891,57,2020-04-09,89,8,16,52
12892,57,2020-04-10,116,1,24,58
12893,57,2020-04-11,34,7,15,26
12894,57,2020-04-12,53,5,13,29
12895,57,2020-04-13,27,10,17,15
12896,57,2020-04-14,63,6,16,23
12897,57,2020-04-15,95,8,18,72
12898,57,2020-04-16,71,5,11,61
12899,57,2020-04-17,50,8,8,54
12900,57,2020-04-18,41,8,12,59
12901,57,2020-04-19,13,3,9,19
12902,57,2020-04-20,36,2,10,22
12903,57,2020-04-21,31,4,7,45
12904,57,2020-04-22,58,6,11,44
12905,57,2020-04-23,56,7,8,59
12906,57,2020-04-24,38,4,9,53
12907,57,2020-04-25,30,2,13,63
12908,57,2020-04-26,17,4,3,20
12909,57,2020-04-27,29,1,9,26
12910,57,2020-04-28,27,7,9,43
12911,57,2020-04-29,35,1,8,63
12912,57,2020-04-30,24,5,8,69
12913,57,2020-05-01,20,2,13,39
12914,57,2020-05-02,33,3,5,26
12915,57,2020-05-03,18,4,3,7
12916,57,2020-05-04,18,3,6,30
12917,57,2020-05-05,24,5,9,42
12918,57,2020-05-06,23,2,6,47
12919,57,2020-05-07,27,3,4,26
12920,57,2020-05-08,27,5,11,28
12921,57,2020-05-09,5,1,0,11
12922,57,2020-05-10,4,1,1,8
12923,57,2020-05-11,11,1,3,3
12924,57,2020-05-12,28,4,8,33
12925,57,2020-05-13,30,4,10,18
12926,57,2020-05-14,22,0,7,36
12927,57,2020-05-15,12,3,16,24
12928,57,2020-05-16,5,0,5,15
12929,57,2020-05-17,4,1,7,6
12930,57,2020-05-18,5,0,8,2
12931,57,2020-05-19,15,2,7,24
12932,57,2020-05-20,13,4,7,38
12933,57,2020-05-21,7,6,1,15
12934,57,2020-05-22,3,0,4,4
12935,57,2020-05-23,13,2,0,3
12936,57,2020-05-24,6,1,0,8
12937,57,2020-05-25,8,2,0,6
12938,57,2020-05-26,3,2,3,9
12939,57,2020-05-27,3,1,1,11
12940,57,2020-05-28,5,0,1,10
12941,57,2020-05-29,3,2,2,7
12942,57,2020-05-30,5,2,3,27
12943,57,2020-05-31,5,1,1,1
12944,57,2020-06-01,5,3,2,15
12945,57,2020-06-02,13,1,4,14
12946,57,2020-06-03,20,5,3,22
12947,57,2020-06-04,6,1,3,22
12948,57,2020-06-05,10,1,2,11
12949,57,2020-06-06,1,0,1,19
12950,57,2020-06-07,2,0,0,3
12951,57,2020-06-08,2,0,4,2
12952,57,2020-06-09,1,0,1,8
12953,57,2020-06-10,3,2,4,12
12954,57,2020-06-11,0,0,1,2
12955,57,2020-06-12,2,0,1,27
12956,57,2020-06-13,6,3,0,7
12957,57,2020-06-14,3,2,0,0
12958,57,2020-06-15,0,0,2,1
12959,57,2020-06-16,2,1,1,4
12960,57,2020-06-17,6,0,2,11
12961,57,2020-06-18,0,0,1,7
12962,57,2020-06-19,10,0,1,15
12963,57,2020-06-20,0,0,0,1
12964,57,2020-06-21,0,0,0,0
12965,57,2020-06-22,1,0,0,0
12966,57,2020-06-23,0,0,1,1
12967,57,2020-06-24,0,0,0,1
12968,57,2020-06-25,0,0,0,5
12969,57,2020-06-26,0,0,2,1
12970,57,2020-06-27,0,0,0,1
12971,57,2020-06-28,0,0,0,0
12972,57,2020-06-29,1,0,0,3
12973,57,2020-06-30,1,0,2,12
12974,57,2020-07-01,0,0,0,1
12975,57,2020-07-02,0,1,0,2
12976,57,2020-07-03,38,0,0,43
12977,57,2020-07-04,0,0,2,11
12978,57,2020-07-05,0,0,0,0
12979,57,2020-07-06,0,0,0,0
12980,57,2020-07-07,0,0,0,1
12981,57,2020-07-08,0,0,0,2
12982,57,2020-07-09,0,0,1,12
12983,57,2020-07-10,0,0,0,0
12984,57,2020-07-11,0,0,0,0
12985,57,2020-07-12,0,0,0,0
12986,57,2020-07-13,0,0,0,0
12987,57,2020-07-14,0,0,0,0
12988,57,2020-07-15,0,0,0,5
12989,57,2020-07-16,0,0,0,1
12990,57,2020-07-17,3,0,3,11
12991,57,2020-07-18,0,0,0,0
12992,57,2020-07-19,1,0,0,10
12993,57,2020-07-20,3,0,1,0
12994,57,2020-07-21,0,0,1,8
12995,57,2020-07-22,0,0,1,5
12996,57,2020-07-23,1,0,0,2
12997,57,2020-07-24,1,1,0,19
12998,57,2020-07-25,1,0,0,16
12999,57,2020-07-26,0,0,0,0
13000,57,2020-07-27,0,0,0,1
13001,57,2020-07-28,2,0,0,0
13002,57,2020-07-29,2,0,0,0
13003,57,2020-07-30,1,0,0,1
13004,57,2020-07-31,0,0,1,2
13005,57,2020-08-01,1,0,4,37
13006,57,2020-08-02,0,0,0,0
13007,57,2020-08-03,0,0,0,2
13008,57,2020-08-04,0,0,0,0
13009,57,2020-08-05,6,0,0,0
13010,57,2020-08-06,3,0,1,6
13011,57,2020-08-07,1,0,0,1
13012,57,2020-08-08,0,0,0,4
13013,57,2020-08-09,0,0,0,0
13014,57,2020-08-10,1,0,0,1
13015,57,2020-08-11,2,0,2,2
13016,57,2020-08-12,2,0,1,9
13017,57,2020-08-13,3,0,3,0
13018,57,2020-08-14,0,0,0,0
13019,57,2020-08-15,0,0,0,0
13020,57,2020-08-16,0,0,0,0
13021,57,2020-08-17,1,0,0,1
13022,57,2020-08-18,2,0,0,1
13023,57,2020-08-19,0,0,0,3
13024,57,2020-08-20,0,0,0,0
13025,57,2020-08-21,1,0,0,0
13026,57,2020-08-22,0,0,2,9
13027,57,2020-08-23,0,0,0,0
13028,57,2020-08-24,1,0,0,3
13029,57,2020-08-25,1,0,3,1
13030,57,2020-08-26,1,0,0,3
13031,57,2020-08-27,0,0,2,0
13032,57,2020-08-28,0,0,0,2
13033,57,2020-08-29,2,0,0,0
13034,57,2020-08-30,0,0,0,0
13035,57,2020-08-31,1,0,0,2
13036,57,2020-09-01,4,1,0,4
13037,57,2020-09-02,0,0,1,0
13038,57,2020-09-03,1,0,0,2
13039,57,2020-09-04,6,0,0,9
13040,57,2020-09-05,0,0,0,0
13041,57,2020-09-06,0,0,0,0
13042,57,2020-09-07,3,0,2,3
13043,57,2020-09-08,0,0,0,1
13044,57,2020-09-09,18,0,4,16
13045,57,2020-09-10,3,0,0,5
13046,57,2020-09-11,2,0,5,17
13047,57,2020-09-12,1,0,0,7
13048,57,2020-09-13,0,0,0,0
13049,57,2020-09-14,2,0,0,0
13050,57,2020-09-15,6,0,0,2
13051,57,2020-09-16,2,0,0,1
13052,57,2020-09-17,2,0,0,4
13053,57,2020-09-18,8,0,1,2
13054,57,2020-09-19,0,0,0,0
13055,57,2020-09-20,0,0,0,0
13056,57,2020-09-21,4,0,0,1
13057,57,2020-09-22,1,1,0,0
13058,57,2020-09-23,3,0,0,2
13059,57,2020-09-24,2,1,1,12
13060,57,2020-09-25,2,1,0,1
13061,57,2020-09-26,0,0,0,8
13062,57,2020-09-27,0,0,0,0
13063,57,2020-09-28,2,0,0,5
13064,57,2020-09-29,1,0,0,2
13065,57,2020-09-30,0,0,0,3
13066,57,2020-10-01,26,7,1,3
13067,57,2020-10-02,6,3,0,9
13068,57,2020-10-03,1,0,0,3
13069,57,2020-10-04,2,0,0,0
13070,57,2020-10-05,3,1,0,1
13071,57,2020-10-06,6,1,0,12
13072,57,2020-10-07,2,0,1,8
13073,57,2020-10-08,4,0,0,3
13074,57,2020-10-09,9,1,1,8
13075,57,2020-10-10,11,1,0,2
13076,57,2020-10-11,3,1,1,0
13077,57,2020-10-12,5,0,0,2
13078,57,2020-10-13,4,1,0,3
13079,57,2020-10-14,3,1,5,2
13080,57,2020-10-15,8,0,1,7
13081,57,2020-10-16,4,2,0,4
13082,57,2020-10-17,4,0,0,3
13083,57,2020-10-18,4,0,0,0
13084,57,2020-10-19,16,1,0,3
13085,57,2020-10-20,32,3,1,7
13086,57,2020-10-21,14,1,2,5
13087,57,2020-10-22,18,0,0,11
13088,57,2020-10-23,24,9,5,8
13089,57,2020-10-24,37,2,3,4
13090,57,2020-10-25,9,1,1,0
13091,57,2020-10-26,23,4,7,10
13092,57,2020-10-27,18,2,1,10
13093,57,2020-10-28,26,2,1,13
13094,57,2020-10-29,37,7,3,11
13095,57,2020-10-30,27,2,2,19
13096,57,2020-10-31,14,2,1,6
13097,57,2020-11-01,21,1,3,14
13098,57,2020-11-02,23,9,11,18
13099,57,2020-11-03,32,5,4,18
13100,57,2020-11-04,41,4,2,28
13101,57,2020-11-05,37,12,3,19
13102,57,2020-11-06,42,7,5,24
13103,57,2020-11-07,39,3,2,11
13104,58,2020-03-19,1,1,0,0
13105,58,2020-03-20,0,0,0,0
13106,58,2020-03-21,0,0,0,0
13107,58,2020-03-22,1,1,0,0
13108,58,2020-03-23,1,0,0,0
13109,58,2020-03-24,0,0,0,0
13110,58,2020-03-25,0,0,0,0
13111,58,2020-03-26,1,0,0,0
13112,58,2020-03-27,2,1,0,0
13113,58,2020-03-28,2,1,0,1
13114,58,2020-03-29,0,0,0,0
13115,58,2020-03-30,2,0,0,0
13116,58,2020-03-31,2,1,2,0
13117,58,2020-04-01,1,1,1,0
13118,58,2020-04-02,6,0,1,1
13119,58,2020-04-03,7,0,1,0
13120,58,2020-04-04,8,0,0,4
13121,58,2020-04-05,8,3,0,1
13122,58,2020-04-06,4,0,1,0
13123,58,2020-04-07,1,0,1,2
13124,58,2020-04-08,5,1,0,3
13125,58,2020-04-09,1,0,0,0
13126,58,2020-04-10,13,2,0,2
13127,58,2020-04-11,7,0,0,2
13128,58,2020-04-12,3,1,0,1
13129,58,2020-04-13,5,2,1,0
13130,58,2020-04-14,2,0,4,1
13131,58,2020-04-15,2,1,0,4
13132,58,2020-04-16,10,1,0,1
13133,58,2020-04-17,4,0,0,4
13134,58,2020-04-18,3,2,2,2
13135,58,2020-04-19,1,1,1,0
13136,58,2020-04-20,2,0,3,0
13137,58,2020-04-21,2,2,1,1
13138,58,2020-04-22,2,0,2,2
13139,58,2020-04-23,3,0,0,7
13140,58,2020-04-24,3,1,0,3
13141,58,2020-04-25,3,0,1,2
13142,58,2020-04-26,0,0,0,0
13143,58,2020-04-27,0,0,0,1
13144,58,2020-04-28,1,1,0,2
13145,58,2020-04-29,3,0,0,2
13146,58,2020-04-30,1,0,0,0
13147,58,2020-05-01,0,0,0,1
13148,58,2020-05-02,0,0,1,0
13149,58,2020-05-03,0,0,0,0
13150,58,2020-05-04,0,0,0,0
13151,58,2020-05-05,0,0,0,1
13152,58,2020-05-06,0,0,1,1
13153,58,2020-05-07,0,0,0,4
13154,58,2020-05-08,0,0,0,1
13155,58,2020-05-09,0,0,0,0
13156,58,2020-05-10,0,0,1,0
13157,58,2020-05-11,2,2,0,1
13158,58,2020-05-12,2,1,0,0
13159,58,2020-05-13,0,0,0,2
13160,58,2020-05-14,0,0,0,1
13161,58,2020-05-15,1,1,0,0
13162,58,2020-05-16,0,0,0,1
13163,58,2020-05-17,0,0,0,0
13164,58,2020-05-18,0,0,0,0
13165,58,2020-05-19,0,0,0,0
13166,58,2020-05-20,1,0,0,10
13167,58,2020-05-21,1,0,0,4
13168,58,2020-05-22,0,0,0,0
13169,58,2020-05-23,0,0,0,0
13170,58,2020-05-24,0,0,1,0
13171,58,2020-05-25,0,0,0,0
13172,58,2020-05-26,1,0,0,1
13173,58,2020-05-27,0,0,1,1
13174,58,2020-05-28,0,0,0,2
13175,58,2020-05-29,0,0,0,8
13176,58,2020-05-30,4,0,0,1
13177,58,2020-05-31,0,0,0,0
13178,58,2020-06-01,0,0,0,0
13179,58,2020-06-02,0,0,0,0
13180,58,2020-06-03,1,0,0,0
13181,58,2020-06-04,0,0,0,0
13182,58,2020-06-05,0,0,0,0
13183,58,2020-06-06,0,0,0,0
13184,58,2020-06-07,0,0,0,0
13185,58,2020-06-08,0,0,0,0
13186,58,2020-06-09,0,0,0,1
13187,58,2020-06-10,0,0,0,0
13188,58,2020-06-11,0,0,0,0
13189,58,2020-06-12,0,0,0,0
13190,58,2020-06-13,0,0,0,0
13191,58,2020-06-14,0,0,0,0
13192,58,2020-06-15,0,0,0,0
13193,58,2020-06-16,0,0,0,0
13194,58,2020-06-17,0,0,0,0
13195,58,2020-06-18,0,0,0,0
13196,58,2020-06-19,0,0,0,0
13197,58,2020-06-20,0,0,0,0
13198,58,2020-06-21,0,0,0,0
13199,58,2020-06-22,1,0,0,0
13200,58,2020-06-23,0,0,0,0
13201,58,2020-06-24,0,0,0,3
13202,58,2020-06-25,0,0,0,0
13203,58,2020-06-26,0,0,0,1
13204,58,2020-06-27,0,0,0,0
13205,58,2020-06-28,0,0,0,0
13206,58,2020-06-29,0,0,0,0
13207,58,2020-06-30,0,0,0,0
13208,58,2020-07-01,0,0,0,1
13209,58,2020-07-02,0,0,0,0
13210,58,2020-07-03,0,0,0,0
13211,58,2020-07-04,0,0,0,0
13212,58,2020-07-05,0,0,0,0
13213,58,2020-07-06,0,0,0,0
13214,58,2020-07-07,0,0,0,0
13215,58,2020-07-08,0,0,0,1
13216,58,2020-07-09,0,0,0,0
13217,58,2020-07-10,0,0,0,0
13218,58,2020-07-11,0,0,0,0
13219,58,2020-07-12,0,0,0,0
13220,58,2020-07-13,0,0,0,0
13221,58,2020-07-14,0,0,0,0
13222,58,2020-07-15,1,0,0,0
13223,58,2020-07-16,1,0,0,0
13224,58,2020-07-17,0,0,1,0
13225,58,2020-07-18,0,0,0,1
13226,58,2020-07-19,0,0,0,0
13227,58,2020-07-20,0,0,0,1
13228,58,2020-07-21,0,0,0,4
13229,58,2020-07-22,0,0,0,0
13230,58,2020-07-23,0,0,0,0
13231,58,2020-07-24,0,0,0,2
13232,58,2020-07-25,0,0,0,0
13233,58,2020-07-26,0,0,0,0
13234,58,2020-07-27,0,0,0,0
13235,58,2020-07-28,0,0,0,0
13236,58,2020-07-29,0,0,0,0
13237,58,2020-07-30,0,0,0,0
13238,58,2020-07-31,0,0,0,0
13239,58,2020-08-01,0,0,0,0
13240,58,2020-08-02,0,0,0,0
13241,58,2020-08-03,0,0,0,0
13242,58,2020-08-04,0,0,0,0
13243,58,2020-08-05,0,0,0,0
13244,58,2020-08-06,0,0,0,0
13245,58,2020-08-07,0,0,0,0
13246,58,2020-08-08,0,0,0,0
13247,58,2020-08-09,0,0,0,0
13248,58,2020-08-10,0,0,0,0
13249,58,2020-08-11,0,0,0,0
13250,58,2020-08-12,0,0,0,0
13251,58,2020-08-13,0,0,0,0
13252,58,2020-08-14,0,0,0,0
13253,58,2020-08-15,0,0,0,0
13254,58,2020-08-16,0,0,0,0
13255,58,2020-08-17,0,0,0,0
13256,58,2020-08-18,0,0,0,0
13257,58,2020-08-19,0,0,0,0
13258,58,2020-08-20,0,0,0,0
13259,58,2020-08-21,0,0,0,0
13260,58,2020-08-22,0,0,0,0
13261,58,2020-08-23,0,0,0,0
13262,58,2020-08-24,0,0,0,0
13263,58,2020-08-25,1,0,0,0
13264,58,2020-08-26,0,0,0,0
13265,58,2020-08-27,0,0,0,0
13266,58,2020-08-28,0,0,0,0
13267,58,2020-08-29,0,0,0,0
13268,58,2020-08-30,0,0,0,0
13269,58,2020-08-31,0,0,0,0
13270,58,2020-09-01,0,0,0,0
13271,58,2020-09-02,2,0,0,0
13272,58,2020-09-03,0,0,0,0
13273,58,2020-09-04,1,0,0,0
13274,58,2020-09-05,0,0,0,0
13275,58,2020-09-06,0,0,0,0
13276,58,2020-09-07,1,0,0,0
13277,58,2020-09-08,1,0,0,1
13278,58,2020-09-09,0,0,0,0
13279,58,2020-09-10,0,0,0,0
13280,58,2020-09-11,0,0,0,0
13281,58,2020-09-12,0,0,0,0
13282,58,2020-09-13,0,0,0,0
13283,58,2020-09-14,0,0,0,0
13284,58,2020-09-15,0,0,0,0
13285,58,2020-09-16,2,0,0,2
13286,58,2020-09-17,0,0,0,0
13287,58,2020-09-18,0,0,0,0
13288,58,2020-09-19,1,0,0,0
13289,58,2020-09-20,0,0,0,0
13290,58,2020-09-21,2,0,0,2
13291,58,2020-09-22,1,0,0,2
13292,58,2020-09-23,0,0,0,2
13293,58,2020-09-24,0,0,0,0
13294,58,2020-09-25,2,1,0,5
13295,58,2020-09-26,0,0,0,0
13296,58,2020-09-27,0,0,0,0
13297,58,2020-09-28,0,0,0,0
13298,58,2020-09-29,4,0,0,0
13299,58,2020-09-30,1,1,0,3
13300,58,2020-10-01,1,0,0,0
13301,58,2020-10-02,3,0,0,0
13302,58,2020-10-03,0,1,0,1
13303,58,2020-10-04,0,0,0,0
13304,58,2020-10-05,0,0,0,0
13305,58,2020-10-06,0,0,0,0
13306,58,2020-10-07,1,0,0,0
13307,58,2020-10-08,0,0,0,0
13308,58,2020-10-09,2,0,0,1
13309,58,2020-10-10,1,0,0,1
13310,58,2020-10-11,2,1,1,0
13311,58,2020-10-12,0,0,0,0
13312,58,2020-10-13,3,0,0,1
13313,58,2020-10-14,4,0,0,2
13314,58,2020-10-15,3,1,0,1
13315,58,2020-10-16,1,0,0,2
13316,58,2020-10-17,0,0,0,1
13317,58,2020-10-18,2,1,0,0
13318,58,2020-10-19,3,1,0,0
13319,58,2020-10-20,0,0,0,2
13320,58,2020-10-21,2,0,0,2
13321,58,2020-10-22,0,0,0,2
13322,58,2020-10-23,3,1,0,1
13323,58,2020-10-24,2,0,1,1
13324,58,2020-10-25,5,0,1,3
13325,58,2020-10-26,2,0,0,0
13326,58,2020-10-27,4,1,0,3
13327,58,2020-10-28,3,0,1,0
13328,58,2020-10-29,7,0,0,4
13329,58,2020-10-30,5,0,0,1
13330,58,2020-10-31,11,1,0,1
13331,58,2020-11-01,8,2,0,0
13332,58,2020-11-02,4,0,1,3
13333,58,2020-11-03,3,1,0,0
13334,58,2020-11-04,7,0,1,4
13335,58,2020-11-05,10,2,1,2
13336,58,2020-11-06,8,1,0,2
13337,58,2020-11-07,4,1,1,4
13338,59,2020-03-19,72,13,3,24
13339,59,2020-03-20,19,9,1,4
13340,59,2020-03-21,30,15,1,7
13341,59,2020-03-22,32,7,7,2
13342,59,2020-03-23,58,26,2,11
13343,59,2020-03-24,50,15,4,2
13344,59,2020-03-25,63,20,1,5
13345,59,2020-03-26,66,17,7,14
13346,59,2020-03-27,84,34,8,27
13347,59,2020-03-28,77,16,5,16
13348,59,2020-03-29,80,23,3,19
13349,59,2020-03-30,105,26,12,26
13350,59,2020-03-31,129,39,11,44
13351,59,2020-04-01,96,20,15,36
13352,59,2020-04-02,157,35,21,43
13353,59,2020-04-03,100,23,22,46
13354,59,2020-04-04,94,19,13,40
13355,59,2020-04-05,77,17,12,14
13356,59,2020-04-06,111,16,19,39
13357,59,2020-04-07,101,19,17,63
13358,59,2020-04-08,89,7,15,72
13359,59,2020-04-09,90,14,16,51
13360,59,2020-04-10,103,15,15,59
13361,59,2020-04-11,71,9,20,51
13362,59,2020-04-12,39,2,11,11
13363,59,2020-04-13,41,9,15,8
13364,59,2020-04-14,60,4,21,24
13365,59,2020-04-15,79,4,21,93
13366,59,2020-04-16,74,8,15,63
13367,59,2020-04-17,56,13,17,61
13368,59,2020-04-18,44,4,8,30
13369,59,2020-04-19,32,9,6,19
13370,59,2020-04-20,54,3,7,18
13371,59,2020-04-21,62,11,13,71
13372,59,2020-04-22,39,5,9,30
13373,59,2020-04-23,42,7,6,39
13374,59,2020-04-24,30,5,7,40
13375,59,2020-04-25,36,1,6,33
13376,59,2020-04-26,7,3,1,7
13377,59,2020-04-27,10,3,5,14
13378,59,2020-04-28,53,5,8,45
13379,59,2020-04-29,17,0,6,39
13380,59,2020-04-30,33,5,8,36
13381,59,2020-05-01,24,2,6,21
13382,59,2020-05-02,23,0,2,3
13383,59,2020-05-03,13,5,1,4
13384,59,2020-05-04,27,3,3,9
13385,59,2020-05-05,20,2,20,53
13386,59,2020-05-06,33,6,16,64
13387,59,2020-05-07,23,4,7,20
13388,59,2020-05-08,23,3,3,25
13389,59,2020-05-09,4,2,1,4
13390,59,2020-05-10,11,2,3,6
13391,59,2020-05-11,18,1,7,8
13392,59,2020-05-12,32,4,10,50
13393,59,2020-05-13,26,4,2,33
13394,59,2020-05-14,18,4,4,18
13395,59,2020-05-15,20,0,9,31
13396,59,2020-05-16,24,2,4,19
13397,59,2020-05-17,10,2,2,6
13398,59,2020-05-18,18,2,6,11
13399,59,2020-05-19,21,2,4,38
13400,59,2020-05-20,33,6,5,25
13401,59,2020-05-21,17,1,4,23
13402,59,2020-05-22,10,0,1,13
13403,59,2020-05-23,6,0,2,15
13404,59,2020-05-24,11,1,2,6
13405,59,2020-05-25,6,0,4,18
13406,59,2020-05-26,18,3,3,23
13407,59,2020-05-27,25,0,2,28
13408,59,2020-05-28,13,1,4,15
13409,59,2020-05-29,9,0,2,30
13410,59,2020-05-30,18,1,6,28
13411,59,2020-05-31,2,1,0,3
13412,59,2020-06-01,4,1,2,4
13413,59,2020-06-02,7,0,2,11
13414,59,2020-06-03,8,1,6,22
13415,59,2020-06-04,10,4,2,13
13416,59,2020-06-05,13,0,5,20
13417,59,2020-06-06,8,3,2,5
13418,59,2020-06-07,3,0,1,0
13419,59,2020-06-08,6,2,3,6
13420,59,2020-06-09,17,2,1,25
13421,59,2020-06-10,9,2,1,11
13422,59,2020-06-11,2,1,0,12
13423,59,2020-06-12,5,0,1,10
13424,59,2020-06-13,2,0,1,3
13425,59,2020-06-14,1,0,0,0
13426,59,2020-06-15,6,1,1,7
13427,59,2020-06-16,9,0,3,8
13428,59,2020-06-17,3,1,2,11
13429,59,2020-06-18,9,0,1,6
13430,59,2020-06-19,3,1,0,6
13431,59,2020-06-20,2,0,1,7
13432,59,2020-06-21,0,0,1,0
13433,59,2020-06-22,2,0,1,6
13434,59,2020-06-23,7,1,0,10
13435,59,2020-06-24,7,0,0,15
13436,59,2020-06-25,5,1,3,2
13437,59,2020-06-26,2,0,2,34
13438,59,2020-06-27,2,0,0,2
13439,59,2020-06-28,0,0,0,0
13440,59,2020-06-29,7,1,1,11
13441,59,2020-06-30,1,1,0,5
13442,59,2020-07-01,5,1,1,12
13443,59,2020-07-02,3,0,0,6
13444,59,2020-07-03,3,1,0,3
13445,59,2020-07-04,1,0,0,2
13446,59,2020-07-05,0,0,0,0
13447,59,2020-07-06,6,0,3,11
13448,59,2020-07-07,2,1,7,36
13449,59,2020-07-08,6,0,16,54
13450,59,2020-07-09,2,0,4,23
13451,59,2020-07-10,2,1,0,9
13452,59,2020-07-11,4,1,0,2
13453,59,2020-07-12,0,0,0,2
13454,59,2020-07-13,8,1,0,29
13455,59,2020-07-14,2,0,0,1
13456,59,2020-07-15,5,0,4,19
13457,59,2020-07-16,4,1,0,6
13458,59,2020-07-17,12,2,1,17
13459,59,2020-07-18,14,0,0,13
13460,59,2020-07-19,0,0,0,0
13461,59,2020-07-20,7,0,4,8
13462,59,2020-07-21,10,1,1,9
13463,59,2020-07-22,5,2,0,11
13464,59,2020-07-23,4,1,0,6
13465,59,2020-07-24,9,2,0,14
13466,59,2020-07-25,6,0,1,8
13467,59,2020-07-26,0,0,0,0
13468,59,2020-07-27,9,3,1,5
13469,59,2020-07-28,13,2,1,11
13470,59,2020-07-29,12,0,1,5
13471,59,2020-07-30,4,2,0,4
13472,59,2020-07-31,9,0,1,11
13473,59,2020-08-01,6,4,1,5
13474,59,2020-08-02,0,0,0,0
13475,59,2020-08-03,8,4,1,5
13476,59,2020-08-04,10,6,1,16
13477,59,2020-08-05,7,0,0,17
13478,59,2020-08-06,4,1,0,2
13479,59,2020-08-07,9,3,0,12
13480,59,2020-08-08,2,0,0,1
13481,59,2020-08-09,0,0,0,0
13482,59,2020-08-10,9,4,2,11
13483,59,2020-08-11,9,1,0,6
13484,59,2020-08-12,6,1,0,13
13485,59,2020-08-13,4,0,1,8
13486,59,2020-08-14,8,3,1,12
13487,59,2020-08-15,0,0,0,0
13488,59,2020-08-16,2,0,0,2
13489,59,2020-08-17,19,2,1,12
13490,59,2020-08-18,2,1,0,5
13491,59,2020-08-19,5,1,1,4
13492,59,2020-08-20,6,1,0,10
13493,59,2020-08-21,4,1,1,4
13494,59,2020-08-22,1,0,0,1
13495,59,2020-08-23,2,2,0,1
13496,59,2020-08-24,14,3,1,14
13497,59,2020-08-25,3,1,0,9
13498,59,2020-08-26,4,1,0,4
13499,59,2020-08-27,13,0,2,12
13500,59,2020-08-28,6,0,0,7
13501,59,2020-08-29,5,1,0,5
13502,59,2020-08-30,0,0,0,0
13503,59,2020-08-31,2,0,2,7
13504,59,2020-09-01,9,0,1,8
13505,59,2020-09-02,13,5,1,11
13506,59,2020-09-03,4,2,0,10
13507,59,2020-09-04,11,4,0,6
13508,59,2020-09-05,3,1,0,3
13509,59,2020-09-06,0,0,0,0
13510,59,2020-09-07,14,3,1,7
13511,59,2020-09-08,11,0,2,18
13512,59,2020-09-09,10,2,2,4
13513,59,2020-09-10,16,3,0,5
13514,59,2020-09-11,10,5,4,21
13515,59,2020-09-12,1,0,0,1
13516,59,2020-09-13,0,0,0,0
13517,59,2020-09-14,23,2,1,13
13518,59,2020-09-15,18,6,1,10
13519,59,2020-09-16,11,2,1,6
13520,59,2020-09-17,16,2,1,8
13521,59,2020-09-18,18,4,0,6
13522,59,2020-09-19,4,1,1,4
13523,59,2020-09-20,0,0,0,0
13524,59,2020-09-21,43,3,3,6
13525,59,2020-09-22,34,9,5,23
13526,59,2020-09-23,30,8,1,8
13527,59,2020-09-24,24,9,2,12
13528,59,2020-09-25,34,8,1,22
13529,59,2020-09-26,23,7,0,22
13530,59,2020-09-27,12,3,1,2
13531,59,2020-09-28,33,9,3,6
13532,59,2020-09-29,18,8,1,29
13533,59,2020-09-30,33,6,2,6
13534,59,2020-10-01,38,16,1,24
13535,59,2020-10-02,35,6,3,25
13536,59,2020-10-03,35,5,4,27
13537,59,2020-10-04,7,3,1,2
13538,59,2020-10-05,45,9,3,17
13539,59,2020-10-06,49,10,6,31
13540,59,2020-10-07,54,9,4,34
13541,59,2020-10-08,46,6,3,24
13542,59,2020-10-09,58,11,2,31
13543,59,2020-10-10,48,5,6,29
13544,59,2020-10-11,18,3,1,9
13545,59,2020-10-12,80,14,4,21
13546,59,2020-10-13,86,15,8,55
13547,59,2020-10-14,73,14,6,43
13548,59,2020-10-15,93,17,6,55
13549,59,2020-10-16,77,13,10,34
13550,59,2020-10-17,44,18,2,31
13551,59,2020-10-18,49,9,4,16
13552,59,2020-10-19,96,29,16,23
13553,59,2020-10-20,158,20,17,58
13554,59,2020-10-21,78,20,17,40
13555,59,2020-10-22,125,19,6,61
13556,59,2020-10-23,116,17,17,48
13557,59,2020-10-24,92,21,9,51
13558,59,2020-10-25,84,10,9,13
13559,59,2020-10-26,140,25,15,17
13560,59,2020-10-27,151,27,18,89
13561,59,2020-10-28,186,30,10,78
13562,59,2020-10-29,159,27,19,86
13563,59,2020-10-30,160,21,11,70
13564,59,2020-10-31,108,25,9,37
13565,59,2020-11-01,123,22,18,65
13566,59,2020-11-02,124,22,22,36
13567,59,2020-11-03,144,34,34,111
13568,59,2020-11-04,188,34,24,152
13569,59,2020-11-05,159,20,25,129
13570,59,2020-11-06,204,32,36,131
13571,59,2020-11-07,109,21,25,109
13572,60,2020-03-19,43,3,11,8
13573,60,2020-03-20,11,6,1,4
13574,60,2020-03-21,30,1,0,14
13575,60,2020-03-22,14,1,1,4
13576,60,2020-03-23,45,4,10,7
13577,60,2020-03-24,41,4,9,17
13578,60,2020-03-25,34,10,6,7
13579,60,2020-03-26,61,7,14,31
13580,60,2020-03-27,30,10,9,12
13581,60,2020-03-28,37,0,11,7
13582,60,2020-03-29,23,3,5,3
13583,60,2020-03-30,35,5,8,10
13584,60,2020-03-31,41,6,15,11
13585,60,2020-04-01,70,9,20,33
13586,60,2020-04-02,102,15,7,32
13587,60,2020-04-03,47,5,15,29
13588,60,2020-04-04,23,1,8,29
13589,60,2020-04-05,26,4,2,6
13590,60,2020-04-06,40,3,10,10
13591,60,2020-04-07,82,9,17,32
13592,60,2020-04-08,75,7,10,48
13593,60,2020-04-09,28,3,2,23
13594,60,2020-04-10,46,6,9,27
13595,60,2020-04-11,39,2,9,20
13596,60,2020-04-12,43,4,10,15
13597,60,2020-04-13,7,0,7,2
13598,60,2020-04-14,32,2,9,24
13599,60,2020-04-15,56,3,13,16
13600,60,2020-04-16,42,3,10,34
13601,60,2020-04-17,45,3,6,22
13602,60,2020-04-18,14,2,3,9
13603,60,2020-04-19,32,3,4,12
13604,60,2020-04-20,14,1,13,14
13605,60,2020-04-21,22,2,5,27
13606,60,2020-04-22,25,5,9,36
13607,60,2020-04-23,25,3,6,19
13608,60,2020-04-24,30,2,6,31
13609,60,2020-04-25,14,0,4,10
13610,60,2020-04-26,5,1,1,2
13611,60,2020-04-27,14,0,8,18
13612,60,2020-04-28,22,1,6,28
13613,60,2020-04-29,7,2,2,10
13614,60,2020-04-30,3,3,4,14
13615,60,2020-05-01,6,1,4,8
13616,60,2020-05-02,5,0,0,2
13617,60,2020-05-03,7,0,4,14
13618,60,2020-05-04,8,0,2,5
13619,60,2020-05-05,10,1,6,15
13620,60,2020-05-06,3,1,3,7
13621,60,2020-05-07,5,0,1,12
13622,60,2020-05-08,13,1,6,12
13623,60,2020-05-09,3,0,0,5
13624,60,2020-05-10,1,0,3,2
13625,60,2020-05-11,18,5,7,8
13626,60,2020-05-12,6,1,6,5
13627,60,2020-05-13,1,0,0,6
13628,60,2020-05-14,10,1,0,6
13629,60,2020-05-15,11,1,1,15
13630,60,2020-05-16,6,0,1,6
13631,60,2020-05-17,2,0,0,0
13632,60,2020-05-18,10,0,5,10
13633,60,2020-05-19,15,1,1,30
13634,60,2020-05-20,6,0,1,4
13635,60,2020-05-21,3,0,0,5
13636,60,2020-05-22,5,0,1,12
13637,60,2020-05-23,2,0,2,5
13638,60,2020-05-24,2,0,1,0
13639,60,2020-05-25,5,0,2,6
13640,60,2020-05-26,2,0,0,7
13641,60,2020-05-27,4,0,3,5
13642,60,2020-05-28,3,0,2,6
13643,60,2020-05-29,3,0,1,20
13644,60,2020-05-30,2,0,1,3
13645,60,2020-05-31,0,0,0,0
13646,60,2020-06-01,8,0,1,0
13647,60,2020-06-02,10,0,1,6
13648,60,2020-06-03,0,0,0,5
13649,60,2020-06-04,1,0,1,7
13650,60,2020-06-05,0,0,0,15
13651,60,2020-06-06,0,0,0,1
13652,60,2020-06-07,1,0,0,1
13653,60,2020-06-08,7,0,1,3
13654,60,2020-06-09,0,0,0,16
13655,60,2020-06-10,0,0,0,1
13656,60,2020-06-11,0,0,0,3
13657,60,2020-06-12,2,0,1,2
13658,60,2020-06-13,2,0,0,1
13659,60,2020-06-14,1,0,1,2
13660,60,2020-06-15,0,0,2,1
13661,60,2020-06-16,2,0,1,4
13662,60,2020-06-17,0,0,2,1
13663,60,2020-06-18,1,0,0,4
13664,60,2020-06-19,0,0,2,3
13665,60,2020-06-20,1,0,1,1
13666,60,2020-06-21,1,0,0,0
13667,60,2020-06-22,0,0,1,3
13668,60,2020-06-23,0,0,0,4
13669,60,2020-06-24,1,0,0,6
13670,60,2020-06-25,0,2,0,1
13671,60,2020-06-26,1,0,0,0
13672,60,2020-06-27,3,4,1,1
13673,60,2020-06-28,3,0,0,1
13674,60,2020-06-29,0,0,0,1
13675,60,2020-06-30,2,0,0,10
13676,60,2020-07-01,0,0,0,0
13677,60,2020-07-02,0,0,1,1
13678,60,2020-07-03,2,1,1,2
13679,60,2020-07-04,0,0,0,0
13680,60,2020-07-05,0,0,0,0
13681,60,2020-07-06,1,1,1,1
13682,60,2020-07-07,0,0,1,5
13683,60,2020-07-08,1,0,0,12
13684,60,2020-07-09,3,1,0,3
13685,60,2020-07-10,0,0,0,4
13686,60,2020-07-11,1,0,0,0
13687,60,2020-07-12,0,0,0,0
13688,60,2020-07-13,2,2,0,3
13689,60,2020-07-14,0,0,0,1
13690,60,2020-07-15,0,0,2,0
13691,60,2020-07-16,0,0,0,2
13692,60,2020-07-17,1,0,1,5
13693,60,2020-07-18,0,0,0,2
13694,60,2020-07-19,0,0,0,0
13695,60,2020-07-20,0,0,0,2
13696,60,2020-07-21,0,0,0,3
13697,60,2020-07-22,0,0,0,1
13698,60,2020-07-23,1,1,0,3
13699,60,2020-07-24,6,0,0,51
13700,60,2020-07-25,0,0,0,0
13701,60,2020-07-26,1,0,0,0
13702,60,2020-07-27,0,0,1,1
13703,60,2020-07-28,0,0,0,7
13704,60,2020-07-29,1,0,0,0
13705,60,2020-07-30,2,0,0,0
13706,60,2020-07-31,1,0,1,1
13707,60,2020-08-01,2,1,0,0
13708,60,2020-08-02,0,1,0,0
13709,60,2020-08-03,2,0,2,0
13710,60,2020-08-04,0,0,0,1
13711,60,2020-08-05,1,0,0,2
13712,60,2020-08-06,1,0,0,1
13713,60,2020-08-07,3,0,0,0
13714,60,2020-08-08,1,0,0,1
13715,60,2020-08-09,0,0,0,0
13716,60,2020-08-10,0,1,0,3
13717,60,2020-08-11,4,0,1,0
13718,60,2020-08-12,4,1,0,1
13719,60,2020-08-13,1,1,0,3
13720,60,2020-08-14,1,0,0,0
13721,60,2020-08-15,0,0,0,0
13722,60,2020-08-16,0,0,0,0
13723,60,2020-08-17,2,0,0,0
13724,60,2020-08-18,0,0,0,0
13725,60,2020-08-19,0,0,0,3
13726,60,2020-08-20,2,0,0,4
13727,60,2020-08-21,0,0,1,1
13728,60,2020-08-22,0,0,0,0
13729,60,2020-08-23,0,0,0,0
13730,60,2020-08-24,1,0,0,1
13731,60,2020-08-25,1,0,1,2
13732,60,2020-08-26,0,0,0,0
13733,60,2020-08-27,0,0,0,0
13734,60,2020-08-28,1,0,0,9
13735,60,2020-08-29,0,0,0,0
13736,60,2020-08-30,0,0,0,0
13737,60,2020-08-31,0,0,0,0
13738,60,2020-09-01,2,0,1,3
13739,60,2020-09-02,2,0,0,1
13740,60,2020-09-03,3,1,0,1
13741,60,2020-09-04,0,0,0,2
13742,60,2020-09-05,0,0,0,0
13743,60,2020-09-06,0,0,0,0
13744,60,2020-09-07,2,2,0,1
13745,60,2020-09-08,2,1,0,1
13746,60,2020-09-09,2,0,0,9
13747,60,2020-09-10,2,0,0,0
13748,60,2020-09-11,4,0,0,1
13749,60,2020-09-12,1,0,0,0
13750,60,2020-09-13,0,0,0,0
13751,60,2020-09-14,5,1,0,3
13752,60,2020-09-15,3,0,0,0
13753,60,2020-09-16,3,1,0,1
13754,60,2020-09-17,6,1,0,2
13755,60,2020-09-18,3,1,0,2
13756,60,2020-09-19,0,0,0,5
13757,60,2020-09-20,0,0,0,0
13758,60,2020-09-21,16,0,1,5
13759,60,2020-09-22,4,0,3,3
13760,60,2020-09-23,4,1,1,3
13761,60,2020-09-24,25,1,0,2
13762,60,2020-09-25,3,2,0,21
13763,60,2020-09-26,4,1,0,6
13764,60,2020-09-27,3,0,0,1
13765,60,2020-09-28,0,0,0,4
13766,60,2020-09-29,11,1,4,8
13767,60,2020-09-30,3,0,0,0
13768,60,2020-10-01,5,5,0,2
13769,60,2020-10-02,6,1,1,11
13770,60,2020-10-03,3,0,0,2
13771,60,2020-10-04,1,0,1,1
13772,60,2020-10-05,5,0,1,1
13773,60,2020-10-06,11,4,0,6
13774,60,2020-10-07,8,0,3,0
13775,60,2020-10-08,4,0,2,2
13776,60,2020-10-09,9,0,0,2
13777,60,2020-10-10,6,4,0,4
13778,60,2020-10-11,2,1,1,2
13779,60,2020-10-12,13,1,0,7
13780,60,2020-10-13,8,1,1,3
13781,60,2020-10-14,5,3,1,1
13782,60,2020-10-15,13,3,0,7
13783,60,2020-10-16,11,3,3,3
13784,60,2020-10-17,6,2,0,4
13785,60,2020-10-18,5,1,1,2
13786,60,2020-10-19,2,1,0,8
13787,60,2020-10-20,11,0,4,5
13788,60,2020-10-21,24,5,0,14
13789,60,2020-10-22,17,2,0,7
13790,60,2020-10-23,12,0,1,6
13791,60,2020-10-24,8,2,1,6
13792,60,2020-10-25,5,1,0,1
13793,60,2020-10-26,21,4,3,9
13794,60,2020-10-27,18,2,0,12
13795,60,2020-10-28,39,10,2,13
13796,60,2020-10-29,16,1,1,8
13797,60,2020-10-30,18,4,3,11
13798,60,2020-10-31,15,2,2,10
13799,60,2020-11-01,11,5,0,7
13800,60,2020-11-02,17,3,3,6
13801,60,2020-11-03,50,5,6,26
13802,60,2020-11-04,30,3,4,15
13803,60,2020-11-05,36,4,2,15
13804,60,2020-11-06,13,3,3,14
13805,60,2020-11-07,18,4,3,22
13806,61,2020-03-19,2,1,0,2
13807,61,2020-03-20,0,0,0,0
13808,61,2020-03-21,0,0,0,0
13809,61,2020-03-22,0,0,0,0
13810,61,2020-03-23,6,1,0,4
13811,61,2020-03-24,5,0,0,3
13812,61,2020-03-25,14,2,1,10
13813,61,2020-03-26,7,1,0,4
13814,61,2020-03-27,2,1,0,1
13815,61,2020-03-28,6,0,0,3
13816,61,2020-03-29,5,0,0,0
13817,61,2020-03-30,4,1,0,1
13818,61,2020-03-31,17,2,2,6
13819,61,2020-04-01,19,0,2,7
13820,61,2020-04-02,11,2,2,0
13821,61,2020-04-03,7,2,1,3
13822,61,2020-04-04,10,2,0,5
13823,61,2020-04-05,6,1,1,1
13824,61,2020-04-06,6,0,0,8
13825,61,2020-04-07,14,0,2,9
13826,61,2020-04-08,13,0,1,11
13827,61,2020-04-09,6,0,2,1
13828,61,2020-04-10,15,0,0,10
13829,61,2020-04-11,5,1,2,9
13830,61,2020-04-12,6,1,1,1
13831,61,2020-04-13,1,1,2,2
13832,61,2020-04-14,9,0,0,6
13833,61,2020-04-15,8,1,1,8
13834,61,2020-04-16,3,0,0,5
13835,61,2020-04-17,6,1,3,3
13836,61,2020-04-18,4,0,0,8
13837,61,2020-04-19,3,0,1,0
13838,61,2020-04-20,4,0,1,5
13839,61,2020-04-21,2,1,0,7
13840,61,2020-04-22,3,0,2,2
13841,61,2020-04-23,2,0,0,1
13842,61,2020-04-24,4,3,0,5
13843,61,2020-04-25,9,0,0,0
13844,61,2020-04-26,0,0,0,0
13845,61,2020-04-27,3,0,1,0
13846,61,2020-04-28,5,0,0,1
13847,61,2020-04-29,1,0,0,3
13848,61,2020-04-30,5,0,0,3
13849,61,2020-05-01,1,0,0,3
13850,61,2020-05-02,2,0,0,0
13851,61,2020-05-03,1,0,0,1
13852,61,2020-05-04,8,0,1,1
13853,61,2020-05-05,2,0,1,1
13854,61,2020-05-06,2,0,2,2
13855,61,2020-05-07,2,0,0,0
13856,61,2020-05-08,1,0,0,8
13857,61,2020-05-09,1,0,0,1
13858,61,2020-05-10,0,0,1,0
13859,61,2020-05-11,2,0,2,1
13860,61,2020-05-12,1,1,0,3
13861,61,2020-05-13,0,0,0,0
13862,61,2020-05-14,1,0,1,2
13863,61,2020-05-15,0,0,0,2
13864,61,2020-05-16,1,1,0,0
13865,61,2020-05-17,2,0,0,1
13866,61,2020-05-18,1,0,0,0
13867,61,2020-05-19,4,0,1,1
13868,61,2020-05-20,0,0,0,2
13869,61,2020-05-21,0,0,0,0
13870,61,2020-05-22,2,0,0,0
13871,61,2020-05-23,1,0,0,4
13872,61,2020-05-24,0,0,0,0
13873,61,2020-05-25,2,0,0,0
13874,61,2020-05-26,5,0,1,2
13875,61,2020-05-27,1,1,0,8
13876,61,2020-05-28,1,0,0,2
13877,61,2020-05-29,0,0,0,0
13878,61,2020-05-30,0,0,0,1
13879,61,2020-05-31,0,0,0,0
13880,61,2020-06-01,0,0,0,0
13881,61,2020-06-02,0,0,0,4
13882,61,2020-06-03,4,0,0,4
13883,61,2020-06-04,0,0,0,4
13884,61,2020-06-05,1,0,0,0
13885,61,2020-06-06,0,0,0,2
13886,61,2020-06-07,0,0,0,0
13887,61,2020-06-08,0,0,0,1
13888,61,2020-06-09,1,0,0,1
13889,61,2020-06-10,0,0,0,1
13890,61,2020-06-11,0,0,0,0
13891,61,2020-06-12,0,0,0,1
13892,61,2020-06-13,1,0,0,2
13893,61,2020-06-14,0,0,0,0
13894,61,2020-06-15,1,0,0,0
13895,61,2020-06-16,1,0,1,0
13896,61,2020-06-17,0,0,0,2
13897,61,2020-06-18,2,0,0,1
13898,61,2020-06-19,4,0,0,2
13899,61,2020-06-20,0,0,0,0
13900,61,2020-06-21,0,0,0,0
13901,61,2020-06-22,1,0,1,1
13902,61,2020-06-23,0,0,0,0
13903,61,2020-06-24,0,0,0,0
13904,61,2020-06-25,0,0,0,2
13905,61,2020-06-26,0,0,0,1
13906,61,2020-06-27,0,0,0,4
13907,61,2020-06-28,0,0,0,0
13908,61,2020-06-29,1,0,0,0
13909,61,2020-06-30,0,0,0,1
13910,61,2020-07-01,0,0,0,0
13911,61,2020-07-02,0,0,0,0
13912,61,2020-07-03,0,0,0,0
13913,61,2020-07-04,0,0,0,0
13914,61,2020-07-05,0,0,0,0
13915,61,2020-07-06,0,0,0,0
13916,61,2020-07-07,2,0,0,2
13917,61,2020-07-08,0,0,0,0
13918,61,2020-07-09,0,0,0,0
13919,61,2020-07-10,0,0,0,0
13920,61,2020-07-11,0,0,0,0
13921,61,2020-07-12,0,0,0,0
13922,61,2020-07-13,0,0,0,0
13923,61,2020-07-14,0,0,0,0
13924,61,2020-07-15,0,0,0,1
13925,61,2020-07-16,0,0,2,5
13926,61,2020-07-17,0,0,0,0
13927,61,2020-07-18,1,1,1,0
13928,61,2020-07-19,0,0,0,0
13929,61,2020-07-20,0,0,0,1
13930,61,2020-07-21,0,0,0,0
13931,61,2020-07-22,0,0,0,0
13932,61,2020-07-23,0,0,0,5
13933,61,2020-07-24,0,0,0,0
13934,61,2020-07-25,0,0,0,0
13935,61,2020-07-26,0,0,0,0
13936,61,2020-07-27,1,0,0,0
13937,61,2020-07-28,0,0,0,0
13938,61,2020-07-29,0,0,0,0
13939,61,2020-07-30,0,0,0,0
13940,61,2020-07-31,1,0,0,1
13941,61,2020-08-01,0,0,0,0
13942,61,2020-08-02,0,0,0,0
13943,61,2020-08-03,2,0,0,0
13944,61,2020-08-04,0,0,0,0
13945,61,2020-08-05,0,0,0,1
13946,61,2020-08-06,0,0,0,0
13947,61,2020-08-07,1,0,0,1
13948,61,2020-08-08,0,0,0,0
13949,61,2020-08-09,0,0,0,0
13950,61,2020-08-10,0,0,0,1
13951,61,2020-08-11,0,0,0,0
13952,61,2020-08-12,1,0,0,0
13953,61,2020-08-13,0,0,0,0
13954,61,2020-08-14,0,0,1,0
13955,61,2020-08-15,0,0,0,0
13956,61,2020-08-16,0,0,0,0
13957,61,2020-08-17,0,0,0,0
13958,61,2020-08-18,0,0,2,0
13959,61,2020-08-19,1,0,0,2
13960,61,2020-08-20,1,0,0,5
13961,61,2020-08-21,1,0,0,0
13962,61,2020-08-22,0,0,0,0
13963,61,2020-08-23,0,0,0,0
13964,61,2020-08-24,2,1,0,1
13965,61,2020-08-25,0,0,0,2
13966,61,2020-08-26,0,0,0,0
13967,61,2020-08-27,0,0,0,0
13968,61,2020-08-28,0,0,0,0
13969,61,2020-08-29,0,0,0,0
13970,61,2020-08-30,0,0,0,0
13971,61,2020-08-31,0,0,0,0
13972,61,2020-09-01,0,0,1,3
13973,61,2020-09-02,0,0,0,2
13974,61,2020-09-03,0,0,0,0
13975,61,2020-09-04,0,0,0,1
13976,61,2020-09-05,0,0,0,0
13977,61,2020-09-06,0,0,0,0
13978,61,2020-09-07,0,0,0,0
13979,61,2020-09-08,0,0,0,0
13980,61,2020-09-09,0,0,0,0
13981,61,2020-09-10,0,0,0,0
13982,61,2020-09-11,1,0,0,0
13983,61,2020-09-12,0,0,0,0
13984,61,2020-09-13,0,0,0,0
13985,61,2020-09-14,0,0,0,0
13986,61,2020-09-15,0,0,0,0
13987,61,2020-09-16,2,0,0,0
13988,61,2020-09-17,1,0,0,0
13989,61,2020-09-18,2,0,0,2
13990,61,2020-09-19,0,0,0,1
13991,61,2020-09-20,0,0,0,0
13992,61,2020-09-21,1,0,0,0
13993,61,2020-09-22,0,0,0,0
13994,61,2020-09-23,2,0,0,1
13995,61,2020-09-24,3,0,0,0
13996,61,2020-09-25,1,0,0,2
13997,61,2020-09-26,2,0,1,2
13998,61,2020-09-27,0,0,0,0
13999,61,2020-09-28,0,0,0,0
14000,61,2020-09-29,3,0,0,0
14001,61,2020-09-30,3,1,0,1
14002,61,2020-10-01,2,0,1,0
14003,61,2020-10-02,1,1,0,2
14004,61,2020-10-03,0,0,0,2
14005,61,2020-10-04,5,2,1,1
14006,61,2020-10-05,5,0,0,0
14007,61,2020-10-06,2,0,1,2
14008,61,2020-10-07,1,0,0,1
14009,61,2020-10-08,2,1,0,3
14010,61,2020-10-09,2,0,0,4
14011,61,2020-10-10,0,0,1,1
14012,61,2020-10-11,1,0,0,1
14013,61,2020-10-12,2,0,0,1
14014,61,2020-10-13,0,0,0,1
14015,61,2020-10-14,3,0,0,0
14016,61,2020-10-15,1,1,1,0
14017,61,2020-10-16,1,0,0,0
14018,61,2020-10-17,0,0,0,0
14019,61,2020-10-18,2,1,0,0
14020,61,2020-10-19,1,0,1,0
14021,61,2020-10-20,3,1,0,0
14022,61,2020-10-21,6,0,0,1
14023,61,2020-10-22,3,0,0,5
14024,61,2020-10-23,7,0,0,0
14025,61,2020-10-24,3,0,0,1
14026,61,2020-10-25,0,1,0,0
14027,61,2020-10-26,7,0,2,2
14028,61,2020-10-27,18,0,1,4
14029,61,2020-10-28,10,0,0,3
14030,61,2020-10-29,7,0,0,5
14031,61,2020-10-30,7,0,0,7
14032,61,2020-10-31,6,1,1,4
14033,61,2020-11-01,11,0,1,2
14034,61,2020-11-02,5,2,0,3
14035,61,2020-11-03,14,1,0,4
14036,61,2020-11-04,18,3,2,10
14037,61,2020-11-05,14,1,0,9
14038,61,2020-11-06,14,0,1,8
14039,61,2020-11-07,10,3,2,5
14040,62,2020-03-19,30,6,0,13
14041,62,2020-03-20,25,9,1,6
14042,62,2020-03-21,11,2,0,6
14043,62,2020-03-22,6,2,0,4
14044,62,2020-03-23,22,9,2,0
14045,62,2020-03-24,32,10,3,1
14046,62,2020-03-25,28,8,2,9
14047,62,2020-03-26,29,5,1,10
14048,62,2020-03-27,16,3,0,9
14049,62,2020-03-28,40,13,3,9
14050,62,2020-03-29,28,5,1,5
14051,62,2020-03-30,41,19,4,9
14052,62,2020-03-31,35,7,2,11
14053,62,2020-04-01,76,12,4,10
14054,62,2020-04-02,45,10,4,24
14055,62,2020-04-03,89,18,7,30
14056,62,2020-04-04,48,10,8,21
14057,62,2020-04-05,14,5,4,10
14058,62,2020-04-06,51,6,9,13
14059,62,2020-04-07,71,11,9,23
14060,62,2020-04-08,55,7,11,37
14061,62,2020-04-09,52,8,7,28
14062,62,2020-04-10,51,6,12,51
14063,62,2020-04-11,27,3,4,32
14064,62,2020-04-12,40,2,7,22
14065,62,2020-04-13,28,3,2,14
14066,62,2020-04-14,37,8,9,13
14067,62,2020-04-15,59,17,14,45
14068,62,2020-04-16,62,5,8,25
14069,62,2020-04-17,42,5,17,38
14070,62,2020-04-18,41,4,3,31
14071,62,2020-04-19,16,2,3,12
14072,62,2020-04-20,21,6,4,12
14073,62,2020-04-21,95,2,9,86
14074,62,2020-04-22,25,3,5,27
14075,62,2020-04-23,51,6,22,48
14076,62,2020-04-24,22,2,5,19
14077,62,2020-04-25,24,1,13,11
14078,62,2020-04-26,7,0,3,5
14079,62,2020-04-27,47,7,6,31
14080,62,2020-04-28,17,3,2,27
14081,62,2020-04-29,21,0,5,24
14082,62,2020-04-30,45,7,4,51
14083,62,2020-05-01,22,0,3,18
14084,62,2020-05-02,7,2,3,3
14085,62,2020-05-03,2,0,2,2
14086,62,2020-05-04,29,4,7,20
14087,62,2020-05-05,21,7,3,29
14088,62,2020-05-06,27,2,0,21
14089,62,2020-05-07,5,0,2,26
14090,62,2020-05-08,3,1,0,9
14091,62,2020-05-09,4,0,1,4
14092,62,2020-05-10,1,0,0,7
14093,62,2020-05-11,13,0,5,11
14094,62,2020-05-12,31,2,5,23
14095,62,2020-05-13,8,2,1,17
14096,62,2020-05-14,17,2,5,34
14097,62,2020-05-15,24,2,5,33
14098,62,2020-05-16,7,0,4,9
14099,62,2020-05-17,0,0,2,0
14100,62,2020-05-18,10,1,2,16
14101,62,2020-05-19,11,2,3,18
14102,62,2020-05-20,5,2,2,2
14103,62,2020-05-21,1,0,3,2
14104,62,2020-05-22,5,4,2,2
14105,62,2020-05-23,4,0,2,9
14106,62,2020-05-24,2,0,1,1
14107,62,2020-05-25,10,2,1,9
14108,62,2020-05-26,6,0,2,13
14109,62,2020-05-27,1,0,0,4
14110,62,2020-05-28,8,1,2,14
14111,62,2020-05-29,10,1,1,7
14112,62,2020-05-30,1,1,1,2
14113,62,2020-05-31,1,0,0,0
14114,62,2020-06-01,0,0,1,0
14115,62,2020-06-02,3,1,3,8
14116,62,2020-06-03,7,1,2,3
14117,62,2020-06-04,3,1,6,26
14118,62,2020-06-05,7,0,3,6
14119,62,2020-06-06,0,0,0,1
14120,62,2020-06-07,0,0,0,0
14121,62,2020-06-08,2,1,1,0
14122,62,2020-06-09,1,0,1,6
14123,62,2020-06-10,2,1,2,1
14124,62,2020-06-11,0,0,1,2
14125,62,2020-06-12,2,0,0,5
14126,62,2020-06-13,0,0,0,6
14127,62,2020-06-14,0,0,0,0
14128,62,2020-06-15,1,0,0,1
14129,62,2020-06-16,0,0,0,2
14130,62,2020-06-17,0,0,0,0
14131,62,2020-06-18,0,0,0,1
14132,62,2020-06-19,0,0,0,2
14133,62,2020-06-20,1,0,0,0
14134,62,2020-06-21,0,0,0,0
14135,62,2020-06-22,2,0,0,1
14136,62,2020-06-23,0,0,0,2
14137,62,2020-06-24,0,0,1,8
14138,62,2020-06-25,0,0,0,1
14139,62,2020-06-26,6,1,1,11
14140,62,2020-06-27,4,0,0,1
14141,62,2020-06-28,0,0,0,0
14142,62,2020-06-29,0,0,1,1
14143,62,2020-06-30,0,0,0,0
14144,62,2020-07-01,0,1,0,4
14145,62,2020-07-02,0,0,0,1
14146,62,2020-07-03,0,0,1,3
14147,62,2020-07-04,3,1,0,15
14148,62,2020-07-05,0,0,0,0
14149,62,2020-07-06,0,0,0,2
14150,62,2020-07-07,1,0,3,31
14151,62,2020-07-08,1,0,0,0
14152,62,2020-07-09,3,0,0,1
14153,62,2020-07-10,2,1,0,2
14154,62,2020-07-11,0,0,0,0
14155,62,2020-07-12,0,0,0,0
14156,62,2020-07-13,2,0,1,1
14157,62,2020-07-14,0,0,1,10
14158,62,2020-07-15,2,0,0,1
14159,62,2020-07-16,1,0,1,8
14160,62,2020-07-17,0,1,0,6
14161,62,2020-07-18,1,0,0,5
14162,62,2020-07-19,0,0,0,0
14163,62,2020-07-20,5,1,1,3
14164,62,2020-07-21,0,0,0,12
14165,62,2020-07-22,1,0,0,1
14166,62,2020-07-23,0,0,0,4
14167,62,2020-07-24,2,0,0,1
14168,62,2020-07-25,1,1,0,0
14169,62,2020-07-26,0,0,0,0
14170,62,2020-07-27,5,1,1,1
14171,62,2020-07-28,1,0,0,3
14172,62,2020-07-29,1,0,0,1
14173,62,2020-07-30,3,0,1,1
14174,62,2020-07-31,2,1,1,5
14175,62,2020-08-01,2,0,0,3
14176,62,2020-08-02,0,0,0,0
14177,62,2020-08-03,1,0,1,2
14178,62,2020-08-04,4,0,0,0
14179,62,2020-08-05,2,0,0,1
14180,62,2020-08-06,1,0,0,4
14181,62,2020-08-07,2,0,0,0
14182,62,2020-08-08,1,0,0,0
14183,62,2020-08-09,0,0,0,0
14184,62,2020-08-10,3,1,1,0
14185,62,2020-08-11,3,1,1,1
14186,62,2020-08-12,3,0,0,0
14187,62,2020-08-13,0,0,0,1
14188,62,2020-08-14,5,0,0,2
14189,62,2020-08-15,5,0,0,0
14190,62,2020-08-16,0,0,0,0
14191,62,2020-08-17,2,1,0,0
14192,62,2020-08-18,2,0,0,3
14193,62,2020-08-19,2,0,0,1
14194,62,2020-08-20,3,1,0,4
14195,62,2020-08-21,0,0,0,2
14196,62,2020-08-22,1,0,0,0
14197,62,2020-08-23,0,0,0,0
14198,62,2020-08-24,2,0,0,5
14199,62,2020-08-25,2,2,0,1
14200,62,2020-08-26,0,0,0,0
14201,62,2020-08-27,1,0,1,1
14202,62,2020-08-28,2,0,0,5
14203,62,2020-08-29,0,0,0,0
14204,62,2020-08-30,0,0,0,0
14205,62,2020-08-31,2,0,0,1
14206,62,2020-09-01,2,1,0,2
14207,62,2020-09-02,5,0,0,2
14208,62,2020-09-03,4,0,1,7
14209,62,2020-09-04,4,0,0,7
14210,62,2020-09-05,2,0,0,1
14211,62,2020-09-06,0,0,0,0
14212,62,2020-09-07,7,1,0,4
14213,62,2020-09-08,8,2,0,9
14214,62,2020-09-09,12,2,0,6
14215,62,2020-09-10,2,1,0,1
14216,62,2020-09-11,10,0,1,10
14217,62,2020-09-12,6,1,0,2
14218,62,2020-09-13,1,0,0,0
14219,62,2020-09-14,1,2,0,1
14220,62,2020-09-15,20,4,0,12
14221,62,2020-09-16,10,4,1,4
14222,62,2020-09-17,15,5,0,4
14223,62,2020-09-18,17,1,2,23
14224,62,2020-09-19,4,1,0,1
14225,62,2020-09-20,2,0,0,1
14226,62,2020-09-21,11,4,2,8
14227,62,2020-09-22,15,2,1,13
14228,62,2020-09-23,7,1,3,8
14229,62,2020-09-24,10,1,1,7
14230,62,2020-09-25,12,5,2,11
14231,62,2020-09-26,13,3,1,9
14232,62,2020-09-27,1,0,0,2
14233,62,2020-09-28,7,1,0,5
14234,62,2020-09-29,14,2,1,5
14235,62,2020-09-30,11,1,4,9
14236,62,2020-10-01,10,2,1,6
14237,62,2020-10-02,18,4,2,10
14238,62,2020-10-03,9,3,0,10
14239,62,2020-10-04,4,2,0,2
14240,62,2020-10-05,6,1,3,3
14241,62,2020-10-06,28,8,3,11
14242,62,2020-10-07,18,1,4,4
14243,62,2020-10-08,16,0,1,12
14244,62,2020-10-09,16,3,0,13
14245,62,2020-10-10,17,3,0,4
14246,62,2020-10-11,6,1,2,6
14247,62,2020-10-12,11,3,3,3
14248,62,2020-10-13,35,7,1,18
14249,62,2020-10-14,22,3,3,17
14250,62,2020-10-15,25,5,2,18
14251,62,2020-10-16,34,3,1,13
14252,62,2020-10-17,20,7,1,12
14253,62,2020-10-18,15,1,0,9
14254,62,2020-10-19,35,6,3,3
14255,62,2020-10-20,37,4,1,22
14256,62,2020-10-21,37,6,2,19
14257,62,2020-10-22,44,11,2,24
14258,62,2020-10-23,48,5,7,29
14259,62,2020-10-24,41,6,1,18
14260,62,2020-10-25,18,4,1,3
14261,62,2020-10-26,56,11,9,21
14262,62,2020-10-27,34,2,3,31
14263,62,2020-10-28,64,5,7,27
14264,62,2020-10-29,37,11,5,25
14265,62,2020-10-30,56,13,5,22
14266,62,2020-10-31,67,8,3,36
14267,62,2020-11-01,24,8,2,10
14268,62,2020-11-02,73,12,5,11
14269,62,2020-11-03,84,10,12,37
14270,62,2020-11-04,62,6,9,36
14271,62,2020-11-05,75,13,9,26
14272,62,2020-11-06,72,12,11,38
14273,62,2020-11-07,103,15,13,37
14274,63,2020-03-19,1,1,0,2
14275,63,2020-03-20,0,0,0,4
14276,63,2020-03-21,2,1,0,2
14277,63,2020-03-22,1,1,0,0
14278,63,2020-03-23,3,0,0,0
14279,63,2020-03-24,14,4,0,0
14280,63,2020-03-25,3,2,0,1
14281,63,2020-03-26,6,1,0,1
14282,63,2020-03-27,9,2,0,1
14283,63,2020-03-28,10,4,0,0
14284,63,2020-03-29,13,10,0,0
14285,63,2020-03-30,15,11,1,3
14286,63,2020-03-31,2,1,0,3
14287,63,2020-04-01,24,0,1,5
14288,63,2020-04-02,5,4,1,6
14289,63,2020-04-03,6,3,1,6
14290,63,2020-04-04,5,2,0,11
14291,63,2020-04-05,14,11,3,1
14292,63,2020-04-06,7,0,1,2
14293,63,2020-04-07,7,2,4,11
14294,63,2020-04-08,7,0,3,7
14295,63,2020-04-09,4,0,1,4
14296,63,2020-04-10,7,0,0,7
14297,63,2020-04-11,4,0,3,2
14298,63,2020-04-12,4,0,0,0
14299,63,2020-04-13,4,0,0,0
14300,63,2020-04-14,1,1,0,1
14301,63,2020-04-15,4,0,0,6
14302,63,2020-04-16,5,1,3,1
14303,63,2020-04-17,3,0,1,5
14304,63,2020-04-18,6,1,2,4
14305,63,2020-04-19,0,0,1,2
14306,63,2020-04-20,4,0,2,1
14307,63,2020-04-21,4,2,0,5
14308,63,2020-04-22,1,0,3,5
14309,63,2020-04-23,3,0,0,9
14310,63,2020-04-24,3,1,1,4
14311,63,2020-04-25,2,1,1,1
14312,63,2020-04-26,0,0,0,0
14313,63,2020-04-27,1,0,1,1
14314,63,2020-04-28,0,0,0,3
14315,63,2020-04-29,0,0,0,1
14316,63,2020-04-30,5,1,2,3
14317,63,2020-05-01,1,0,0,2
14318,63,2020-05-02,2,1,1,5
14319,63,2020-05-03,4,2,0,1
14320,63,2020-05-04,1,0,0,0
14321,63,2020-05-05,2,0,0,3
14322,63,2020-05-06,0,0,1,3
14323,63,2020-05-07,2,1,1,3
14324,63,2020-05-08,0,0,0,2
14325,63,2020-05-09,0,0,0,0
14326,63,2020-05-10,0,0,0,0
14327,63,2020-05-11,1,0,0,1
14328,63,2020-05-12,1,0,1,0
14329,63,2020-05-13,4,0,0,2
14330,63,2020-05-14,1,0,0,0
14331,63,2020-05-15,0,0,0,6
14332,63,2020-05-16,0,0,0,0
14333,63,2020-05-17,8,0,0,0
14334,63,2020-05-18,0,0,1,0
14335,63,2020-05-19,3,0,0,3
14336,63,2020-05-20,2,0,0,2
14337,63,2020-05-21,1,0,0,2
14338,63,2020-05-22,1,0,0,0
14339,63,2020-05-23,1,0,0,3
14340,63,2020-05-24,2,2,0,0
14341,63,2020-05-25,0,1,0,2
14342,63,2020-05-26,0,0,1,0
14343,63,2020-05-27,2,0,0,0
14344,63,2020-05-28,0,0,1,3
14345,63,2020-05-29,0,0,0,5
14346,63,2020-05-30,0,0,0,1
14347,63,2020-05-31,0,0,0,0
14348,63,2020-06-01,0,0,0,0
14349,63,2020-06-02,0,0,0,0
14350,63,2020-06-03,1,1,0,1
14351,63,2020-06-04,0,0,0,0
14352,63,2020-06-05,0,0,0,1
14353,63,2020-06-06,0,0,0,1
14354,63,2020-06-07,0,0,0,0
14355,63,2020-06-08,0,0,0,0
14356,63,2020-06-09,0,0,0,0
14357,63,2020-06-10,1,0,0,0
14358,63,2020-06-11,0,0,0,0
14359,63,2020-06-12,0,0,0,0
14360,63,2020-06-13,0,0,0,0
14361,63,2020-06-14,0,0,0,0
14362,63,2020-06-15,0,0,0,0
14363,63,2020-06-16,0,0,0,0
14364,63,2020-06-17,0,0,0,1
14365,63,2020-06-18,0,0,0,0
14366,63,2020-06-19,0,0,0,0
14367,63,2020-06-20,0,0,0,0
14368,63,2020-06-21,0,0,0,0
14369,63,2020-06-22,0,0,0,0
14370,63,2020-06-23,0,0,0,0
14371,63,2020-06-24,0,0,0,0
14372,63,2020-06-25,0,0,0,0
14373,63,2020-06-26,0,0,0,0
14374,63,2020-06-27,0,0,0,0
14375,63,2020-06-28,0,0,0,0
14376,63,2020-06-29,0,0,0,0
14377,63,2020-06-30,0,0,0,0
14378,63,2020-07-01,1,0,0,1
14379,63,2020-07-02,0,0,0,0
14380,63,2020-07-03,0,0,0,0
14381,63,2020-07-04,0,0,0,0
14382,63,2020-07-05,0,0,0,0
14383,63,2020-07-06,2,0,0,0
14384,63,2020-07-07,0,0,0,0
14385,63,2020-07-08,0,0,0,1
14386,63,2020-07-09,0,0,1,0
14387,63,2020-07-10,0,0,0,1
14388,63,2020-07-11,0,0,0,0
14389,63,2020-07-12,0,0,0,0
14390,63,2020-07-13,0,0,0,0
14391,63,2020-07-14,1,0,0,1
14392,63,2020-07-15,0,0,0,0
14393,63,2020-07-16,0,0,0,1
14394,63,2020-07-17,0,0,0,0
14395,63,2020-07-18,0,0,0,0
14396,63,2020-07-19,0,0,0,0
14397,63,2020-07-20,0,0,0,0
14398,63,2020-07-21,0,0,0,0
14399,63,2020-07-22,0,0,0,0
14400,63,2020-07-23,0,0,0,0
14401,63,2020-07-24,0,0,0,0
14402,63,2020-07-25,0,0,0,0
14403,63,2020-07-26,0,0,0,0
14404,63,2020-07-27,0,0,0,0
14405,63,2020-07-28,0,0,0,0
14406,63,2020-07-29,0,0,0,0
14407,63,2020-07-30,0,0,0,0
14408,63,2020-07-31,0,0,0,0
14409,63,2020-08-01,0,0,0,0
14410,63,2020-08-02,0,0,0,0
14411,63,2020-08-03,0,0,0,0
14412,63,2020-08-04,0,0,0,0
14413,63,2020-08-05,0,0,0,0
14414,63,2020-08-06,1,0,0,0
14415,63,2020-08-07,2,0,0,1
14416,63,2020-08-08,0,0,0,0
14417,63,2020-08-09,0,0,0,0
14418,63,2020-08-10,0,0,0,0
14419,63,2020-08-11,1,0,0,0
14420,63,2020-08-12,0,0,0,0
14421,63,2020-08-13,2,1,0,0
14422,63,2020-08-14,0,0,0,3
14423,63,2020-08-15,0,0,0,0
14424,63,2020-08-16,0,0,0,0
14425,63,2020-08-17,1,0,1,0
14426,63,2020-08-18,0,0,0,0
14427,63,2020-08-19,1,0,1,0
14428,63,2020-08-20,1,1,0,2
14429,63,2020-08-21,0,0,0,0
14430,63,2020-08-22,0,0,0,0
14431,63,2020-08-23,0,0,0,0
14432,63,2020-08-24,0,0,0,1
14433,63,2020-08-25,0,0,0,0
14434,63,2020-08-26,0,0,0,0
14435,63,2020-08-27,1,0,0,0
14436,63,2020-08-28,0,0,0,1
14437,63,2020-08-29,0,0,0,0
14438,63,2020-08-30,0,0,0,0
14439,63,2020-08-31,5,0,0,0
14440,63,2020-09-01,0,0,0,0
14441,63,2020-09-02,1,0,0,1
14442,63,2020-09-03,1,0,0,3
14443,63,2020-09-04,2,0,0,1
14444,63,2020-09-05,0,0,0,0
14445,63,2020-09-06,1,0,0,0
14446,63,2020-09-07,1,0,0,3
14447,63,2020-09-08,1,1,0,1
14448,63,2020-09-09,1,0,0,0
14449,63,2020-09-10,2,2,0,0
14450,63,2020-09-11,0,0,0,0
14451,63,2020-09-12,0,0,0,0
14452,63,2020-09-13,0,0,0,0
14453,63,2020-09-14,5,0,1,1
14454,63,2020-09-15,4,1,0,1
14455,63,2020-09-16,2,1,0,1
14456,63,2020-09-17,14,0,1,2
14457,63,2020-09-18,2,1,0,4
14458,63,2020-09-19,5,1,0,4
14459,63,2020-09-20,4,0,0,0
14460,63,2020-09-21,7,3,1,2
14461,63,2020-09-22,5,2,0,4
14462,63,2020-09-23,6,0,0,3
14463,63,2020-09-24,7,1,4,1
14464,63,2020-09-25,4,0,1,2
14465,63,2020-09-26,5,1,1,5
14466,63,2020-09-27,4,1,1,2
14467,63,2020-09-28,4,4,1,1
14468,63,2020-09-29,4,2,0,9
14469,63,2020-09-30,5,0,0,8
14470,63,2020-10-01,4,0,2,3
14471,63,2020-10-02,8,1,0,9
14472,63,2020-10-03,3,0,1,1
14473,63,2020-10-04,5,4,0,0
14474,63,2020-10-05,7,0,1,7
14475,63,2020-10-06,5,1,1,6
14476,63,2020-10-07,11,2,2,5
14477,63,2020-10-08,6,1,0,3
14478,63,2020-10-09,6,0,2,1
14479,63,2020-10-10,6,1,0,3
14480,63,2020-10-11,8,0,1,4
14481,63,2020-10-12,20,4,1,3
14482,63,2020-10-13,8,0,3,6
14483,63,2020-10-14,14,3,0,4
14484,63,2020-10-15,16,3,2,13
14485,63,2020-10-16,29,2,0,4
14486,63,2020-10-17,14,2,0,5
14487,63,2020-10-18,13,1,1,1
14488,63,2020-10-19,25,3,1,8
14489,63,2020-10-20,20,4,1,5
14490,63,2020-10-21,30,3,2,13
14491,63,2020-10-22,19,2,0,3
14492,63,2020-10-23,12,2,1,16
14493,63,2020-10-24,19,4,4,8
14494,63,2020-10-25,12,1,0,5
14495,63,2020-10-26,34,7,1,11
14496,63,2020-10-27,66,3,4,18
14497,63,2020-10-28,31,5,2,6
14498,63,2020-10-29,18,5,1,16
14499,63,2020-10-30,19,4,2,15
14500,63,2020-10-31,24,6,3,20
14501,63,2020-11-01,23,4,3,2
14502,63,2020-11-02,31,6,2,19
14503,63,2020-11-03,46,8,9,16
14504,63,2020-11-04,34,3,9,33
14505,63,2020-11-05,38,6,7,28
14506,63,2020-11-06,43,5,3,36
14507,63,2020-11-07,26,7,1,11
14508,64,2020-03-19,6,0,0,1
14509,64,2020-03-20,1,0,1,1
14510,64,2020-03-21,5,2,0,0
14511,64,2020-03-22,3,0,0,0
14512,64,2020-03-23,7,0,0,3
14513,64,2020-03-24,7,5,0,2
14514,64,2020-03-25,13,3,2,1
14515,64,2020-03-26,19,2,1,10
14516,64,2020-03-27,16,3,1,3
14517,64,2020-03-28,10,1,1,7
14518,64,2020-03-29,9,4,0,4
14519,64,2020-03-30,8,2,3,2
14520,64,2020-03-31,17,8,1,3
14521,64,2020-04-01,8,1,0,9
14522,64,2020-04-02,19,4,2,16
14523,64,2020-04-03,5,1,1,1
14524,64,2020-04-04,14,1,0,11
14525,64,2020-04-05,1,0,1,3
14526,64,2020-04-06,10,0,1,1
14527,64,2020-04-07,0,0,0,5
14528,64,2020-04-08,13,2,1,5
14529,64,2020-04-09,10,1,0,1
14530,64,2020-04-10,10,1,2,9
14531,64,2020-04-11,4,0,0,9
14532,64,2020-04-12,4,0,2,1
14533,64,2020-04-13,2,0,1,2
14534,64,2020-04-14,1,0,1,1
14535,64,2020-04-15,3,1,0,6
14536,64,2020-04-16,4,0,0,8
14537,64,2020-04-17,2,0,2,0
14538,64,2020-04-18,5,0,0,12
14539,64,2020-04-19,0,0,0,1
14540,64,2020-04-20,2,0,0,1
14541,64,2020-04-21,0,0,0,0
14542,64,2020-04-22,2,0,0,4
14543,64,2020-04-23,3,0,0,8
14544,64,2020-04-24,1,1,0,1
14545,64,2020-04-25,2,0,1,6
14546,64,2020-04-26,1,0,1,2
14547,64,2020-04-27,2,0,1,1
14548,64,2020-04-28,3,0,2,7
14549,64,2020-04-29,2,0,0,10
14550,64,2020-04-30,0,0,0,1
14551,64,2020-05-01,0,0,0,5
14552,64,2020-05-02,0,0,0,0
14553,64,2020-05-03,1,1,0,0
14554,64,2020-05-04,1,0,0,0
14555,64,2020-05-05,1,0,0,3
14556,64,2020-05-06,0,0,0,5
14557,64,2020-05-07,0,0,0,2
14558,64,2020-05-08,1,0,0,1
14559,64,2020-05-09,0,0,0,0
14560,64,2020-05-10,0,0,0,1
14561,64,2020-05-11,0,0,0,0
14562,64,2020-05-12,0,0,0,1
14563,64,2020-05-13,0,0,0,2
14564,64,2020-05-14,0,0,1,0
14565,64,2020-05-15,2,0,0,2
14566,64,2020-05-16,0,0,0,0
14567,64,2020-05-17,0,0,0,2
14568,64,2020-05-18,0,0,0,0
14569,64,2020-05-19,1,1,0,2
14570,64,2020-05-20,0,0,0,1
14571,64,2020-05-21,0,0,0,0
14572,64,2020-05-22,0,0,0,1
14573,64,2020-05-23,0,0,0,1
14574,64,2020-05-24,0,0,0,1
14575,64,2020-05-25,0,0,0,13
14576,64,2020-05-26,0,0,1,0
14577,64,2020-05-27,0,0,0,1
14578,64,2020-05-28,0,0,0,1
14579,64,2020-05-29,1,0,0,1
14580,64,2020-05-30,1,0,0,0
14581,64,2020-05-31,1,0,0,0
14582,64,2020-06-01,0,0,0,1
14583,64,2020-06-02,0,0,0,0
14584,64,2020-06-03,0,0,0,2
14585,64,2020-06-04,0,0,0,0
14586,64,2020-06-05,3,0,0,1
14587,64,2020-06-06,0,0,0,0
14588,64,2020-06-07,0,0,0,0
14589,64,2020-06-08,0,0,0,0
14590,64,2020-06-09,1,0,0,1
14591,64,2020-06-10,0,0,0,1
14592,64,2020-06-11,0,0,0,1
14593,64,2020-06-12,0,0,0,0
14594,64,2020-06-13,0,0,0,1
14595,64,2020-06-14,0,0,0,0
14596,64,2020-06-15,0,0,0,0
14597,64,2020-06-16,0,0,0,2
14598,64,2020-06-17,0,0,0,1
14599,64,2020-06-18,0,0,0,0
14600,64,2020-06-19,0,0,0,0
14601,64,2020-06-20,0,0,0,0
14602,64,2020-06-21,0,0,0,0
14603,64,2020-06-22,0,0,0,0
14604,64,2020-06-23,0,0,0,0
14605,64,2020-06-24,0,0,0,0
14606,64,2020-06-25,0,0,0,0
14607,64,2020-06-26,0,0,0,0
14608,64,2020-06-27,0,0,0,1
14609,64,2020-06-28,0,0,0,0
14610,64,2020-06-29,1,0,0,1
14611,64,2020-06-30,0,0,0,0
14612,64,2020-07-01,0,0,0,0
14613,64,2020-07-02,0,0,0,0
14614,64,2020-07-03,0,0,0,0
14615,64,2020-07-04,0,0,0,0
14616,64,2020-07-05,0,0,0,0
14617,64,2020-07-06,0,0,0,0
14618,64,2020-07-07,0,0,0,0
14619,64,2020-07-08,0,0,0,0
14620,64,2020-07-09,0,0,0,0
14621,64,2020-07-10,0,0,0,0
14622,64,2020-07-11,0,0,0,0
14623,64,2020-07-12,0,0,0,0
14624,64,2020-07-13,0,0,0,0
14625,64,2020-07-14,0,0,0,0
14626,64,2020-07-15,0,0,0,0
14627,64,2020-07-16,0,0,0,0
14628,64,2020-07-17,0,0,0,0
14629,64,2020-07-18,0,0,0,0
14630,64,2020-07-19,0,0,0,0
14631,64,2020-07-20,0,0,0,0
14632,64,2020-07-21,2,0,0,0
14633,64,2020-07-22,0,0,0,0
14634,64,2020-07-23,0,0,0,0
14635,64,2020-07-24,0,0,0,0
14636,64,2020-07-25,0,0,0,1
14637,64,2020-07-26,0,0,0,0
14638,64,2020-07-27,0,0,0,0
14639,64,2020-07-28,0,0,0,1
14640,64,2020-07-29,0,0,0,0
14641,64,2020-07-30,1,0,0,1
14642,64,2020-07-31,0,0,0,0
14643,64,2020-08-01,0,0,0,0
14644,64,2020-08-02,0,0,0,0
14645,64,2020-08-03,1,0,0,0
14646,64,2020-08-04,0,0,0,0
14647,64,2020-08-05,0,0,0,0
14648,64,2020-08-06,0,0,0,0
14649,64,2020-08-07,0,0,0,0
14650,64,2020-08-08,0,0,0,0
14651,64,2020-08-09,0,0,0,0
14652,64,2020-08-10,0,0,0,0
14653,64,2020-08-11,2,0,0,1
14654,64,2020-08-12,1,0,0,0
14655,64,2020-08-13,1,0,0,0
14656,64,2020-08-14,1,0,0,1
14657,64,2020-08-15,0,0,0,0
14658,64,2020-08-16,0,0,0,0
14659,64,2020-08-17,1,0,0,0
14660,64,2020-08-18,0,0,0,1
14661,64,2020-08-19,0,1,0,0
14662,64,2020-08-20,0,0,0,1
14663,64,2020-08-21,0,0,0,0
14664,64,2020-08-22,0,0,0,0
14665,64,2020-08-23,0,0,0,0
14666,64,2020-08-24,0,0,0,0
14667,64,2020-08-25,1,0,0,2
14668,64,2020-08-26,0,0,0,0
14669,64,2020-08-27,0,0,0,1
14670,64,2020-08-28,2,0,0,0
14671,64,2020-08-29,0,0,0,0
14672,64,2020-08-30,0,0,0,0
14673,64,2020-08-31,4,0,0,1
14674,64,2020-09-01,1,1,0,0
14675,64,2020-09-02,2,0,1,2
14676,64,2020-09-03,1,1,0,1
14677,64,2020-09-04,1,0,0,0
14678,64,2020-09-05,0,0,0,0
14679,64,2020-09-06,0,0,0,0
14680,64,2020-09-07,3,1,0,2
14681,64,2020-09-08,0,0,0,1
14682,64,2020-09-09,1,0,0,0
14683,64,2020-09-10,4,1,0,1
14684,64,2020-09-11,2,0,0,0
14685,64,2020-09-12,1,0,0,1
14686,64,2020-09-13,0,0,0,0
14687,64,2020-09-14,10,1,0,1
14688,64,2020-09-15,3,1,0,2
14689,64,2020-09-16,5,1,0,1
14690,64,2020-09-17,5,0,1,3
14691,64,2020-09-18,1,1,0,0
14692,64,2020-09-19,1,0,1,0
14693,64,2020-09-20,6,0,0,1
14694,64,2020-09-21,5,0,1,0
14695,64,2020-09-22,3,0,0,5
14696,64,2020-09-23,5,2,0,1
14697,64,2020-09-24,1,0,0,3
14698,64,2020-09-25,7,1,4,5
14699,64,2020-09-26,1,0,0,0
14700,64,2020-09-27,2,0,2,0
14701,64,2020-09-28,8,3,1,3
14702,64,2020-09-29,7,1,0,2
14703,64,2020-09-30,8,1,0,2
14704,64,2020-10-01,10,1,0,2
14705,64,2020-10-02,11,1,0,7
14706,64,2020-10-03,11,0,0,9
14707,64,2020-10-04,9,0,1,4
14708,64,2020-10-05,6,2,0,4
14709,64,2020-10-06,0,0,0,2
14710,64,2020-10-07,4,1,1,6
14711,64,2020-10-08,4,0,2,3
14712,64,2020-10-09,8,1,0,4
14713,64,2020-10-10,3,1,0,3
14714,64,2020-10-11,7,1,0,5
14715,64,2020-10-12,4,0,0,5
14716,64,2020-10-13,5,0,0,3
14717,64,2020-10-14,3,0,0,2
14718,64,2020-10-15,8,1,0,6
14719,64,2020-10-16,3,2,3,2
14720,64,2020-10-17,2,0,0,5
14721,64,2020-10-18,2,0,0,1
14722,64,2020-10-19,12,1,0,7
14723,64,2020-10-20,6,2,0,5
14724,64,2020-10-21,9,0,0,3
14725,64,2020-10-22,13,1,1,5
14726,64,2020-10-23,18,2,0,10
14727,64,2020-10-24,9,0,1,3
14728,64,2020-10-25,12,3,2,3
14729,64,2020-10-26,10,0,0,5
14730,64,2020-10-27,27,4,3,15
14731,64,2020-10-28,31,1,0,7
14732,64,2020-10-29,16,0,2,3
14733,64,2020-10-30,46,4,5,15
14734,64,2020-10-31,34,1,1,2
14735,64,2020-11-01,30,4,3,3
14736,64,2020-11-02,30,5,6,6
14737,64,2020-11-03,30,4,0,11
14738,64,2020-11-04,51,6,3,12
14739,64,2020-11-05,30,3,5,12
14740,64,2020-11-06,28,3,0,13
14741,64,2020-11-07,25,2,1,14
14742,65,2020-03-19,2,1,0,0
14743,65,2020-03-20,0,0,0,0
14744,65,2020-03-21,3,0,0,0
14745,65,2020-03-22,2,0,0,1
14746,65,2020-03-23,2,0,0,1
14747,65,2020-03-24,0,0,0,2
14748,65,2020-03-25,1,1,0,0
14749,65,2020-03-26,11,0,1,2
14750,65,2020-03-27,2,1,0,0
14751,65,2020-03-28,6,2,0,1
14752,65,2020-03-29,5,0,0,1
14753,65,2020-03-30,6,2,0,2
14754,65,2020-03-31,2,0,0,3
14755,65,2020-04-01,13,0,0,2
14756,65,2020-04-02,6,0,2,2
14757,65,2020-04-03,4,0,0,3
14758,65,2020-04-04,8,0,2,3
14759,65,2020-04-05,14,3,2,2
14760,65,2020-04-06,4,0,0,1
14761,65,2020-04-07,7,0,0,4
14762,65,2020-04-08,9,1,0,4
14763,65,2020-04-09,6,0,0,4
14764,65,2020-04-10,11,0,0,7
14765,65,2020-04-11,10,0,1,3
14766,65,2020-04-12,10,1,0,0
14767,65,2020-04-13,4,0,2,2
14768,65,2020-04-14,5,0,2,2
14769,65,2020-04-15,8,0,2,6
14770,65,2020-04-16,1,0,0,4
14771,65,2020-04-17,2,0,0,4
14772,65,2020-04-18,3,0,0,5
14773,65,2020-04-19,2,0,0,1
14774,65,2020-04-20,9,0,2,1
14775,65,2020-04-21,0,0,1,5
14776,65,2020-04-22,2,0,1,2
14777,65,2020-04-23,2,0,0,4
14778,65,2020-04-24,4,0,1,1
14779,65,2020-04-25,0,0,0,0
14780,65,2020-04-26,0,0,0,1
14781,65,2020-04-27,0,0,0,2
14782,65,2020-04-28,3,0,1,4
14783,65,2020-04-29,1,0,0,1
14784,65,2020-04-30,1,1,0,3
14785,65,2020-05-01,0,0,0,4
14786,65,2020-05-02,1,0,0,0
14787,65,2020-05-03,0,0,1,0
14788,65,2020-05-04,2,0,1,0
14789,65,2020-05-05,0,0,0,8
14790,65,2020-05-06,1,0,2,3
14791,65,2020-05-07,1,1,0,5
14792,65,2020-05-08,0,0,0,4
14793,65,2020-05-09,0,0,0,0
14794,65,2020-05-10,0,0,1,0
14795,65,2020-05-11,0,0,0,0
14796,65,2020-05-12,0,0,0,3
14797,65,2020-05-13,0,0,0,1
14798,65,2020-05-14,0,0,0,0
14799,65,2020-05-15,0,0,0,0
14800,65,2020-05-16,1,0,0,2
14801,65,2020-05-17,0,0,0,0
14802,65,2020-05-18,0,0,0,5
14803,65,2020-05-19,0,0,0,2
14804,65,2020-05-20,0,0,0,9
14805,65,2020-05-21,0,0,0,2
14806,65,2020-05-22,0,0,0,0
14807,65,2020-05-23,0,0,0,0
14808,65,2020-05-24,0,0,0,0
14809,65,2020-05-25,0,0,0,0
14810,65,2020-05-26,0,0,0,3
14811,65,2020-05-27,0,0,0,0
14812,65,2020-05-28,0,0,0,0
14813,65,2020-05-29,0,0,1,0
14814,65,2020-05-30,0,0,0,0
14815,65,2020-05-31,0,0,0,0
14816,65,2020-06-01,0,0,0,0
14817,65,2020-06-02,0,0,0,0
14818,65,2020-06-03,0,0,0,1
14819,65,2020-06-04,0,0,0,1
14820,65,2020-06-05,0,0,0,0
14821,65,2020-06-06,0,0,0,4
14822,65,2020-06-07,0,0,0,0
14823,65,2020-06-08,0,0,0,0
14824,65,2020-06-09,0,0,0,0
14825,65,2020-06-10,0,0,0,0
14826,65,2020-06-11,0,0,0,0
14827,65,2020-06-12,0,0,0,1
14828,65,2020-06-13,0,0,0,0
14829,65,2020-06-14,0,0,0,0
14830,65,2020-06-15,0,0,1,0
14831,65,2020-06-16,0,0,0,1
14832,65,2020-06-17,0,0,0,1
14833,65,2020-06-18,0,0,0,1
14834,65,2020-06-19,0,0,0,0
14835,65,2020-06-20,0,0,0,0
14836,65,2020-06-21,0,0,0,0
14837,65,2020-06-22,0,0,0,0
14838,65,2020-06-23,0,0,0,0
14839,65,2020-06-24,0,0,0,0
14840,65,2020-06-25,0,0,0,0
14841,65,2020-06-26,0,0,0,0
14842,65,2020-06-27,0,0,0,0
14843,65,2020-06-28,0,0,0,0
14844,65,2020-06-29,0,0,0,0
14845,65,2020-06-30,0,0,0,1
14846,65,2020-07-01,0,0,0,0
14847,65,2020-07-02,0,0,0,1
14848,65,2020-07-03,0,0,0,0
14849,65,2020-07-04,0,0,0,0
14850,65,2020-07-05,0,0,0,0
14851,65,2020-07-06,0,0,0,0
14852,65,2020-07-07,0,0,0,0
14853,65,2020-07-08,0,0,0,0
14854,65,2020-07-09,0,0,0,1
14855,65,2020-07-10,0,0,0,0
14856,65,2020-07-11,0,0,0,0
14857,65,2020-07-12,0,0,0,0
14858,65,2020-07-13,0,0,0,0
14859,65,2020-07-14,1,0,0,1
14860,65,2020-07-15,0,0,0,0
14861,65,2020-07-16,0,0,0,0
14862,65,2020-07-17,0,0,0,0
14863,65,2020-07-18,0,0,0,0
14864,65,2020-07-19,0,0,0,0
14865,65,2020-07-20,0,0,0,0
14866,65,2020-07-21,0,0,0,0
14867,65,2020-07-22,0,0,0,0
14868,65,2020-07-23,0,0,0,0
14869,65,2020-07-24,0,0,0,0
14870,65,2020-07-25,0,0,0,0
14871,65,2020-07-26,0,0,0,0
14872,65,2020-07-27,0,0,0,0
14873,65,2020-07-28,0,0,0,0
14874,65,2020-07-29,1,0,0,0
14875,65,2020-07-30,0,0,0,0
14876,65,2020-07-31,0,0,0,0
14877,65,2020-08-01,0,0,0,0
14878,65,2020-08-02,0,0,0,0
14879,65,2020-08-03,0,0,0,0
14880,65,2020-08-04,0,0,0,0
14881,65,2020-08-05,0,0,0,1
14882,65,2020-08-06,1,1,0,0
14883,65,2020-08-07,0,0,0,0
14884,65,2020-08-08,0,0,0,0
14885,65,2020-08-09,0,0,0,0
14886,65,2020-08-10,1,0,0,0
14887,65,2020-08-11,0,0,0,0
14888,65,2020-08-12,0,0,0,0
14889,65,2020-08-13,0,0,0,0
14890,65,2020-08-14,0,0,0,0
14891,65,2020-08-15,1,0,0,0
14892,65,2020-08-16,0,0,0,0
14893,65,2020-08-17,0,0,0,0
14894,65,2020-08-18,0,0,0,0
14895,65,2020-08-19,2,0,0,2
14896,65,2020-08-20,0,0,0,0
14897,65,2020-08-21,0,0,0,0
14898,65,2020-08-22,0,0,0,0
14899,65,2020-08-23,0,0,0,0
14900,65,2020-08-24,1,0,0,0
14901,65,2020-08-25,4,0,0,2
14902,65,2020-08-26,0,0,0,0
14903,65,2020-08-27,0,0,0,0
14904,65,2020-08-28,1,0,0,1
14905,65,2020-08-29,0,0,0,0
14906,65,2020-08-30,0,0,0,0
14907,65,2020-08-31,0,0,0,0
14908,65,2020-09-01,0,0,0,0
14909,65,2020-09-02,0,0,0,3
14910,65,2020-09-03,0,0,0,0
14911,65,2020-09-04,0,0,0,0
14912,65,2020-09-05,0,0,0,1
14913,65,2020-09-06,0,0,0,0
14914,65,2020-09-07,0,0,0,0
14915,65,2020-09-08,0,0,0,0
14916,65,2020-09-09,1,1,0,0
14917,65,2020-09-10,1,0,0,0
14918,65,2020-09-11,1,0,0,0
14919,65,2020-09-12,0,0,0,0
14920,65,2020-09-13,0,0,0,0
14921,65,2020-09-14,0,0,0,2
14922,65,2020-09-15,0,0,0,0
14923,65,2020-09-16,1,0,0,1
14924,65,2020-09-17,2,0,0,1
14925,65,2020-09-18,0,0,0,0
14926,65,2020-09-19,0,0,0,0
14927,65,2020-09-20,0,0,0,0
14928,65,2020-09-21,0,0,0,1
14929,65,2020-09-22,1,1,0,0
14930,65,2020-09-23,1,0,0,0
14931,65,2020-09-24,0,0,0,0
14932,65,2020-09-25,1,1,0,0
14933,65,2020-09-26,0,0,0,0
14934,65,2020-09-27,1,1,0,0
14935,65,2020-09-28,0,0,0,0
14936,65,2020-09-29,3,1,0,2
14937,65,2020-09-30,1,0,0,1
14938,65,2020-10-01,0,0,0,0
14939,65,2020-10-02,0,0,0,0
14940,65,2020-10-03,0,0,0,1
14941,65,2020-10-04,1,1,0,0
14942,65,2020-10-05,1,0,0,2
14943,65,2020-10-06,2,0,0,0
14944,65,2020-10-07,0,0,0,0
14945,65,2020-10-08,0,0,0,1
14946,65,2020-10-09,1,0,0,1
14947,65,2020-10-10,2,0,0,2
14948,65,2020-10-11,0,0,0,0
14949,65,2020-10-12,1,0,0,0
14950,65,2020-10-13,0,0,0,0
14951,65,2020-10-14,3,0,0,0
14952,65,2020-10-15,0,0,0,1
14953,65,2020-10-16,0,0,0,1
14954,65,2020-10-17,0,0,0,0
14955,65,2020-10-18,9,1,0,1
14956,65,2020-10-19,2,2,0,0
14957,65,2020-10-20,1,0,0,1
14958,65,2020-10-21,1,0,1,1
14959,65,2020-10-22,4,2,0,3
14960,65,2020-10-23,7,0,1,2
14961,65,2020-10-24,4,0,0,2
14962,65,2020-10-25,17,0,0,2
14963,65,2020-10-26,0,0,1,1
14964,65,2020-10-27,5,2,1,2
14965,65,2020-10-28,3,0,1,3
14966,65,2020-10-29,10,1,1,4
14967,65,2020-10-30,8,1,2,1
14968,65,2020-10-31,16,0,0,1
14969,65,2020-11-01,7,2,2,3
14970,65,2020-11-02,4,2,1,0
14971,65,2020-11-03,15,3,0,5
14972,65,2020-11-04,18,2,0,5
14973,65,2020-11-05,9,1,1,4
14974,65,2020-11-06,9,2,4,7
14975,65,2020-11-07,12,0,0,5
14976,66,2020-03-19,19,9,3,2
14977,66,2020-03-20,7,6,1,0
14978,66,2020-03-21,1,1,1,0
14979,66,2020-03-22,41,7,0,1
14980,66,2020-03-23,23,4,1,2
14981,66,2020-03-24,16,6,1,6
14982,66,2020-03-25,20,4,0,11
14983,66,2020-03-26,23,7,1,7
14984,66,2020-03-27,13,2,1,9
14985,66,2020-03-28,25,5,0,10
14986,66,2020-03-29,17,3,2,7
14987,66,2020-03-30,11,7,2,8
14988,66,2020-03-31,19,4,1,18
14989,66,2020-04-01,13,4,1,19
14990,66,2020-04-02,11,0,1,10
14991,66,2020-04-03,10,2,0,18
14992,66,2020-04-04,11,3,1,5
14993,66,2020-04-05,7,0,0,9
14994,66,2020-04-06,9,1,1,6
14995,66,2020-04-07,9,5,2,13
14996,66,2020-04-08,5,1,0,10
14997,66,2020-04-09,3,1,0,7
14998,66,2020-04-10,9,4,1,14
14999,66,2020-04-11,5,0,1,5
15000,66,2020-04-12,2,0,1,1
15001,66,2020-04-13,6,0,0,12
15002,66,2020-04-14,2,0,0,10
15003,66,2020-04-15,3,1,1,11
15004,66,2020-04-16,2,0,0,9
15005,66,2020-04-17,1,0,1,7
15006,66,2020-04-18,1,0,0,6
15007,66,2020-04-19,1,1,0,0
15008,66,2020-04-20,1,0,1,1
15009,66,2020-04-21,3,1,0,5
15010,66,2020-04-22,2,0,0,4
15011,66,2020-04-23,4,0,2,1
15012,66,2020-04-24,0,0,1,0
15013,66,2020-04-25,2,0,0,4
15014,66,2020-04-26,0,0,0,1
15015,66,2020-04-27,1,0,1,1
15016,66,2020-04-28,3,0,1,4
15017,66,2020-04-29,3,0,1,2
15018,66,2020-04-30,0,0,2,2
15019,66,2020-05-01,1,0,0,2
15020,66,2020-05-02,0,0,0,0
15021,66,2020-05-03,1,0,0,2
15022,66,2020-05-04,1,0,0,0
15023,66,2020-05-05,1,0,1,4
15024,66,2020-05-06,0,0,0,1
15025,66,2020-05-07,0,0,0,0
15026,66,2020-05-08,0,0,0,0
15027,66,2020-05-09,0,0,0,0
15028,66,2020-05-10,0,0,0,0
15029,66,2020-05-11,0,0,0,0
15030,66,2020-05-12,0,0,0,4
15031,66,2020-05-13,1,1,0,0
15032,66,2020-05-14,0,0,0,0
15033,66,2020-05-15,0,0,0,1
15034,66,2020-05-16,0,0,0,0
15035,66,2020-05-17,0,0,0,0
15036,66,2020-05-18,0,0,0,1
15037,66,2020-05-19,0,0,0,0
15038,66,2020-05-20,0,0,0,1
15039,66,2020-05-21,0,0,0,2
15040,66,2020-05-22,0,0,0,0
15041,66,2020-05-23,1,0,0,0
15042,66,2020-05-24,0,0,0,0
15043,66,2020-05-25,0,0,0,0
15044,66,2020-05-26,0,0,0,0
15045,66,2020-05-27,0,0,0,0
15046,66,2020-05-28,0,0,0,0
15047,66,2020-05-29,0,0,0,0
15048,66,2020-05-30,0,0,0,0
15049,66,2020-05-31,0,0,0,0
15050,66,2020-06-01,0,0,0,0
15051,66,2020-06-02,0,1,0,0
15052,66,2020-06-03,0,0,0,0
15053,66,2020-06-04,0,0,0,0
15054,66,2020-06-05,0,0,0,0
15055,66,2020-06-06,0,0,0,0
15056,66,2020-06-07,0,0,0,0
15057,66,2020-06-08,0,0,0,0
15058,66,2020-06-09,0,0,0,0
15059,66,2020-06-10,0,0,0,0
15060,66,2020-06-11,0,0,0,1
15061,66,2020-06-12,0,0,0,0
15062,66,2020-06-13,0,0,0,0
15063,66,2020-06-14,0,0,0,0
15064,66,2020-06-15,0,0,0,0
15065,66,2020-06-16,0,0,0,0
15066,66,2020-06-17,0,0,0,0
15067,66,2020-06-18,0,0,0,0
15068,66,2020-06-19,0,0,0,0
15069,66,2020-06-20,0,0,0,0
15070,66,2020-06-21,0,0,0,0
15071,66,2020-06-22,0,0,0,0
15072,66,2020-06-23,0,0,0,0
15073,66,2020-06-24,0,0,0,0
15074,66,2020-06-25,0,0,0,0
15075,66,2020-06-26,0,0,0,1
15076,66,2020-06-27,0,0,0,0
15077,66,2020-06-28,0,0,0,0
15078,66,2020-06-29,0,0,0,0
15079,66,2020-06-30,0,0,0,0
15080,66,2020-07-01,0,0,0,0
15081,66,2020-07-02,0,0,0,0
15082,66,2020-07-03,0,0,0,0
15083,66,2020-07-04,0,0,0,0
15084,66,2020-07-05,0,0,0,0
15085,66,2020-07-06,0,0,0,0
15086,66,2020-07-07,0,0,0,0
15087,66,2020-07-08,0,0,0,0
15088,66,2020-07-09,0,0,0,0
15089,66,2020-07-10,2,0,0,0
15090,66,2020-07-11,0,0,0,0
15091,66,2020-07-12,0,0,0,0
15092,66,2020-07-13,0,0,0,1
15093,66,2020-07-14,0,0,0,0
15094,66,2020-07-15,1,0,0,1
15095,66,2020-07-16,0,0,0,0
15096,66,2020-07-17,0,0,0,0
15097,66,2020-07-18,0,0,0,0
15098,66,2020-07-19,0,0,0,0
15099,66,2020-07-20,0,0,0,0
15100,66,2020-07-21,0,0,0,0
15101,66,2020-07-22,0,0,0,0
15102,66,2020-07-23,0,0,0,0
15103,66,2020-07-24,0,0,0,0
15104,66,2020-07-25,0,0,0,0
15105,66,2020-07-26,0,0,0,0
15106,66,2020-07-27,0,0,0,0
15107,66,2020-07-28,2,0,0,0
15108,66,2020-07-29,0,0,0,0
15109,66,2020-07-30,0,0,0,1
15110,66,2020-07-31,0,0,0,1
15111,66,2020-08-01,0,0,0,0
15112,66,2020-08-02,0,0,0,0
15113,66,2020-08-03,0,0,0,0
15114,66,2020-08-04,0,0,0,0
15115,66,2020-08-05,0,0,0,0
15116,66,2020-08-06,0,0,0,0
15117,66,2020-08-07,0,0,0,0
15118,66,2020-08-08,0,0,0,0
15119,66,2020-08-09,0,0,0,0
15120,66,2020-08-10,0,0,0,0
15121,66,2020-08-11,0,0,0,0
15122,66,2020-08-12,0,0,0,0
15123,66,2020-08-13,1,0,0,0
15124,66,2020-08-14,1,0,0,0
15125,66,2020-08-15,0,0,0,0
15126,66,2020-08-16,0,0,0,0
15127,66,2020-08-17,1,0,0,0
15128,66,2020-08-18,1,1,0,0
15129,66,2020-08-19,1,1,1,1
15130,66,2020-08-20,1,0,0,0
15131,66,2020-08-21,0,1,0,0
15132,66,2020-08-22,0,0,0,0
15133,66,2020-08-23,0,0,0,0
15134,66,2020-08-24,2,0,0,0
15135,66,2020-08-25,0,0,0,1
15136,66,2020-08-26,2,1,0,1
15137,66,2020-08-27,0,0,1,1
15138,66,2020-08-28,1,0,0,0
15139,66,2020-08-29,0,0,0,1
15140,66,2020-08-30,0,0,0,0
15141,66,2020-08-31,2,0,0,0
15142,66,2020-09-01,1,0,0,2
15143,66,2020-09-02,1,1,0,0
15144,66,2020-09-03,1,0,0,1
15145,66,2020-09-04,2,0,0,0
15146,66,2020-09-05,0,0,0,0
15147,66,2020-09-06,0,0,0,0
15148,66,2020-09-07,1,0,0,1
15149,66,2020-09-08,0,0,0,0
15150,66,2020-09-09,2,1,0,0
15151,66,2020-09-10,1,0,0,0
15152,66,2020-09-11,0,0,0,0
15153,66,2020-09-12,2,0,0,2
15154,66,2020-09-13,0,0,0,0
15155,66,2020-09-14,4,0,0,0
15156,66,2020-09-15,3,0,0,4
15157,66,2020-09-16,4,0,0,2
15158,66,2020-09-17,1,0,1,1
15159,66,2020-09-18,1,1,0,1
15160,66,2020-09-19,1,1,1,1
15161,66,2020-09-20,0,0,0,0
15162,66,2020-09-21,5,2,1,0
15163,66,2020-09-22,1,1,0,1
15164,66,2020-09-23,2,0,0,1
15165,66,2020-09-24,2,0,0,2
15166,66,2020-09-25,4,1,0,0
15167,66,2020-09-26,0,0,0,0
15168,66,2020-09-27,0,0,0,0
15169,66,2020-09-28,3,0,0,3
15170,66,2020-09-29,1,1,0,3
15171,66,2020-09-30,3,0,0,5
15172,66,2020-10-01,2,1,0,0
15173,66,2020-10-02,0,0,0,0
15174,66,2020-10-03,1,0,0,3
15175,66,2020-10-04,0,0,1,1
15176,66,2020-10-05,3,0,0,2
15177,66,2020-10-06,3,1,0,2
15178,66,2020-10-07,2,0,0,2
15179,66,2020-10-08,6,1,0,2
15180,66,2020-10-09,5,2,0,3
15181,66,2020-10-10,0,0,0,1
15182,66,2020-10-11,1,0,0,0
15183,66,2020-10-12,5,1,0,0
15184,66,2020-10-13,1,1,0,5
15185,66,2020-10-14,9,2,1,4
15186,66,2020-10-15,4,1,0,1
15187,66,2020-10-16,6,3,1,1
15188,66,2020-10-17,1,0,0,3
15189,66,2020-10-18,6,1,0,0
15190,66,2020-10-19,1,1,2,0
15191,66,2020-10-20,7,1,1,1
15192,66,2020-10-21,10,4,2,5
15193,66,2020-10-22,4,1,2,2
15194,66,2020-10-23,14,2,3,1
15195,66,2020-10-24,6,0,1,9
15196,66,2020-10-25,8,2,0,5
15197,66,2020-10-26,5,1,2,1
15198,66,2020-10-27,13,4,1,8
15199,66,2020-10-28,13,1,7,4
15200,66,2020-10-29,17,2,0,3
15201,66,2020-10-30,17,1,3,4
15202,66,2020-10-31,9,0,4,2
15203,66,2020-11-01,6,2,1,1
15204,66,2020-11-02,5,1,6,1
15205,66,2020-11-03,14,1,2,10
15206,66,2020-11-04,6,5,0,4
15207,66,2020-11-05,9,3,1,6
15208,66,2020-11-06,8,1,4,3
15209,66,2020-11-07,24,0,2,9
15210,67,2020-03-19,161,30,8,28
15211,67,2020-03-20,44,6,6,10
15212,67,2020-03-21,67,21,3,10
15213,67,2020-03-22,79,16,11,0
15214,67,2020-03-23,86,28,8,24
15215,67,2020-03-24,130,28,19,44
15216,67,2020-03-25,116,25,14,32
15217,67,2020-03-26,126,24,13,75
15218,67,2020-03-27,102,36,16,24
15219,67,2020-03-28,87,17,11,28
15220,67,2020-03-29,90,19,18,16
15221,67,2020-03-30,69,22,18,13
15222,67,2020-03-31,142,35,27,41
15223,67,2020-04-01,162,36,27,83
15224,67,2020-04-02,89,20,18,37
15225,67,2020-04-03,165,31,30,91
15226,67,2020-04-04,91,21,11,58
15227,67,2020-04-05,79,12,15,33
15228,67,2020-04-06,53,10,11,35
15229,67,2020-04-07,88,10,18,61
15230,67,2020-04-08,89,19,15,75
15231,67,2020-04-09,107,7,14,74
15232,67,2020-04-10,115,11,11,88
15233,67,2020-04-11,20,2,3,13
15234,67,2020-04-12,40,4,7,38
15235,67,2020-04-13,19,0,5,10
15236,67,2020-04-14,59,6,18,23
15237,67,2020-04-15,74,3,13,100
15238,67,2020-04-16,53,12,9,64
15239,67,2020-04-17,64,11,18,68
15240,67,2020-04-18,61,4,10,57
15241,67,2020-04-19,18,3,5,16
15242,67,2020-04-20,34,4,6,13
15243,67,2020-04-21,73,4,15,52
15244,67,2020-04-22,38,2,13,56
15245,67,2020-04-23,30,6,10,83
15246,67,2020-04-24,13,1,7,29
15247,67,2020-04-25,33,4,4,21
15248,67,2020-04-26,5,0,6,7
15249,67,2020-04-27,39,8,7,19
15250,67,2020-04-28,31,1,10,37
15251,67,2020-04-29,35,4,6,48
15252,67,2020-04-30,23,2,6,33
15253,67,2020-05-01,21,4,15,37
15254,67,2020-05-02,11,0,10,11
15255,67,2020-05-03,3,0,2,10
15256,67,2020-05-04,13,3,5,14
15257,67,2020-05-05,22,2,3,24
15258,67,2020-05-06,37,2,6,45
15259,67,2020-05-07,20,5,5,35
15260,67,2020-05-08,16,1,8,27
15261,67,2020-05-09,4,0,0,6
15262,67,2020-05-10,6,1,2,4
15263,67,2020-05-11,13,4,3,17
15264,67,2020-05-12,19,2,3,23
15265,67,2020-05-13,31,3,6,31
15266,67,2020-05-14,8,0,6,18
15267,67,2020-05-15,13,0,7,45
15268,67,2020-05-16,3,4,3,23
15269,67,2020-05-17,6,3,2,19
15270,67,2020-05-18,18,0,3,20
15271,67,2020-05-19,13,1,7,28
15272,67,2020-05-20,8,1,2,13
15273,67,2020-05-21,3,0,0,9
15274,67,2020-05-22,20,1,4,20
15275,67,2020-05-23,5,1,0,13
15276,67,2020-05-24,1,0,6,10
15277,67,2020-05-25,3,0,1,12
15278,67,2020-05-26,5,0,1,12
15279,67,2020-05-27,11,2,2,32
15280,67,2020-05-28,12,0,3,18
15281,67,2020-05-29,9,1,5,38
15282,67,2020-05-30,20,0,2,21
15283,67,2020-05-31,2,1,1,7
15284,67,2020-06-01,0,0,1,0
15285,67,2020-06-02,5,1,1,5
15286,67,2020-06-03,9,0,2,19
15287,67,2020-06-04,2,1,0,16
15288,67,2020-06-05,6,2,3,25
15289,67,2020-06-06,2,0,0,5
15290,67,2020-06-07,0,0,1,1
15291,67,2020-06-08,4,3,3,10
15292,67,2020-06-09,2,0,0,17
15293,67,2020-06-10,7,0,3,15
15294,67,2020-06-11,2,1,0,8
15295,67,2020-06-12,2,1,3,25
15296,67,2020-06-13,1,2,0,8
15297,67,2020-06-14,0,0,1,0
15298,67,2020-06-15,7,0,0,7
15299,67,2020-06-16,7,1,2,8
15300,67,2020-06-17,4,0,0,5
15301,67,2020-06-18,6,0,2,6
15302,67,2020-06-19,1,0,1,9
15303,67,2020-06-20,1,0,0,0
15304,67,2020-06-21,1,0,1,1
15305,67,2020-06-22,0,0,1,0
15306,67,2020-06-23,2,0,2,18
15307,67,2020-06-24,2,0,1,12
15308,67,2020-06-25,0,0,1,3
15309,67,2020-06-26,2,0,0,13
15310,67,2020-06-27,0,0,0,2
15311,67,2020-06-28,0,0,0,0
15312,67,2020-06-29,3,0,0,2
15313,67,2020-06-30,3,1,1,12
15314,67,2020-07-01,2,0,0,2
15315,67,2020-07-02,0,0,0,4
15316,67,2020-07-03,3,0,0,8
15317,67,2020-07-04,1,0,1,2
15318,67,2020-07-05,0,0,0,0
15319,67,2020-07-06,0,0,1,0
15320,67,2020-07-07,1,1,0,3
15321,67,2020-07-08,1,0,0,12
15322,67,2020-07-09,1,0,0,3
15323,67,2020-07-10,2,0,1,33
15324,67,2020-07-11,0,0,0,1
15325,67,2020-07-12,0,0,0,0
15326,67,2020-07-13,1,0,1,0
15327,67,2020-07-14,0,0,0,0
15328,67,2020-07-15,1,1,0,1
15329,67,2020-07-16,1,0,0,0
15330,67,2020-07-17,1,0,1,3
15331,67,2020-07-18,2,1,0,2
15332,67,2020-07-19,0,0,0,0
15333,67,2020-07-20,1,2,0,4
15334,67,2020-07-21,2,0,0,0
15335,67,2020-07-22,1,0,0,14
15336,67,2020-07-23,0,0,1,31
15337,67,2020-07-24,1,0,0,5
15338,67,2020-07-25,0,0,0,2
15339,67,2020-07-26,0,0,0,0
15340,67,2020-07-27,0,0,0,7
15341,67,2020-07-28,1,0,0,2
15342,67,2020-07-29,1,0,2,9
15343,67,2020-07-30,3,0,4,4
15344,67,2020-07-31,2,0,0,4
15345,67,2020-08-01,0,0,0,0
15346,67,2020-08-02,0,0,0,0
15347,67,2020-08-03,1,1,1,1
15348,67,2020-08-04,0,0,0,2
15349,67,2020-08-05,0,0,0,0
15350,67,2020-08-06,1,0,0,25
15351,67,2020-08-07,0,0,0,1
15352,67,2020-08-08,0,0,0,3
15353,67,2020-08-09,0,0,0,0
15354,67,2020-08-10,0,0,0,2
15355,67,2020-08-11,3,0,1,2
15356,67,2020-08-12,2,0,0,0
15357,67,2020-08-13,7,0,0,4
15358,67,2020-08-14,0,0,0,0
15359,67,2020-08-15,0,0,0,0
15360,67,2020-08-16,0,0,0,0
15361,67,2020-08-17,1,0,0,2
15362,67,2020-08-18,3,0,1,4
15363,67,2020-08-19,5,0,0,7
15364,67,2020-08-20,1,1,0,4
15365,67,2020-08-21,1,0,2,7
15366,67,2020-08-22,1,0,0,3
15367,67,2020-08-23,0,0,0,0
15368,67,2020-08-24,9,1,0,8
15369,67,2020-08-25,9,1,7,22
15370,67,2020-08-26,7,0,1,12
15371,67,2020-08-27,3,0,0,9
15372,67,2020-08-28,11,1,4,10
15373,67,2020-08-29,0,1,1,3
15374,67,2020-08-30,0,0,0,0
15375,67,2020-08-31,2,1,0,2
15376,67,2020-09-01,1,0,0,1
15377,67,2020-09-02,5,3,2,3
15378,67,2020-09-03,1,0,0,4
15379,67,2020-09-04,5,1,1,1
15380,67,2020-09-05,0,0,3,6
15381,67,2020-09-06,0,0,0,0
15382,67,2020-09-07,1,0,0,2
15383,67,2020-09-08,2,1,4,18
15384,67,2020-09-09,1,2,0,8
15385,67,2020-09-10,4,0,0,3
15386,67,2020-09-11,5,0,4,4
15387,67,2020-09-12,0,0,0,0
15388,67,2020-09-13,0,0,0,0
15389,67,2020-09-14,0,0,0,0
15390,67,2020-09-15,3,3,0,2
15391,67,2020-09-16,8,3,1,0
15392,67,2020-09-17,6,3,1,2
15393,67,2020-09-18,2,0,0,6
15394,67,2020-09-19,2,0,0,1
15395,67,2020-09-20,0,0,0,0
15396,67,2020-09-21,1,0,0,4
15397,67,2020-09-22,17,1,0,2
15398,67,2020-09-23,6,1,1,7
15399,67,2020-09-24,0,1,0,25
15400,67,2020-09-25,8,3,0,4
15401,67,2020-09-26,0,0,0,2
15402,67,2020-09-27,0,0,0,0
15403,67,2020-09-28,4,1,1,3
15404,67,2020-09-29,6,0,0,2
15405,67,2020-09-30,2,0,1,4
15406,67,2020-10-01,3,0,1,5
15407,67,2020-10-02,3,0,1,9
15408,67,2020-10-03,3,0,1,1
15409,67,2020-10-04,6,0,0,2
15410,67,2020-10-05,4,1,0,4
15411,67,2020-10-06,9,0,0,2
15412,67,2020-10-07,9,1,0,5
15413,67,2020-10-08,5,2,1,10
15414,67,2020-10-09,10,2,0,3
15415,67,2020-10-10,2,0,1,4
15416,67,2020-10-11,1,1,0,0
15417,67,2020-10-12,6,2,0,3
15418,67,2020-10-13,13,0,2,5
15419,67,2020-10-14,9,2,0,3
15420,67,2020-10-15,14,3,0,2
15421,67,2020-10-16,4,1,0,5
15422,67,2020-10-17,13,0,0,5
15423,67,2020-10-18,6,0,1,2
15424,67,2020-10-19,3,1,0,4
15425,67,2020-10-20,26,2,1,9
15426,67,2020-10-21,16,3,0,11
15427,67,2020-10-22,19,1,0,4
15428,67,2020-10-23,16,4,1,4
15429,67,2020-10-24,36,2,0,4
15430,67,2020-10-25,12,5,3,1
15431,67,2020-10-26,34,2,4,8
15432,67,2020-10-27,16,4,2,13
15433,67,2020-10-28,31,1,2,9
15434,67,2020-10-29,22,4,0,12
15435,67,2020-10-30,39,6,3,7
15436,67,2020-10-31,34,5,7,5
15437,67,2020-11-01,41,9,2,10
15438,67,2020-11-02,61,4,5,6
15439,67,2020-11-03,34,5,4,14
15440,67,2020-11-04,43,6,3,18
15441,67,2020-11-05,47,4,1,18
15442,67,2020-11-06,44,11,3,19
15443,67,2020-11-07,38,2,5,39
15444,68,2020-03-19,140,13,18,24
15445,68,2020-03-20,92,19,13,30
15446,68,2020-03-21,83,8,20,39
15447,68,2020-03-22,50,8,16,13
15448,68,2020-03-23,141,21,22,14
15449,68,2020-03-24,179,17,33,42
15450,68,2020-03-25,201,23,52,54
15451,68,2020-03-26,177,35,33,49
15452,68,2020-03-27,160,19,22,37
15453,68,2020-03-28,143,19,36,76
15454,68,2020-03-29,113,18,24,33
15455,68,2020-03-30,176,27,36,57
15456,68,2020-03-31,170,37,36,95
15457,68,2020-04-01,125,18,26,44
15458,68,2020-04-02,161,21,26,96
15459,68,2020-04-03,106,24,24,61
15460,68,2020-04-04,31,9,17,72
15461,68,2020-04-05,56,10,13,43
15462,68,2020-04-06,98,17,41,29
15463,68,2020-04-07,123,16,18,81
15464,68,2020-04-08,82,19,23,73
15465,68,2020-04-09,68,9,19,71
15466,68,2020-04-10,85,5,18,38
15467,68,2020-04-11,32,11,6,28
15468,68,2020-04-12,29,8,12,14
15469,68,2020-04-13,21,4,7,20
15470,68,2020-04-14,72,10,13,37
15471,68,2020-04-15,77,6,14,95
15472,68,2020-04-16,56,8,24,91
15473,68,2020-04-17,51,4,2,42
15474,68,2020-04-18,26,4,5,42
15475,68,2020-04-19,18,1,2,33
15476,68,2020-04-20,38,8,5,20
15477,68,2020-04-21,51,3,6,56
15478,68,2020-04-22,20,10,4,52
15479,68,2020-04-23,31,5,3,30
15480,68,2020-04-24,38,5,5,33
15481,68,2020-04-25,11,4,3,44
15482,68,2020-04-26,19,5,7,10
15483,68,2020-04-27,38,6,8,25
15484,68,2020-04-28,33,3,6,61
15485,68,2020-04-29,27,3,4,49
15486,68,2020-04-30,43,1,9,40
15487,68,2020-05-01,20,2,2,36
15488,68,2020-05-02,12,4,4,21
15489,68,2020-05-03,9,2,4,8
15490,68,2020-05-04,44,3,5,9
15491,68,2020-05-05,36,11,11,50
15492,68,2020-05-06,19,1,3,35
15493,68,2020-05-07,23,3,4,36
15494,68,2020-05-08,16,1,2,27
15495,68,2020-05-09,5,0,1,14
15496,68,2020-05-10,3,0,0,3
15497,68,2020-05-11,29,2,7,26
15498,68,2020-05-12,30,2,4,26
15499,68,2020-05-13,6,0,2,33
15500,68,2020-05-14,50,0,13,65
15501,68,2020-05-15,25,1,1,20
15502,68,2020-05-16,8,1,1,21
15503,68,2020-05-17,9,2,3,17
15504,68,2020-05-18,23,6,4,11
15505,68,2020-05-19,21,2,3,43
15506,68,2020-05-20,19,1,3,29
15507,68,2020-05-21,4,0,0,10
15508,68,2020-05-22,15,2,4,36
15509,68,2020-05-23,19,3,3,24
15510,68,2020-05-24,0,1,0,0
15511,68,2020-05-25,19,1,4,26
15512,68,2020-05-26,11,1,3,24
15513,68,2020-05-27,23,3,2,53
15514,68,2020-05-28,8,0,2,21
15515,68,2020-05-29,5,1,1,21
15516,68,2020-05-30,7,1,2,16
15517,68,2020-05-31,0,1,0,0
15518,68,2020-06-01,0,0,0,0
15519,68,2020-06-02,13,1,7,31
15520,68,2020-06-03,9,0,3,21
15521,68,2020-06-04,15,1,0,16
15522,68,2020-06-05,22,1,3,54
15523,68,2020-06-06,4,0,2,12
15524,68,2020-06-07,0,0,0,0
15525,68,2020-06-08,6,1,2,14
15526,68,2020-06-09,4,1,0,27
15527,68,2020-06-10,2,0,1,18
15528,68,2020-06-11,2,1,0,14
15529,68,2020-06-12,6,0,0,20
15530,68,2020-06-13,2,0,0,5
15531,68,2020-06-14,0,0,0,0
15532,68,2020-06-15,11,2,0,15
15533,68,2020-06-16,3,1,0,20
15534,68,2020-06-17,3,1,0,16
15535,68,2020-06-18,4,0,1,10
15536,68,2020-06-19,2,0,2,6
15537,68,2020-06-20,2,1,1,4
15538,68,2020-06-21,0,0,0,0
15539,68,2020-06-22,6,1,2,18
15540,68,2020-06-23,3,1,1,15
15541,68,2020-06-24,5,0,0,7
15542,68,2020-06-25,7,0,1,8
15543,68,2020-06-26,2,2,3,13
15544,68,2020-06-27,0,0,0,1
15545,68,2020-06-28,0,0,0,0
15546,68,2020-06-29,3,0,0,4
15547,68,2020-06-30,8,0,2,10
15548,68,2020-07-01,9,2,7,49
15549,68,2020-07-02,0,0,0,3
15550,68,2020-07-03,3,1,3,12
15551,68,2020-07-04,0,0,0,1
15552,68,2020-07-05,0,0,0,0
15553,68,2020-07-06,5,1,0,5
15554,68,2020-07-07,6,4,0,4
15555,68,2020-07-08,4,0,1,7
15556,68,2020-07-09,1,0,0,7
15557,68,2020-07-10,1,0,0,9
15558,68,2020-07-11,1,0,0,4
15559,68,2020-07-12,0,0,0,0
15560,68,2020-07-13,1,0,1,7
15561,68,2020-07-14,0,0,0,0
15562,68,2020-07-15,7,2,2,6
15563,68,2020-07-16,1,0,1,5
15564,68,2020-07-17,0,0,1,5
15565,68,2020-07-18,3,0,0,4
15566,68,2020-07-19,0,0,0,0
15567,68,2020-07-20,4,0,0,8
15568,68,2020-07-21,0,0,0,3
15569,68,2020-07-22,0,0,0,4
15570,68,2020-07-23,5,1,1,23
15571,68,2020-07-24,0,0,0,1
15572,68,2020-07-25,0,0,0,0
15573,68,2020-07-26,0,0,0,0
15574,68,2020-07-27,1,1,0,2
15575,68,2020-07-28,3,1,0,5
15576,68,2020-07-29,0,0,0,3
15577,68,2020-07-30,1,0,0,2
15578,68,2020-07-31,0,0,0,2
15579,68,2020-08-01,0,0,0,0
15580,68,2020-08-02,0,0,0,0
15581,68,2020-08-03,1,0,0,3
15582,68,2020-08-04,0,0,0,1
15583,68,2020-08-05,5,0,1,0
15584,68,2020-08-06,3,0,0,3
15585,68,2020-08-07,1,1,0,0
15586,68,2020-08-08,0,0,0,0
15587,68,2020-08-09,0,0,0,0
15588,68,2020-08-10,13,0,0,5
15589,68,2020-08-11,2,0,0,6
15590,68,2020-08-12,3,0,1,3
15591,68,2020-08-13,1,0,0,0
15592,68,2020-08-14,4,1,0,4
15593,68,2020-08-15,0,0,1,1
15594,68,2020-08-16,0,0,0,0
15595,68,2020-08-17,5,0,0,3
15596,68,2020-08-18,5,0,0,15
15597,68,2020-08-19,0,0,0,9
15598,68,2020-08-20,5,2,0,4
15599,68,2020-08-21,3,1,0,0
15600,68,2020-08-22,0,0,0,0
15601,68,2020-08-23,0,0,0,0
15602,68,2020-08-24,2,1,0,3
15603,68,2020-08-25,8,1,2,23
15604,68,2020-08-26,1,0,0,3
15605,68,2020-08-27,3,1,0,2
15606,68,2020-08-28,3,0,0,0
15607,68,2020-08-29,3,1,0,2
15608,68,2020-08-30,0,0,0,0
15609,68,2020-08-31,1,0,2,6
15610,68,2020-09-01,3,1,0,5
15611,68,2020-09-02,3,1,0,7
15612,68,2020-09-03,5,0,0,5
15613,68,2020-09-04,3,0,0,4
15614,68,2020-09-05,2,0,1,27
15615,68,2020-09-06,0,0,0,0
15616,68,2020-09-07,1,1,0,3
15617,68,2020-09-08,2,1,3,15
15618,68,2020-09-09,1,0,0,2
15619,68,2020-09-10,4,1,0,8
15620,68,2020-09-11,3,0,1,9
15621,68,2020-09-12,3,0,0,5
15622,68,2020-09-13,0,0,0,0
15623,68,2020-09-14,4,0,1,4
15624,68,2020-09-15,3,0,1,1
15625,68,2020-09-16,7,0,0,5
15626,68,2020-09-17,1,0,1,4
15627,68,2020-09-18,3,1,0,3
15628,68,2020-09-19,1,0,0,0
15629,68,2020-09-20,0,0,0,0
15630,68,2020-09-21,5,0,1,10
15631,68,2020-09-22,3,0,0,5
15632,68,2020-09-23,1,0,0,2
15633,68,2020-09-24,2,0,0,6
15634,68,2020-09-25,2,1,0,1
15635,68,2020-09-26,0,1,0,4
15636,68,2020-09-27,0,0,0,0
15637,68,2020-09-28,7,1,0,1
15638,68,2020-09-29,5,1,1,4
15639,68,2020-09-30,6,1,0,3
15640,68,2020-10-01,3,1,0,0
15641,68,2020-10-02,1,1,2,7
15642,68,2020-10-03,1,1,0,2
15643,68,2020-10-04,0,0,0,1
15644,68,2020-10-05,2,1,0,1
15645,68,2020-10-06,2,1,0,6
15646,68,2020-10-07,1,0,0,5
15647,68,2020-10-08,2,0,0,4
15648,68,2020-10-09,1,0,0,2
15649,68,2020-10-10,2,1,1,2
15650,68,2020-10-11,0,0,0,0
15651,68,2020-10-12,1,0,0,1
15652,68,2020-10-13,4,1,0,2
15653,68,2020-10-14,2,0,0,3
15654,68,2020-10-15,1,0,0,1
15655,68,2020-10-16,7,3,0,2
15656,68,2020-10-17,0,0,0,0
15657,68,2020-10-18,2,1,0,0
15658,68,2020-10-19,5,1,1,4
15659,68,2020-10-20,11,0,0,4
15660,68,2020-10-21,5,5,0,2
15661,68,2020-10-22,2,1,1,1
15662,68,2020-10-23,10,2,0,6
15663,68,2020-10-24,7,0,0,3
15664,68,2020-10-25,6,1,2,1
15665,68,2020-10-26,12,1,3,3
15666,68,2020-10-27,8,1,0,5
15667,68,2020-10-28,20,3,0,4
15668,68,2020-10-29,17,2,1,11
15669,68,2020-10-30,21,5,2,6
15670,68,2020-10-31,23,1,0,11
15671,68,2020-11-01,12,5,1,7
15672,68,2020-11-02,24,5,0,5
15673,68,2020-11-03,16,4,0,14
15674,68,2020-11-04,32,2,2,9
15675,68,2020-11-05,28,2,1,19
15676,68,2020-11-06,16,4,0,18
15677,68,2020-11-07,20,1,1,5
15678,69,2020-03-19,244,28,17,46
15679,69,2020-03-20,32,9,2,11
15680,69,2020-03-21,71,7,2,4
15681,69,2020-03-22,56,9,6,10
15682,69,2020-03-23,109,22,7,8
15683,69,2020-03-24,82,22,8,21
15684,69,2020-03-25,128,42,10,20
15685,69,2020-03-26,146,21,14,40
15686,69,2020-03-27,180,36,17,57
15687,69,2020-03-28,184,65,14,38
15688,69,2020-03-29,102,33,15,26
15689,69,2020-03-30,117,50,13,18
15690,69,2020-03-31,135,29,9,46
15691,69,2020-04-01,148,34,21,60
15692,69,2020-04-02,111,22,20,51
15693,69,2020-04-03,131,23,11,59
15694,69,2020-04-04,90,28,14,60
15695,69,2020-04-05,87,32,16,28
15696,69,2020-04-06,65,12,20,51
15697,69,2020-04-07,109,16,17,122
15698,69,2020-04-08,96,15,24,79
15699,69,2020-04-09,135,12,10,71
15700,69,2020-04-10,86,11,13,74
15701,69,2020-04-11,128,15,10,61
15702,69,2020-04-12,39,5,5,30
15703,69,2020-04-13,27,9,10,6
15704,69,2020-04-14,64,7,16,36
15705,69,2020-04-15,104,14,19,89
15706,69,2020-04-16,74,13,14,54
15707,69,2020-04-17,91,8,8,66
15708,69,2020-04-18,66,8,14,61
15709,69,2020-04-19,41,6,8,10
15710,69,2020-04-20,35,7,18,29
15711,69,2020-04-21,62,10,15,58
15712,69,2020-04-22,61,5,6,61
15713,69,2020-04-23,50,4,7,43
15714,69,2020-04-24,59,6,10,57
15715,69,2020-04-25,62,3,7,41
15716,69,2020-04-26,18,0,7,12
15717,69,2020-04-27,24,6,13,30
15718,69,2020-04-28,46,2,10,75
15719,69,2020-04-29,33,3,11,40
15720,69,2020-04-30,40,4,12,25
15721,69,2020-05-01,47,10,9,42
15722,69,2020-05-02,24,6,5,10
15723,69,2020-05-03,12,2,4,4
15724,69,2020-05-04,13,1,7,25
15725,69,2020-05-05,31,5,7,46
15726,69,2020-05-06,20,4,7,43
15727,69,2020-05-07,39,3,10,62
15728,69,2020-05-08,25,5,2,51
15729,69,2020-05-09,4,1,0,9
15730,69,2020-05-10,3,1,4,6
15731,69,2020-05-11,9,2,4,15
15732,69,2020-05-12,15,4,5,46
15733,69,2020-05-13,10,2,3,58
15734,69,2020-05-14,17,3,7,33
15735,69,2020-05-15,7,2,2,18
15736,69,2020-05-16,42,2,10,46
15737,69,2020-05-17,8,2,1,1
15738,69,2020-05-18,8,1,3,30
15739,69,2020-05-19,22,3,3,38
15740,69,2020-05-20,9,1,0,36
15741,69,2020-05-21,15,2,1,30
15742,69,2020-05-22,7,0,3,3
15743,69,2020-05-23,6,0,4,3
15744,69,2020-05-24,2,0,0,0
15745,69,2020-05-25,24,1,3,60
15746,69,2020-05-26,14,0,4,25
15747,69,2020-05-27,8,2,1,44
15748,69,2020-05-28,8,1,6,56
15749,69,2020-05-29,9,1,4,41
15750,69,2020-05-30,16,9,0,7
15751,69,2020-05-31,19,9,1,1
15752,69,2020-06-01,0,0,0,0
15753,69,2020-06-02,6,0,2,18
15754,69,2020-06-03,12,0,4,25
15755,69,2020-06-04,6,1,1,53
15756,69,2020-06-05,6,1,0,40
15757,69,2020-06-06,1,0,1,8
15758,69,2020-06-07,1,0,0,1
15759,69,2020-06-08,4,0,2,9
15760,69,2020-06-09,8,0,3,12
15761,69,2020-06-10,4,0,3,18
15762,69,2020-06-11,6,0,3,16
15763,69,2020-06-12,2,0,1,10
15764,69,2020-06-13,4,1,1,6
15765,69,2020-06-14,0,0,0,0
15766,69,2020-06-15,1,0,1,26
15767,69,2020-06-16,9,0,1,12
15768,69,2020-06-17,4,2,1,35
15769,69,2020-06-18,4,0,1,9
15770,69,2020-06-19,3,0,0,5
15771,69,2020-06-20,9,0,1,8
15772,69,2020-06-21,1,0,0,14
15773,69,2020-06-22,4,0,1,1
15774,69,2020-06-23,7,0,0,9
15775,69,2020-06-24,1,0,0,5
15776,69,2020-06-25,0,0,0,3
15777,69,2020-06-26,3,0,1,9
15778,69,2020-06-27,1,0,0,6
15779,69,2020-06-28,1,0,0,0
15780,69,2020-06-29,7,2,2,17
15781,69,2020-06-30,3,1,0,1
15782,69,2020-07-01,1,0,0,5
15783,69,2020-07-02,3,0,0,3
15784,69,2020-07-03,5,0,0,10
15785,69,2020-07-04,0,0,0,1
15786,69,2020-07-05,2,0,1,4
15787,69,2020-07-06,4,1,1,3
15788,69,2020-07-07,3,1,0,6
15789,69,2020-07-08,1,1,0,2
15790,69,2020-07-09,6,0,0,5
15791,69,2020-07-10,2,0,1,1
15792,69,2020-07-11,1,0,0,1
15793,69,2020-07-12,3,0,0,2
15794,69,2020-07-13,6,1,0,2
15795,69,2020-07-14,0,0,0,1
15796,69,2020-07-15,4,0,1,4
15797,69,2020-07-16,2,2,0,2
15798,69,2020-07-17,6,2,1,7
15799,69,2020-07-18,2,1,0,1
15800,69,2020-07-19,0,0,1,4
15801,69,2020-07-20,7,0,2,2
15802,69,2020-07-21,2,0,0,6
15803,69,2020-07-22,3,1,0,9
15804,69,2020-07-23,6,0,2,15
15805,69,2020-07-24,12,3,0,22
15806,69,2020-07-25,0,0,1,1
15807,69,2020-07-26,0,0,0,0
15808,69,2020-07-27,8,0,1,8
15809,69,2020-07-28,8,1,1,13
15810,69,2020-07-29,4,1,0,6
15811,69,2020-07-30,0,0,0,3
15812,69,2020-07-31,5,0,0,10
15813,69,2020-08-01,1,1,0,1
15814,69,2020-08-02,2,1,0,1
15815,69,2020-08-03,2,1,0,12
15816,69,2020-08-04,4,1,0,5
15817,69,2020-08-05,6,2,0,4
15818,69,2020-08-06,5,0,0,4
15819,69,2020-08-07,4,1,0,2
15820,69,2020-08-08,1,0,0,1
15821,69,2020-08-09,0,0,0,0
15822,69,2020-08-10,3,0,0,14
15823,69,2020-08-11,13,1,0,10
15824,69,2020-08-12,12,2,1,10
15825,69,2020-08-13,8,1,0,4
15826,69,2020-08-14,3,0,0,5
15827,69,2020-08-15,3,0,1,2
15828,69,2020-08-16,0,0,0,0
15829,69,2020-08-17,7,3,1,1
15830,69,2020-08-18,12,0,1,5
15831,69,2020-08-19,4,0,0,3
15832,69,2020-08-20,1,0,0,6
15833,69,2020-08-21,3,1,0,9
15834,69,2020-08-22,0,0,0,1
15835,69,2020-08-23,2,0,0,0
15836,69,2020-08-24,9,1,0,2
15837,69,2020-08-25,17,2,1,7
15838,69,2020-08-26,9,0,0,8
15839,69,2020-08-27,15,1,0,7
15840,69,2020-08-28,16,3,0,2
15841,69,2020-08-29,10,4,0,13
15842,69,2020-08-30,2,1,0,1
15843,69,2020-08-31,19,5,1,8
15844,69,2020-09-01,28,4,0,21
15845,69,2020-09-02,23,3,0,12
15846,69,2020-09-03,32,2,1,13
15847,69,2020-09-04,29,2,0,14
15848,69,2020-09-05,6,0,0,3
15849,69,2020-09-06,4,0,1,0
15850,69,2020-09-07,40,5,1,27
15851,69,2020-09-08,50,5,4,26
15852,69,2020-09-09,42,4,2,20
15853,69,2020-09-10,27,5,2,14
15854,69,2020-09-11,35,1,0,19
15855,69,2020-09-12,19,3,2,8
15856,69,2020-09-13,7,1,0,2
15857,69,2020-09-14,37,7,2,10
15858,69,2020-09-15,69,9,0,33
15859,69,2020-09-16,28,9,3,32
15860,69,2020-09-17,37,7,2,32
15861,69,2020-09-18,37,3,3,24
15862,69,2020-09-19,19,5,2,15
15863,69,2020-09-20,8,1,2,4
15864,69,2020-09-21,36,10,5,17
15865,69,2020-09-22,44,6,1,55
15866,69,2020-09-23,54,8,4,38
15867,69,2020-09-24,42,6,4,36
15868,69,2020-09-25,31,6,6,37
15869,69,2020-09-26,19,3,2,21
15870,69,2020-09-27,26,3,0,8
15871,69,2020-09-28,39,10,5,46
15872,69,2020-09-29,30,8,4,25
15873,69,2020-09-30,29,6,1,16
15874,69,2020-10-01,23,4,4,31
15875,69,2020-10-02,58,7,2,38
15876,69,2020-10-03,18,5,3,22
15877,69,2020-10-04,22,4,4,8
15878,69,2020-10-05,52,9,4,22
15879,69,2020-10-06,47,8,5,38
15880,69,2020-10-07,45,9,5,31
15881,69,2020-10-08,33,6,3,40
15882,69,2020-10-09,58,12,6,25
15883,69,2020-10-10,30,2,1,27
15884,69,2020-10-11,26,8,3,9
15885,69,2020-10-12,57,6,7,15
15886,69,2020-10-13,68,10,3,29
15887,69,2020-10-14,76,10,5,45
15888,69,2020-10-15,102,19,6,41
15889,69,2020-10-16,63,14,10,36
15890,69,2020-10-17,68,10,10,31
15891,69,2020-10-18,48,10,5,9
15892,69,2020-10-19,67,9,8,31
15893,69,2020-10-20,177,13,6,48
15894,69,2020-10-21,99,14,11,48
15895,69,2020-10-22,158,21,16,72
15896,69,2020-10-23,121,18,6,45
15897,69,2020-10-24,101,14,3,52
15898,69,2020-10-25,51,12,7,14
15899,69,2020-10-26,172,26,13,39
15900,69,2020-10-27,183,29,15,97
15901,69,2020-10-28,199,30,23,105
15902,69,2020-10-29,127,25,12,89
15903,69,2020-10-30,134,32,14,68
15904,69,2020-10-31,110,28,14,79
15905,69,2020-11-01,134,15,16,48
15906,69,2020-11-02,113,18,25,27
15907,69,2020-11-03,200,39,23,112
15908,69,2020-11-04,234,31,23,128
15909,69,2020-11-05,134,30,14,76
15910,69,2020-11-06,202,23,22,135
15911,69,2020-11-07,145,37,8,83
15912,70,2020-03-19,8,2,0,1
15913,70,2020-03-20,8,1,0,2
15914,70,2020-03-21,4,2,0,0
15915,70,2020-03-22,0,1,0,0
15916,70,2020-03-23,3,2,0,0
15917,70,2020-03-24,16,7,3,3
15918,70,2020-03-25,15,8,3,3
15919,70,2020-03-26,21,4,0,2
15920,70,2020-03-27,15,3,0,9
15921,70,2020-03-28,8,4,3,5
15922,70,2020-03-29,8,3,1,3
15923,70,2020-03-30,15,4,4,9
15924,70,2020-03-31,27,8,6,11
15925,70,2020-04-01,14,3,3,10
15926,70,2020-04-02,21,3,6,5
15927,70,2020-04-03,10,1,2,4
15928,70,2020-04-04,9,3,3,6
15929,70,2020-04-05,7,3,4,1
15930,70,2020-04-06,9,1,7,2
15931,70,2020-04-07,16,2,1,12
15932,70,2020-04-08,7,2,0,3
15933,70,2020-04-09,10,0,0,6
15934,70,2020-04-10,5,1,2,7
15935,70,2020-04-11,0,0,1,2
15936,70,2020-04-12,1,0,1,2
15937,70,2020-04-13,1,1,1,0
15938,70,2020-04-14,12,2,1,2
15939,70,2020-04-15,14,0,5,18
15940,70,2020-04-16,6,0,1,5
15941,70,2020-04-17,5,1,1,3
15942,70,2020-04-18,2,0,0,0
15943,70,2020-04-19,0,0,0,0
15944,70,2020-04-20,10,2,2,13
15945,70,2020-04-21,3,0,0,3
15946,70,2020-04-22,3,0,2,2
15947,70,2020-04-23,4,0,1,4
15948,70,2020-04-24,18,0,0,3
15949,70,2020-04-25,0,0,3,0
15950,70,2020-04-26,2,0,1,0
15951,70,2020-04-27,1,0,0,13
15952,70,2020-04-28,3,0,0,6
15953,70,2020-04-29,2,0,2,3
15954,70,2020-04-30,2,0,0,1
15955,70,2020-05-01,0,0,0,1
15956,70,2020-05-02,0,0,1,0
15957,70,2020-05-03,0,0,1,0
15958,70,2020-05-04,6,0,2,6
15959,70,2020-05-05,2,1,0,1
15960,70,2020-05-06,4,0,0,7
15961,70,2020-05-07,4,0,0,20
15962,70,2020-05-08,1,1,1,2
15963,70,2020-05-09,2,0,0,0
15964,70,2020-05-10,1,0,0,0
15965,70,2020-05-11,3,0,1,2
15966,70,2020-05-12,1,0,0,5
15967,70,2020-05-13,0,1,0,2
15968,70,2020-05-14,1,0,1,0
15969,70,2020-05-15,0,1,0,2
15970,70,2020-05-16,0,0,0,0
15971,70,2020-05-17,0,0,0,0
15972,70,2020-05-18,1,0,1,2
15973,70,2020-05-19,0,0,0,5
15974,70,2020-05-20,0,0,0,1
15975,70,2020-05-21,0,0,0,0
15976,70,2020-05-22,0,0,0,0
15977,70,2020-05-23,0,1,0,0
15978,70,2020-05-24,0,0,0,0
15979,70,2020-05-25,0,0,0,10
15980,70,2020-05-26,1,0,0,15
15981,70,2020-05-27,0,0,0,1
15982,70,2020-05-28,0,0,0,1
15983,70,2020-05-29,0,0,0,0
15984,70,2020-05-30,0,0,0,0
15985,70,2020-05-31,0,0,0,0
15986,70,2020-06-01,0,0,0,0
15987,70,2020-06-02,0,0,0,4
15988,70,2020-06-03,0,0,0,7
15989,70,2020-06-04,0,0,0,2
15990,70,2020-06-05,0,0,0,1
15991,70,2020-06-06,0,0,0,4
15992,70,2020-06-07,0,0,0,0
15993,70,2020-06-08,0,0,0,3
15994,70,2020-06-09,0,0,0,7
15995,70,2020-06-10,0,0,0,7
15996,70,2020-06-11,0,0,0,0
15997,70,2020-06-12,0,0,0,0
15998,70,2020-06-13,0,0,0,0
15999,70,2020-06-14,0,0,0,0
16000,70,2020-06-15,0,0,0,0
16001,70,2020-06-16,0,0,0,1
16002,70,2020-06-17,0,0,0,0
16003,70,2020-06-18,0,0,0,0
16004,70,2020-06-19,0,0,0,0
16005,70,2020-06-20,0,0,0,0
16006,70,2020-06-21,0,0,0,0
16007,70,2020-06-22,0,0,0,0
16008,70,2020-06-23,0,0,0,0
16009,70,2020-06-24,0,0,0,0
16010,70,2020-06-25,0,0,0,0
16011,70,2020-06-26,0,0,0,0
16012,70,2020-06-27,0,0,0,0
16013,70,2020-06-28,0,0,0,0
16014,70,2020-06-29,0,0,0,0
16015,70,2020-06-30,0,0,0,2
16016,70,2020-07-01,0,0,0,0
16017,70,2020-07-02,0,0,0,0
16018,70,2020-07-03,0,0,0,0
16019,70,2020-07-04,0,0,0,0
16020,70,2020-07-05,0,0,0,0
16021,70,2020-07-06,0,0,0,0
16022,70,2020-07-07,0,0,0,3
16023,70,2020-07-08,0,0,0,0
16024,70,2020-07-09,0,0,0,0
16025,70,2020-07-10,0,0,0,0
16026,70,2020-07-11,0,0,0,0
16027,70,2020-07-12,0,0,0,0
16028,70,2020-07-13,0,0,0,0
16029,70,2020-07-14,0,0,0,0
16030,70,2020-07-15,0,0,0,0
16031,70,2020-07-16,0,0,0,0
16032,70,2020-07-17,0,0,0,0
16033,70,2020-07-18,0,0,0,0
16034,70,2020-07-19,0,0,0,0
16035,70,2020-07-20,0,0,0,1
16036,70,2020-07-21,0,0,0,0
16037,70,2020-07-22,0,0,0,0
16038,70,2020-07-23,0,0,0,11
16039,70,2020-07-24,0,0,0,2
16040,70,2020-07-25,0,0,0,1
16041,70,2020-07-26,0,0,0,0
16042,70,2020-07-27,0,0,0,0
16043,70,2020-07-28,0,0,0,0
16044,70,2020-07-29,0,0,0,0
16045,70,2020-07-30,0,0,0,0
16046,70,2020-07-31,0,0,0,0
16047,70,2020-08-01,0,0,0,0
16048,70,2020-08-02,0,0,0,0
16049,70,2020-08-03,0,0,0,0
16050,70,2020-08-04,0,0,0,0
16051,70,2020-08-05,0,0,0,0
16052,70,2020-08-06,0,0,0,0
16053,70,2020-08-07,0,0,0,0
16054,70,2020-08-08,0,0,0,0
16055,70,2020-08-09,0,0,0,0
16056,70,2020-08-10,0,0,0,0
16057,70,2020-08-11,0,0,0,0
16058,70,2020-08-12,0,0,0,0
16059,70,2020-08-13,0,0,0,1
16060,70,2020-08-14,0,0,0,0
16061,70,2020-08-15,0,0,0,0
16062,70,2020-08-16,0,0,0,0
16063,70,2020-08-17,0,0,0,0
16064,70,2020-08-18,0,0,0,0
16065,70,2020-08-19,0,0,0,0
16066,70,2020-08-20,0,0,0,0
16067,70,2020-08-21,0,0,0,0
16068,70,2020-08-22,0,0,0,0
16069,70,2020-08-23,0,0,0,0
16070,70,2020-08-24,0,0,0,0
16071,70,2020-08-25,0,0,0,0
16072,70,2020-08-26,0,0,0,0
16073,70,2020-08-27,0,0,0,0
16074,70,2020-08-28,0,0,0,0
16075,70,2020-08-29,0,0,0,0
16076,70,2020-08-30,0,0,0,0
16077,70,2020-08-31,0,0,0,0
16078,70,2020-09-01,0,0,0,0
16079,70,2020-09-02,0,0,0,0
16080,70,2020-09-03,0,0,0,0
16081,70,2020-09-04,0,0,0,0
16082,70,2020-09-05,2,0,0,0
16083,70,2020-09-06,0,0,0,0
16084,70,2020-09-07,0,0,0,0
16085,70,2020-09-08,0,0,0,0
16086,70,2020-09-09,0,0,0,0
16087,70,2020-09-10,0,0,0,0
16088,70,2020-09-11,0,0,0,0
16089,70,2020-09-12,0,0,0,0
16090,70,2020-09-13,0,0,0,0
16091,70,2020-09-14,0,0,0,0
16092,70,2020-09-15,0,0,0,0
16093,70,2020-09-16,0,0,0,0
16094,70,2020-09-17,0,0,0,0
16095,70,2020-09-18,0,0,0,0
16096,70,2020-09-19,0,0,0,0
16097,70,2020-09-20,0,0,0,0
16098,70,2020-09-21,0,0,0,0
16099,70,2020-09-22,0,0,0,0
16100,70,2020-09-23,0,0,0,0
16101,70,2020-09-24,0,0,0,0
16102,70,2020-09-25,0,0,0,0
16103,70,2020-09-26,0,0,0,0
16104,70,2020-09-27,0,0,0,0
16105,70,2020-09-28,0,0,0,2
16106,70,2020-09-29,1,0,0,0
16107,70,2020-09-30,0,0,0,0
16108,70,2020-10-01,0,0,0,0
16109,70,2020-10-02,1,0,0,0
16110,70,2020-10-03,0,0,0,0
16111,70,2020-10-04,0,0,0,0
16112,70,2020-10-05,1,0,0,1
16113,70,2020-10-06,4,0,0,0
16114,70,2020-10-07,1,0,0,0
16115,70,2020-10-08,0,0,0,2
16116,70,2020-10-09,0,1,1,0
16117,70,2020-10-10,3,0,0,1
16118,70,2020-10-11,0,0,0,0
16119,70,2020-10-12,3,0,0,0
16120,70,2020-10-13,3,1,0,1
16121,70,2020-10-14,6,0,0,1
16122,70,2020-10-15,4,1,0,0
16123,70,2020-10-16,8,0,1,0
16124,70,2020-10-17,0,0,0,1
16125,70,2020-10-18,1,0,0,2
16126,70,2020-10-19,2,1,2,0
16127,70,2020-10-20,5,0,1,2
16128,70,2020-10-21,5,0,0,0
16129,70,2020-10-22,3,0,2,2
16130,70,2020-10-23,3,2,0,0
16131,70,2020-10-24,4,2,0,4
16132,70,2020-10-25,0,0,0,0
16133,70,2020-10-26,2,0,1,1
16134,70,2020-10-27,14,2,1,4
16135,70,2020-10-28,3,0,0,3
16136,70,2020-10-29,10,1,2,2
16137,70,2020-10-30,12,1,0,2
16138,70,2020-10-31,2,0,0,4
16139,70,2020-11-01,12,1,1,1
16140,70,2020-11-02,12,1,1,0
16141,70,2020-11-03,10,0,2,3
16142,70,2020-11-04,5,3,2,5
16143,70,2020-11-05,7,1,1,0
16144,70,2020-11-06,19,2,4,8
16145,70,2020-11-07,11,1,0,9
16146,71,2020-03-19,18,3,2,5
16147,71,2020-03-20,10,2,1,3
16148,71,2020-03-21,11,1,2,10
16149,71,2020-03-22,42,0,2,27
16150,71,2020-03-23,22,1,1,3
16151,71,2020-03-24,63,5,7,49
16152,71,2020-03-25,43,4,5,21
16153,71,2020-03-26,66,3,4,21
16154,71,2020-03-27,23,5,3,5
16155,71,2020-03-28,37,5,2,17
16156,71,2020-03-29,15,1,2,6
16157,71,2020-03-30,11,11,7,1
16158,71,2020-03-31,28,3,5,14
16159,71,2020-04-01,24,8,3,17
16160,71,2020-04-02,19,4,3,21
16161,71,2020-04-03,21,3,7,22
16162,71,2020-04-04,13,2,3,10
16163,71,2020-04-05,13,0,2,2
16164,71,2020-04-06,46,3,4,22
16165,71,2020-04-07,27,4,5,22
16166,71,2020-04-08,23,5,1,19
16167,71,2020-04-09,23,3,6,13
16168,71,2020-04-10,17,2,8,12
16169,71,2020-04-11,19,1,2,23
16170,71,2020-04-12,6,3,1,4
16171,71,2020-04-13,2,2,0,1
16172,71,2020-04-14,14,0,5,5
16173,71,2020-04-15,28,1,7,12
16174,71,2020-04-16,30,1,9,19
16175,71,2020-04-17,27,1,2,12
16176,71,2020-04-18,7,2,1,5
16177,71,2020-04-19,9,3,4,8
16178,71,2020-04-20,13,1,3,2
16179,71,2020-04-21,29,3,12,23
16180,71,2020-04-22,43,2,2,25
16181,71,2020-04-23,12,0,4,4
16182,71,2020-04-24,13,1,5,22
16183,71,2020-04-25,15,0,1,6
16184,71,2020-04-26,5,1,2,2
16185,71,2020-04-27,16,1,5,3
16186,71,2020-04-28,31,2,3,14
16187,71,2020-04-29,30,0,3,17
16188,71,2020-04-30,28,2,1,24
16189,71,2020-05-01,5,0,0,12
16190,71,2020-05-02,1,0,1,0
16191,71,2020-05-03,6,3,3,3
16192,71,2020-05-04,4,0,3,7
16193,71,2020-05-05,12,0,0,11
16194,71,2020-05-06,9,0,1,8
16195,71,2020-05-07,5,0,1,8
16196,71,2020-05-08,6,3,4,12
16197,71,2020-05-09,2,0,1,2
16198,71,2020-05-10,3,0,2,2
16199,71,2020-05-11,4,1,4,5
16200,71,2020-05-12,1,0,3,14
16201,71,2020-05-13,11,0,3,12
16202,71,2020-05-14,5,1,0,4
16203,71,2020-05-15,5,2,1,9
16204,71,2020-05-16,1,1,0,2
16205,71,2020-05-17,0,0,0,0
16206,71,2020-05-18,8,0,2,3
16207,71,2020-05-19,9,1,4,11
16208,71,2020-05-20,3,0,0,11
16209,71,2020-05-21,0,0,0,2
16210,71,2020-05-22,3,1,0,10
16211,71,2020-05-23,1,0,0,0
16212,71,2020-05-24,0,0,0,1
16213,71,2020-05-25,10,2,2,11
16214,71,2020-05-26,4,0,0,15
16215,71,2020-05-27,3,0,0,6
16216,71,2020-05-28,3,0,0,6
16217,71,2020-05-29,3,0,2,10
16218,71,2020-05-30,0,0,0,0
16219,71,2020-05-31,0,0,0,0
16220,71,2020-06-01,0,0,0,0
16221,71,2020-06-02,3,0,0,13
16222,71,2020-06-03,5,1,2,21
16223,71,2020-06-04,0,0,0,2
16224,71,2020-06-05,1,0,0,4
16225,71,2020-06-06,0,0,0,0
16226,71,2020-06-07,0,0,0,0
16227,71,2020-06-08,5,1,1,2
16228,71,2020-06-09,3,1,0,9
16229,71,2020-06-10,2,0,1,14
16230,71,2020-06-11,0,0,0,5
16231,71,2020-06-12,0,0,0,14
16232,71,2020-06-13,0,0,0,1
16233,71,2020-06-14,0,0,0,0
16234,71,2020-06-15,1,0,0,0
16235,71,2020-06-16,0,0,0,5
16236,71,2020-06-17,0,0,0,0
16237,71,2020-06-18,0,0,0,0
16238,71,2020-06-19,0,0,0,16
16239,71,2020-06-20,0,0,0,0
16240,71,2020-06-21,0,0,0,0
16241,71,2020-06-22,2,0,0,6
16242,71,2020-06-23,0,1,0,6
16243,71,2020-06-24,0,0,0,1
16244,71,2020-06-25,0,0,0,0
16245,71,2020-06-26,1,0,0,0
16246,71,2020-06-27,0,0,0,0
16247,71,2020-06-28,0,0,0,0
16248,71,2020-06-29,2,0,0,1
16249,71,2020-06-30,0,0,0,1
16250,71,2020-07-01,2,0,2,2
16251,71,2020-07-02,0,0,0,1
16252,71,2020-07-03,1,0,0,2
16253,71,2020-07-04,0,0,0,0
16254,71,2020-07-05,0,0,0,0
16255,71,2020-07-06,0,0,0,0
16256,71,2020-07-07,0,0,0,0
16257,71,2020-07-08,2,1,0,3
16258,71,2020-07-09,0,0,0,9
16259,71,2020-07-10,1,0,0,0
16260,71,2020-07-11,2,2,0,0
16261,71,2020-07-12,0,0,0,0
16262,71,2020-07-13,3,0,0,1
16263,71,2020-07-14,0,0,0,0
16264,71,2020-07-15,2,0,0,2
16265,71,2020-07-16,2,1,0,0
16266,71,2020-07-17,0,0,0,2
16267,71,2020-07-18,1,0,0,3
16268,71,2020-07-19,0,0,0,0
16269,71,2020-07-20,1,0,0,1
16270,71,2020-07-21,0,0,0,3
16271,71,2020-07-22,0,0,0,1
16272,71,2020-07-23,0,0,0,3
16273,71,2020-07-24,1,0,0,1
16274,71,2020-07-25,0,0,0,0
16275,71,2020-07-26,0,0,0,0
16276,71,2020-07-27,1,0,0,1
16277,71,2020-07-28,2,0,0,6
16278,71,2020-07-29,0,0,0,2
16279,71,2020-07-30,1,0,0,2
16280,71,2020-07-31,0,0,0,0
16281,71,2020-08-01,0,0,0,0
16282,71,2020-08-02,0,0,0,0
16283,71,2020-08-03,2,0,0,0
16284,71,2020-08-04,0,0,0,0
16285,71,2020-08-05,0,0,0,1
16286,71,2020-08-06,0,0,0,0
16287,71,2020-08-07,0,0,0,0
16288,71,2020-08-08,0,0,0,0
16289,71,2020-08-09,0,0,0,0
16290,71,2020-08-10,1,0,0,1
16291,71,2020-08-11,2,0,0,1
16292,71,2020-08-12,0,0,0,0
16293,71,2020-08-13,1,0,0,0
16294,71,2020-08-14,0,0,0,0
16295,71,2020-08-15,1,0,0,0
16296,71,2020-08-16,0,0,0,0
16297,71,2020-08-17,1,0,0,1
16298,71,2020-08-18,0,0,0,0
16299,71,2020-08-19,1,0,1,3
16300,71,2020-08-20,1,0,0,0
16301,71,2020-08-21,0,0,0,2
16302,71,2020-08-22,0,0,0,0
16303,71,2020-08-23,2,0,0,1
16304,71,2020-08-24,0,0,0,0
16305,71,2020-08-25,1,0,0,2
16306,71,2020-08-26,0,0,0,0
16307,71,2020-08-27,0,0,0,0
16308,71,2020-08-28,1,0,0,0
16309,71,2020-08-29,0,0,0,0
16310,71,2020-08-30,0,0,0,0
16311,71,2020-08-31,0,1,0,0
16312,71,2020-09-01,0,0,0,1
16313,71,2020-09-02,3,1,0,1
16314,71,2020-09-03,0,0,0,1
16315,71,2020-09-04,1,0,0,1
16316,71,2020-09-05,0,0,0,0
16317,71,2020-09-06,0,0,0,0
16318,71,2020-09-07,3,0,0,0
16319,71,2020-09-08,1,0,0,2
16320,71,2020-09-09,1,0,0,0
16321,71,2020-09-10,3,0,0,1
16322,71,2020-09-11,3,1,0,0
16323,71,2020-09-12,3,0,0,1
16324,71,2020-09-13,0,0,0,2
16325,71,2020-09-14,3,0,0,0
16326,71,2020-09-15,3,0,0,1
16327,71,2020-09-16,14,2,0,4
16328,71,2020-09-17,2,0,1,1
16329,71,2020-09-18,3,0,1,3
16330,71,2020-09-19,2,0,0,0
16331,71,2020-09-20,2,0,0,0
16332,71,2020-09-21,5,0,0,0
16333,71,2020-09-22,13,1,2,1
16334,71,2020-09-23,8,1,2,5
16335,71,2020-09-24,5,0,1,4
16336,71,2020-09-25,10,1,1,6
16337,71,2020-09-26,2,1,0,0
16338,71,2020-09-27,2,1,0,0
16339,71,2020-09-28,7,0,1,6
16340,71,2020-09-29,5,3,0,6
16341,71,2020-09-30,6,0,0,5
16342,71,2020-10-01,2,2,2,5
16343,71,2020-10-02,4,1,0,5
16344,71,2020-10-03,5,0,1,3
16345,71,2020-10-04,2,0,0,0
16346,71,2020-10-05,1,0,0,1
16347,71,2020-10-06,9,0,0,6
16348,71,2020-10-07,8,1,2,5
16349,71,2020-10-08,10,1,1,3
16350,71,2020-10-09,5,0,2,6
16351,71,2020-10-10,2,1,0,2
16352,71,2020-10-11,4,0,0,2
16353,71,2020-10-12,7,0,3,2
16354,71,2020-10-13,17,3,1,5
16355,71,2020-10-14,27,1,1,16
16356,71,2020-10-15,11,0,0,2
16357,71,2020-10-16,12,0,3,6
16358,71,2020-10-17,7,0,1,4
16359,71,2020-10-18,11,0,1,1
16360,71,2020-10-19,30,3,3,8
16361,71,2020-10-20,35,4,2,11
16362,71,2020-10-21,25,3,2,19
16363,71,2020-10-22,30,2,2,17
16364,71,2020-10-23,31,2,4,19
16365,71,2020-10-24,26,5,1,11
16366,71,2020-10-25,22,1,5,5
16367,71,2020-10-26,34,0,1,5
16368,71,2020-10-27,63,5,13,37
16369,71,2020-10-28,42,4,4,23
16370,71,2020-10-29,27,6,4,21
16371,71,2020-10-30,35,2,0,20
16372,71,2020-10-31,22,3,2,17
16373,71,2020-11-01,22,0,3,8
16374,71,2020-11-02,41,7,11,8
16375,71,2020-11-03,78,5,10,34
16376,71,2020-11-04,32,2,4,25
16377,71,2020-11-05,62,0,13,40
16378,71,2020-11-06,74,6,10,30
16379,71,2020-11-07,48,6,1,22
16380,72,2020-03-19,3,0,0,4
16381,72,2020-03-20,0,0,0,0
16382,72,2020-03-21,3,0,0,0
16383,72,2020-03-22,5,1,0,1
16384,72,2020-03-23,6,1,1,0
16385,72,2020-03-24,9,1,0,6
16386,72,2020-03-25,4,1,0,1
16387,72,2020-03-26,24,3,1,7
16388,72,2020-03-27,16,6,1,2
16389,72,2020-03-28,33,6,1,3
16390,72,2020-03-29,26,1,1,7
16391,72,2020-03-30,23,6,1,5
16392,72,2020-03-31,20,3,4,12
16393,72,2020-04-01,18,5,4,12
16394,72,2020-04-02,19,2,3,8
16395,72,2020-04-03,14,2,2,12
16396,72,2020-04-04,5,0,0,8
16397,72,2020-04-05,9,2,1,4
16398,72,2020-04-06,5,0,2,5
16399,72,2020-04-07,14,3,0,8
16400,72,2020-04-08,15,1,1,10
16401,72,2020-04-09,26,0,1,10
16402,72,2020-04-10,7,1,1,2
16403,72,2020-04-11,13,4,1,8
16404,72,2020-04-12,9,1,2,3
16405,72,2020-04-13,5,0,0,1
16406,72,2020-04-14,11,2,6,14
16407,72,2020-04-15,20,0,0,20
16408,72,2020-04-16,12,0,1,12
16409,72,2020-04-17,6,0,1,7
16410,72,2020-04-18,9,3,1,7
16411,72,2020-04-19,4,0,2,1
16412,72,2020-04-20,9,0,3,2
16413,72,2020-04-21,5,0,1,8
16414,72,2020-04-22,7,0,1,4
16415,72,2020-04-23,14,2,1,8
16416,72,2020-04-24,9,0,3,4
16417,72,2020-04-25,7,1,1,5
16418,72,2020-04-26,5,1,0,0
16419,72,2020-04-27,5,0,2,10
16420,72,2020-04-28,5,0,3,7
16421,72,2020-04-29,4,0,2,9
16422,72,2020-04-30,3,0,0,9
16423,72,2020-05-01,11,0,0,3
16424,72,2020-05-02,2,1,0,0
16425,72,2020-05-03,3,0,2,1
16426,72,2020-05-04,1,0,4,0
16427,72,2020-05-05,7,1,1,9
16428,72,2020-05-06,6,0,2,3
16429,72,2020-05-07,2,0,0,0
16430,72,2020-05-08,4,0,0,5
16431,72,2020-05-09,3,0,3,1
16432,72,2020-05-10,4,0,1,0
16433,72,2020-05-11,0,0,1,2
16434,72,2020-05-12,4,0,1,6
16435,72,2020-05-13,6,0,0,4
16436,72,2020-05-14,5,0,1,4
16437,72,2020-05-15,2,0,0,5
16438,72,2020-05-16,1,0,2,2
16439,72,2020-05-17,1,0,0,1
16440,72,2020-05-18,1,0,2,4
16441,72,2020-05-19,0,0,0,5
16442,72,2020-05-20,1,0,0,3
16443,72,2020-05-21,1,0,0,4
16444,72,2020-05-22,3,0,0,1
16445,72,2020-05-23,0,0,1,3
16446,72,2020-05-24,1,0,0,1
16447,72,2020-05-25,0,0,0,1
16448,72,2020-05-26,0,0,0,1
16449,72,2020-05-27,1,0,2,3
16450,72,2020-05-28,0,0,0,1
16451,72,2020-05-29,0,0,1,6
16452,72,2020-05-30,0,0,0,3
16453,72,2020-05-31,0,0,0,0
16454,72,2020-06-01,0,0,0,0
16455,72,2020-06-02,3,0,0,3
16456,72,2020-06-03,2,0,2,11
16457,72,2020-06-04,1,0,1,7
16458,72,2020-06-05,1,1,0,0
16459,72,2020-06-06,0,0,0,0
16460,72,2020-06-07,0,0,1,2
16461,72,2020-06-08,0,0,0,0
16462,72,2020-06-09,0,0,0,1
16463,72,2020-06-10,1,0,0,2
16464,72,2020-06-11,1,0,0,0
16465,72,2020-06-12,0,0,0,0
16466,72,2020-06-13,0,0,0,0
16467,72,2020-06-14,1,0,0,0
16468,72,2020-06-15,0,0,0,1
16469,72,2020-06-16,0,0,0,0
16470,72,2020-06-17,0,0,1,15
16471,72,2020-06-18,0,0,0,2
16472,72,2020-06-19,0,0,0,0
16473,72,2020-06-20,1,0,0,1
16474,72,2020-06-21,0,0,0,0
16475,72,2020-06-22,0,0,0,1
16476,72,2020-06-23,0,0,0,0
16477,72,2020-06-24,0,0,0,1
16478,72,2020-06-25,0,0,0,0
16479,72,2020-06-26,2,0,0,5
16480,72,2020-06-27,0,0,0,0
16481,72,2020-06-28,0,0,0,0
16482,72,2020-06-29,0,0,0,2
16483,72,2020-06-30,0,0,0,1
16484,72,2020-07-01,0,0,0,0
16485,72,2020-07-02,0,0,0,0
16486,72,2020-07-03,0,0,0,0
16487,72,2020-07-04,0,0,0,0
16488,72,2020-07-05,0,0,0,0
16489,72,2020-07-06,1,0,0,0
16490,72,2020-07-07,0,0,0,0
16491,72,2020-07-08,0,0,0,0
16492,72,2020-07-09,0,0,0,0
16493,72,2020-07-10,0,0,0,0
16494,72,2020-07-11,0,0,0,0
16495,72,2020-07-12,0,0,0,0
16496,72,2020-07-13,0,0,0,0
16497,72,2020-07-14,0,0,0,0
16498,72,2020-07-15,0,0,0,0
16499,72,2020-07-16,2,0,0,2
16500,72,2020-07-17,0,0,0,0
16501,72,2020-07-18,0,0,0,0
16502,72,2020-07-19,0,0,0,0
16503,72,2020-07-20,1,0,0,1
16504,72,2020-07-21,0,0,0,3
16505,72,2020-07-22,0,0,0,3
16506,72,2020-07-23,0,0,0,0
16507,72,2020-07-24,1,0,0,2
16508,72,2020-07-25,1,0,0,0
16509,72,2020-07-26,0,0,0,0
16510,72,2020-07-27,0,0,0,0
16511,72,2020-07-28,1,0,0,0
16512,72,2020-07-29,5,0,0,3
16513,72,2020-07-30,6,0,0,0
16514,72,2020-07-31,3,1,0,0
16515,72,2020-08-01,0,0,0,0
16516,72,2020-08-02,0,0,0,0
16517,72,2020-08-03,2,2,0,0
16518,72,2020-08-04,4,0,0,12
16519,72,2020-08-05,7,0,1,5
16520,72,2020-08-06,3,0,0,1
16521,72,2020-08-07,1,0,0,0
16522,72,2020-08-08,0,0,0,0
16523,72,2020-08-09,0,0,0,0
16524,72,2020-08-10,5,0,0,3
16525,72,2020-08-11,2,1,0,1
16526,72,2020-08-12,6,0,0,8
16527,72,2020-08-13,1,1,1,0
16528,72,2020-08-14,2,0,0,3
16529,72,2020-08-15,0,0,0,1
16530,72,2020-08-16,0,0,0,0
16531,72,2020-08-17,9,1,1,2
16532,72,2020-08-18,3,1,0,11
16533,72,2020-08-19,2,0,1,2
16534,72,2020-08-20,0,0,0,0
16535,72,2020-08-21,3,0,0,0
16536,72,2020-08-22,3,0,0,1
16537,72,2020-08-23,0,0,0,0
16538,72,2020-08-24,3,0,0,2
16539,72,2020-08-25,0,0,0,5
16540,72,2020-08-26,2,1,0,1
16541,72,2020-08-27,0,0,0,3
16542,72,2020-08-28,1,0,0,1
16543,72,2020-08-29,1,0,0,0
16544,72,2020-08-30,0,0,0,0
16545,72,2020-08-31,6,1,0,2
16546,72,2020-09-01,0,0,0,0
16547,72,2020-09-02,1,1,1,4
16548,72,2020-09-03,1,0,0,0
16549,72,2020-09-04,1,0,0,3
16550,72,2020-09-05,0,0,0,0
16551,72,2020-09-06,0,0,0,0
16552,72,2020-09-07,2,0,1,3
16553,72,2020-09-08,0,1,0,4
16554,72,2020-09-09,0,0,0,0
16555,72,2020-09-10,3,0,0,1
16556,72,2020-09-11,1,0,1,2
16557,72,2020-09-12,0,0,0,0
16558,72,2020-09-13,0,0,0,0
16559,72,2020-09-14,3,2,0,0
16560,72,2020-09-15,1,0,1,1
16561,72,2020-09-16,4,0,0,6
16562,72,2020-09-17,2,0,0,2
16563,72,2020-09-18,1,0,1,2
16564,72,2020-09-19,2,0,0,1
16565,72,2020-09-20,0,0,0,0
16566,72,2020-09-21,8,1,0,2
16567,72,2020-09-22,5,0,0,1
16568,72,2020-09-23,8,1,0,4
16569,72,2020-09-24,2,0,1,1
16570,72,2020-09-25,3,0,0,2
16571,72,2020-09-26,0,0,1,2
16572,72,2020-09-27,0,0,0,0
16573,72,2020-09-28,10,0,0,3
16574,72,2020-09-29,6,1,0,2
16575,72,2020-09-30,7,0,0,3
16576,72,2020-10-01,2,0,0,7
16577,72,2020-10-02,2,0,0,3
16578,72,2020-10-03,5,0,0,3
16579,72,2020-10-04,2,2,0,1
16580,72,2020-10-05,4,0,0,4
16581,72,2020-10-06,7,0,0,5
16582,72,2020-10-07,8,0,3,6
16583,72,2020-10-08,7,3,0,3
16584,72,2020-10-09,11,0,1,6
16585,72,2020-10-10,3,0,0,5
16586,72,2020-10-11,6,0,0,4
16587,72,2020-10-12,7,0,0,3
16588,72,2020-10-13,5,0,0,5
16589,72,2020-10-14,5,0,0,7
16590,72,2020-10-15,4,1,0,5
16591,72,2020-10-16,2,1,1,2
16592,72,2020-10-17,5,1,0,5
16593,72,2020-10-18,9,1,0,2
16594,72,2020-10-19,1,1,0,0
16595,72,2020-10-20,12,1,0,8
16596,72,2020-10-21,6,0,1,5
16597,72,2020-10-22,8,0,0,6
16598,72,2020-10-23,10,3,1,6
16599,72,2020-10-24,0,0,0,3
16600,72,2020-10-25,9,1,0,2
16601,72,2020-10-26,20,2,2,5
16602,72,2020-10-27,13,1,0,5
16603,72,2020-10-28,18,0,2,9
16604,72,2020-10-29,11,1,2,6
16605,72,2020-10-30,5,2,0,5
16606,72,2020-10-31,5,0,0,3
16607,72,2020-11-01,10,0,1,3
16608,72,2020-11-02,20,3,1,1
16609,72,2020-11-03,26,2,3,14
16610,72,2020-11-04,28,5,0,14
16611,72,2020-11-05,18,1,2,13
16612,72,2020-11-06,18,3,0,13
16613,72,2020-11-07,21,2,4,4
16614,73,2020-03-19,9,2,0,4
16615,73,2020-03-20,5,0,0,1
16616,73,2020-03-21,2,0,0,0
16617,73,2020-03-22,8,1,0,0
16618,73,2020-03-23,6,2,1,5
16619,73,2020-03-24,6,1,0,3
16620,73,2020-03-25,17,2,1,2
16621,73,2020-03-26,11,6,0,1
16622,73,2020-03-27,13,2,1,5
16623,73,2020-03-28,7,2,0,1
16624,73,2020-03-29,20,1,1,2
16625,73,2020-03-30,13,7,1,8
16626,73,2020-03-31,34,6,0,19
16627,73,2020-04-01,44,3,1,33
16628,73,2020-04-02,34,4,8,22
16629,73,2020-04-03,5,2,1,11
16630,73,2020-04-04,6,0,0,2
16631,73,2020-04-05,6,0,1,2
16632,73,2020-04-06,9,2,3,6
16633,73,2020-04-07,21,2,1,13
16634,73,2020-04-08,9,0,1,8
16635,73,2020-04-09,18,2,0,19
16636,73,2020-04-10,12,0,3,10
16637,73,2020-04-11,8,0,0,13
16638,73,2020-04-12,6,1,0,6
16639,73,2020-04-13,5,2,1,1
16640,73,2020-04-14,6,0,4,17
16641,73,2020-04-15,7,4,0,10
16642,73,2020-04-16,6,1,2,4
16643,73,2020-04-17,14,0,1,15
16644,73,2020-04-18,7,1,1,10
16645,73,2020-04-19,6,0,0,4
16646,73,2020-04-20,4,2,4,1
16647,73,2020-04-21,12,1,2,8
16648,73,2020-04-22,2,0,1,4
16649,73,2020-04-23,10,1,1,12
16650,73,2020-04-24,6,0,1,2
16651,73,2020-04-25,10,0,0,9
16652,73,2020-04-26,2,0,0,3
16653,73,2020-04-27,4,0,0,4
16654,73,2020-04-28,6,2,0,11
16655,73,2020-04-29,1,0,0,5
16656,73,2020-04-30,3,0,1,6
16657,73,2020-05-01,2,0,2,4
16658,73,2020-05-02,0,0,1,0
16659,73,2020-05-03,1,0,0,0
16660,73,2020-05-04,3,0,3,2
16661,73,2020-05-05,8,1,4,4
16662,73,2020-05-06,1,0,1,1
16663,73,2020-05-07,2,0,3,9
16664,73,2020-05-08,1,0,0,1
16665,73,2020-05-09,1,0,0,1
16666,73,2020-05-10,0,1,1,0
16667,73,2020-05-11,3,1,0,1
16668,73,2020-05-12,2,0,1,3
16669,73,2020-05-13,1,0,0,2
16670,73,2020-05-14,3,0,1,5
16671,73,2020-05-15,2,0,0,0
16672,73,2020-05-16,1,0,0,3
16673,73,2020-05-17,1,0,1,0
16674,73,2020-05-18,0,0,0,1
16675,73,2020-05-19,2,1,0,4
16676,73,2020-05-20,3,1,2,3
16677,73,2020-05-21,0,0,0,0
16678,73,2020-05-22,1,0,0,3
16679,73,2020-05-23,2,0,2,0
16680,73,2020-05-24,0,0,0,0
16681,73,2020-05-25,0,0,0,1
16682,73,2020-05-26,1,0,1,2
16683,73,2020-05-27,3,0,2,5
16684,73,2020-05-28,0,0,0,0
16685,73,2020-05-29,1,0,2,1
16686,73,2020-05-30,1,1,0,3
16687,73,2020-05-31,0,0,0,0
16688,73,2020-06-01,1,0,0,0
16689,73,2020-06-02,0,0,0,0
16690,73,2020-06-03,1,0,0,0
16691,73,2020-06-04,2,0,0,4
16692,73,2020-06-05,1,0,0,1
16693,73,2020-06-06,0,0,0,1
16694,73,2020-06-07,0,0,1,0
16695,73,2020-06-08,2,0,0,6
16696,73,2020-06-09,0,0,0,2
16697,73,2020-06-10,1,0,0,2
16698,73,2020-06-11,0,0,0,0
16699,73,2020-06-12,2,0,0,2
16700,73,2020-06-13,0,0,0,1
16701,73,2020-06-14,0,0,0,0
16702,73,2020-06-15,0,0,0,0
16703,73,2020-06-16,0,0,0,1
16704,73,2020-06-17,2,0,0,1
16705,73,2020-06-18,0,0,0,0
16706,73,2020-06-19,2,0,0,0
16707,73,2020-06-20,0,0,0,0
16708,73,2020-06-21,0,0,0,0
16709,73,2020-06-22,0,0,0,3
16710,73,2020-06-23,1,0,0,0
16711,73,2020-06-24,0,0,0,0
16712,73,2020-06-25,0,0,0,0
16713,73,2020-06-26,0,0,0,0
16714,73,2020-06-27,0,0,1,2
16715,73,2020-06-28,0,0,0,0
16716,73,2020-06-29,0,0,0,0
16717,73,2020-06-30,1,0,0,0
16718,73,2020-07-01,0,0,0,1
16719,73,2020-07-02,2,0,1,2
16720,73,2020-07-03,0,0,1,2
16721,73,2020-07-04,0,0,0,0
16722,73,2020-07-05,0,0,0,0
16723,73,2020-07-06,0,0,0,2
16724,73,2020-07-07,1,0,0,1
16725,73,2020-07-08,2,2,0,0
16726,73,2020-07-09,0,0,1,0
16727,73,2020-07-10,0,0,0,0
16728,73,2020-07-11,0,0,0,0
16729,73,2020-07-12,0,0,0,0
16730,73,2020-07-13,1,0,0,1
16731,73,2020-07-14,1,0,0,0
16732,73,2020-07-15,1,0,0,2
16733,73,2020-07-16,0,0,0,1
16734,73,2020-07-17,0,0,0,0
16735,73,2020-07-18,0,0,0,0
16736,73,2020-07-19,0,0,0,0
16737,73,2020-07-20,0,0,0,3
16738,73,2020-07-21,1,0,0,0
16739,73,2020-07-22,0,0,0,3
16740,73,2020-07-23,1,0,0,1
16741,73,2020-07-24,0,0,0,0
16742,73,2020-07-25,0,0,0,0
16743,73,2020-07-26,0,0,0,0
16744,73,2020-07-27,1,0,0,0
16745,73,2020-07-28,1,0,0,1
16746,73,2020-07-29,0,0,0,0
16747,73,2020-07-30,0,0,0,4
16748,73,2020-07-31,1,0,0,0
16749,73,2020-08-01,0,0,0,1
16750,73,2020-08-02,0,0,0,0
16751,73,2020-08-03,2,0,0,2
16752,73,2020-08-04,1,0,0,3
16753,73,2020-08-05,0,0,0,0
16754,73,2020-08-06,0,0,0,0
16755,73,2020-08-07,3,0,0,1
16756,73,2020-08-08,0,0,0,0
16757,73,2020-08-09,0,0,0,0
16758,73,2020-08-10,0,0,0,0
16759,73,2020-08-11,0,0,1,0
16760,73,2020-08-12,0,0,0,0
16761,73,2020-08-13,1,0,0,0
16762,73,2020-08-14,2,0,1,2
16763,73,2020-08-15,0,0,0,0
16764,73,2020-08-16,0,0,0,0
16765,73,2020-08-17,0,0,0,0
16766,73,2020-08-18,5,2,0,1
16767,73,2020-08-19,0,0,0,1
16768,73,2020-08-20,1,0,0,2
16769,73,2020-08-21,0,0,0,2
16770,73,2020-08-22,0,0,1,0
16771,73,2020-08-23,0,0,0,0
16772,73,2020-08-24,0,0,0,1
16773,73,2020-08-25,3,0,0,2
16774,73,2020-08-26,1,1,0,0
16775,73,2020-08-27,1,0,0,0
16776,73,2020-08-28,0,1,0,0
16777,73,2020-08-29,0,0,0,0
16778,73,2020-08-30,0,0,0,0
16779,73,2020-08-31,0,0,0,0
16780,73,2020-09-01,2,0,0,0
16781,73,2020-09-02,4,1,0,1
16782,73,2020-09-03,2,1,0,1
16783,73,2020-09-04,0,0,0,1
16784,73,2020-09-05,1,1,0,0
16785,73,2020-09-06,0,0,0,0
16786,73,2020-09-07,3,2,0,1
16787,73,2020-09-08,1,0,0,0
16788,73,2020-09-09,1,0,0,1
16789,73,2020-09-10,0,1,0,0
16790,73,2020-09-11,3,0,0,0
16791,73,2020-09-12,1,1,0,0
16792,73,2020-09-13,0,0,0,0
16793,73,2020-09-14,1,0,0,2
16794,73,2020-09-15,3,0,0,1
16795,73,2020-09-16,6,0,0,2
16796,73,2020-09-17,3,0,0,4
16797,73,2020-09-18,0,0,0,3
16798,73,2020-09-19,1,0,0,2
16799,73,2020-09-20,0,0,0,0
16800,73,2020-09-21,5,1,0,4
16801,73,2020-09-22,1,1,0,1
16802,73,2020-09-23,1,0,0,2
16803,73,2020-09-24,2,0,0,3
16804,73,2020-09-25,3,2,0,2
16805,73,2020-09-26,1,0,0,0
16806,73,2020-09-27,0,0,0,0
16807,73,2020-09-28,5,1,2,3
16808,73,2020-09-29,6,3,1,2
16809,73,2020-09-30,1,0,1,1
16810,73,2020-10-01,0,0,1,1
16811,73,2020-10-02,4,0,0,1
16812,73,2020-10-03,3,1,0,3
16813,73,2020-10-04,0,0,1,0
16814,73,2020-10-05,1,1,0,0
16815,73,2020-10-06,4,1,0,6
16816,73,2020-10-07,5,0,1,4
16817,73,2020-10-08,5,0,1,1
16818,73,2020-10-09,11,1,0,4
16819,73,2020-10-10,12,1,1,2
16820,73,2020-10-11,6,0,1,0
16821,73,2020-10-12,8,0,3,2
16822,73,2020-10-13,2,0,0,4
16823,73,2020-10-14,3,0,0,4
16824,73,2020-10-15,14,2,0,2
16825,73,2020-10-16,10,0,0,1
16826,73,2020-10-17,17,3,0,2
16827,73,2020-10-18,23,1,2,6
16828,73,2020-10-19,10,1,2,3
16829,73,2020-10-20,12,1,0,6
16830,73,2020-10-21,14,2,4,12
16831,73,2020-10-22,19,0,2,10
16832,73,2020-10-23,29,3,4,9
16833,73,2020-10-24,37,3,4,5
16834,73,2020-10-25,10,2,2,5
16835,73,2020-10-26,20,2,0,10
16836,73,2020-10-27,39,3,4,14
16837,73,2020-10-28,52,5,4,17
16838,73,2020-10-29,45,3,10,9
16839,73,2020-10-30,44,1,6,22
16840,73,2020-10-31,22,5,4,19
16841,73,2020-11-01,40,2,2,5
16842,73,2020-11-02,37,4,11,9
16843,73,2020-11-03,52,3,5,26
16844,73,2020-11-04,75,5,8,26
16845,73,2020-11-05,56,8,9,25
16846,73,2020-11-06,51,7,7,35
16847,73,2020-11-07,23,8,9,25
16848,74,2020-03-19,13,2,1,6
16849,74,2020-03-20,23,0,0,4
16850,74,2020-03-21,15,1,1,6
16851,74,2020-03-22,16,3,2,2
16852,74,2020-03-23,26,8,3,3
16853,74,2020-03-24,14,7,2,10
16854,74,2020-03-25,36,6,1,11
16855,74,2020-03-26,35,7,1,13
16856,74,2020-03-27,40,7,3,10
16857,74,2020-03-28,37,5,4,17
16858,74,2020-03-29,45,12,3,7
16859,74,2020-03-30,46,9,1,14
16860,74,2020-03-31,24,9,3,15
16861,74,2020-04-01,39,11,9,25
16862,74,2020-04-02,44,8,7,34
16863,74,2020-04-03,39,5,6,13
16864,74,2020-04-04,16,3,3,23
16865,74,2020-04-05,38,10,1,7
16866,74,2020-04-06,15,5,8,10
16867,74,2020-04-07,25,7,4,27
16868,74,2020-04-08,29,3,5,29
16869,74,2020-04-09,26,3,4,19
16870,74,2020-04-10,15,1,2,14
16871,74,2020-04-11,39,2,6,33
16872,74,2020-04-12,14,0,3,8
16873,74,2020-04-13,11,2,1,7
16874,74,2020-04-14,14,0,0,9
16875,74,2020-04-15,23,1,2,20
16876,74,2020-04-16,17,3,9,30
16877,74,2020-04-17,18,1,4,26
16878,74,2020-04-18,28,2,2,11
16879,74,2020-04-19,12,0,5,6
16880,74,2020-04-20,6,1,8,12
16881,74,2020-04-21,16,4,3,17
16882,74,2020-04-22,9,0,1,12
16883,74,2020-04-23,4,0,4,16
16884,74,2020-04-24,12,1,0,24
16885,74,2020-04-25,8,0,3,11
16886,74,2020-04-26,7,0,2,5
16887,74,2020-04-27,9,0,3,9
16888,74,2020-04-28,15,1,4,14
16889,74,2020-04-29,12,1,3,19
16890,74,2020-04-30,10,1,0,9
16891,74,2020-05-01,7,0,1,6
16892,74,2020-05-02,6,0,0,6
16893,74,2020-05-03,4,0,3,5
16894,74,2020-05-04,6,1,2,2
16895,74,2020-05-05,9,0,4,7
16896,74,2020-05-06,3,0,2,9
16897,74,2020-05-07,9,0,3,14
16898,74,2020-05-08,2,0,0,14
16899,74,2020-05-09,9,0,0,1
16900,74,2020-05-10,2,0,0,1
16901,74,2020-05-11,2,0,1,6
16902,74,2020-05-12,2,0,1,16
16903,74,2020-05-13,6,0,0,7
16904,74,2020-05-14,8,1,0,11
16905,74,2020-05-15,4,0,1,9
16906,74,2020-05-16,4,1,0,4
16907,74,2020-05-17,3,1,0,2
16908,74,2020-05-18,3,0,0,4
16909,74,2020-05-19,3,0,1,10
16910,74,2020-05-20,1,0,2,7
16911,74,2020-05-21,1,0,0,4
16912,74,2020-05-22,1,0,0,4
16913,74,2020-05-23,1,1,0,3
16914,74,2020-05-24,2,0,0,1
16915,74,2020-05-25,3,0,0,5
16916,74,2020-05-26,1,0,2,5
16917,74,2020-05-27,1,0,0,1
16918,74,2020-05-28,1,0,0,2
16919,74,2020-05-29,0,0,0,4
16920,74,2020-05-30,1,0,0,1
16921,74,2020-05-31,0,0,0,7
16922,74,2020-06-01,1,0,0,0
16923,74,2020-06-02,1,1,0,2
16924,74,2020-06-03,2,0,1,1
16925,74,2020-06-04,0,1,1,3
16926,74,2020-06-05,0,0,0,3
16927,74,2020-06-06,1,0,0,0
16928,74,2020-06-07,0,0,0,0
16929,74,2020-06-08,0,0,0,1
16930,74,2020-06-09,1,0,0,4
16931,74,2020-06-10,1,0,0,1
16932,74,2020-06-11,0,0,0,0
16933,74,2020-06-12,1,0,0,0
16934,74,2020-06-13,0,0,0,0
16935,74,2020-06-14,0,0,0,2
16936,74,2020-06-15,0,0,0,2
16937,74,2020-06-16,1,1,1,0
16938,74,2020-06-17,0,0,0,2
16939,74,2020-06-18,2,0,0,1
16940,74,2020-06-19,1,1,0,0
16941,74,2020-06-20,0,0,0,0
16942,74,2020-06-21,0,0,0,0
16943,74,2020-06-22,2,0,0,1
16944,74,2020-06-23,3,0,0,3
16945,74,2020-06-24,0,0,0,0
16946,74,2020-06-25,1,1,0,6
16947,74,2020-06-26,1,0,0,1
16948,74,2020-06-27,0,0,0,4
16949,74,2020-06-28,0,0,0,0
16950,74,2020-06-29,1,0,1,0
16951,74,2020-06-30,2,0,2,1
16952,74,2020-07-01,0,0,0,7
16953,74,2020-07-02,1,0,0,2
16954,74,2020-07-03,1,0,0,1
16955,74,2020-07-04,0,0,0,0
16956,74,2020-07-05,0,0,0,0
16957,74,2020-07-06,0,0,0,3
16958,74,2020-07-07,0,0,0,1
16959,74,2020-07-08,1,0,0,2
16960,74,2020-07-09,0,0,0,0
16961,74,2020-07-10,0,0,0,0
16962,74,2020-07-11,0,0,0,1
16963,74,2020-07-12,0,0,0,0
16964,74,2020-07-13,0,0,0,0
16965,74,2020-07-14,0,0,0,3
16966,74,2020-07-15,1,0,0,0
16967,74,2020-07-16,1,0,0,1
16968,74,2020-07-17,0,0,0,1
16969,74,2020-07-18,0,0,0,0
16970,74,2020-07-19,0,0,0,0
16971,74,2020-07-20,2,0,0,1
16972,74,2020-07-21,0,0,0,0
16973,74,2020-07-22,1,0,0,1
16974,74,2020-07-23,0,0,0,1
16975,74,2020-07-24,1,0,0,0
16976,74,2020-07-25,0,0,0,0
16977,74,2020-07-26,0,0,0,0
16978,74,2020-07-27,4,0,0,3
16979,74,2020-07-28,2,1,0,0
16980,74,2020-07-29,1,0,0,2
16981,74,2020-07-30,2,0,1,7
16982,74,2020-07-31,0,0,0,1
16983,74,2020-08-01,0,0,0,0
16984,74,2020-08-02,0,0,0,0
16985,74,2020-08-03,4,1,1,0
16986,74,2020-08-04,1,0,0,2
16987,74,2020-08-05,0,0,0,2
16988,74,2020-08-06,0,0,0,7
16989,74,2020-08-07,0,0,0,14
16990,74,2020-08-08,1,0,0,2
16991,74,2020-08-09,0,0,0,0
16992,74,2020-08-10,1,0,0,0
16993,74,2020-08-11,4,0,0,2
16994,74,2020-08-12,4,0,1,9
16995,74,2020-08-13,2,0,0,1
16996,74,2020-08-14,1,1,0,1
16997,74,2020-08-15,0,0,0,0
16998,74,2020-08-16,0,0,0,0
16999,74,2020-08-17,5,0,1,1
17000,74,2020-08-18,0,0,0,1
17001,74,2020-08-19,0,0,0,5
17002,74,2020-08-20,0,0,0,2
17003,74,2020-08-21,2,0,0,1
17004,74,2020-08-22,0,0,0,11
17005,74,2020-08-23,0,0,0,2
17006,74,2020-08-24,3,0,0,1
17007,74,2020-08-25,3,0,1,2
17008,74,2020-08-26,0,0,0,0
17009,74,2020-08-27,3,0,0,2
17010,74,2020-08-28,2,0,1,2
17011,74,2020-08-29,0,0,0,0
17012,74,2020-08-30,0,0,0,0
17013,74,2020-08-31,3,1,0,1
17014,74,2020-09-01,1,0,0,0
17015,74,2020-09-02,1,0,0,0
17016,74,2020-09-03,1,0,0,0
17017,74,2020-09-04,1,0,0,4
17018,74,2020-09-05,0,0,0,2
17019,74,2020-09-06,0,0,0,1
17020,74,2020-09-07,6,0,0,0
17021,74,2020-09-08,3,0,2,2
17022,74,2020-09-09,6,2,1,3
17023,74,2020-09-10,1,0,0,2
17024,74,2020-09-11,2,0,0,0
17025,74,2020-09-12,0,0,0,3
17026,74,2020-09-13,0,0,0,0
17027,74,2020-09-14,0,0,0,3
17028,74,2020-09-15,2,0,0,0
17029,74,2020-09-16,3,1,0,2
17030,74,2020-09-17,1,1,0,5
17031,74,2020-09-18,3,1,0,0
17032,74,2020-09-19,1,0,0,0
17033,74,2020-09-20,0,0,0,0
17034,74,2020-09-21,3,0,0,2
17035,74,2020-09-22,2,1,0,5
17036,74,2020-09-23,0,0,1,0
17037,74,2020-09-24,0,0,0,2
17038,74,2020-09-25,4,1,0,1
17039,74,2020-09-26,1,0,0,0
17040,74,2020-09-27,0,0,0,0
17041,74,2020-09-28,7,0,0,1
17042,74,2020-09-29,5,1,0,3
17043,74,2020-09-30,7,1,1,1
17044,74,2020-10-01,2,0,0,2
17045,74,2020-10-02,3,0,0,2
17046,74,2020-10-03,0,0,1,1
17047,74,2020-10-04,0,0,0,0
17048,74,2020-10-05,10,2,1,4
17049,74,2020-10-06,2,0,0,6
17050,74,2020-10-07,5,0,0,3
17051,74,2020-10-08,5,0,0,10
17052,74,2020-10-09,5,0,0,2
17053,74,2020-10-10,6,0,0,3
17054,74,2020-10-11,2,0,0,1
17055,74,2020-10-12,9,1,0,2
17056,74,2020-10-13,8,2,0,9
17057,74,2020-10-14,11,2,0,9
17058,74,2020-10-15,8,0,0,8
17059,74,2020-10-16,15,1,1,4
17060,74,2020-10-17,8,0,0,2
17061,74,2020-10-18,10,2,0,3
17062,74,2020-10-19,27,4,1,3
17063,74,2020-10-20,17,6,2,9
17064,74,2020-10-21,39,4,3,13
17065,74,2020-10-22,30,3,1,9
17066,74,2020-10-23,32,7,2,10
17067,74,2020-10-24,22,2,1,8
17068,74,2020-10-25,16,0,2,3
17069,74,2020-10-26,59,7,0,16
17070,74,2020-10-27,50,6,5,25
17071,74,2020-10-28,42,2,3,8
17072,74,2020-10-29,59,6,2,28
17073,74,2020-10-30,37,1,1,21
17074,74,2020-10-31,66,10,8,29
17075,74,2020-11-01,67,7,10,20
17076,74,2020-11-02,48,5,7,22
17077,74,2020-11-03,65,5,8,24
17078,74,2020-11-04,95,10,6,46
17079,74,2020-11-05,65,7,14,35
17080,74,2020-11-06,95,8,8,44
17081,74,2020-11-07,78,11,12,35
17082,75,2020-03-19,167,41,11,31
17083,75,2020-03-20,120,21,5,28
17084,75,2020-03-21,138,34,7,35
17085,75,2020-03-22,147,31,4,33
17086,75,2020-03-23,189,31,18,33
17087,75,2020-03-24,209,70,21,35
17088,75,2020-03-25,316,66,32,62
17089,75,2020-03-26,276,66,28,65
17090,75,2020-03-27,270,76,42,82
17091,75,2020-03-28,346,76,31,66
17092,75,2020-03-29,241,69,25,17
17093,75,2020-03-30,252,52,69,96
17094,75,2020-03-31,404,83,57,125
17095,75,2020-04-01,378,84,42,137
17096,75,2020-04-02,344,96,51,115
17097,75,2020-04-03,294,63,58,138
17098,75,2020-04-04,285,76,36,121
17099,75,2020-04-05,232,55,45,98
17100,75,2020-04-06,226,67,54,79
17101,75,2020-04-07,235,54,38,128
17102,75,2020-04-08,240,58,50,156
17103,75,2020-04-09,239,40,38,172
17104,75,2020-04-10,293,63,69,193
17105,75,2020-04-11,221,32,32,129
17106,75,2020-04-12,170,41,45,99
17107,75,2020-04-13,131,29,48,66
17108,75,2020-04-14,128,32,45,53
17109,75,2020-04-15,152,37,52,148
17110,75,2020-04-16,156,23,36,169
17111,75,2020-04-17,201,34,43,156
17112,75,2020-04-18,130,28,28,140
17113,75,2020-04-19,61,6,34,93
17114,75,2020-04-20,109,14,47,55
17115,75,2020-04-21,132,29,35,145
17116,75,2020-04-22,90,15,17,133
17117,75,2020-04-23,83,14,22,136
17118,75,2020-04-24,64,21,17,107
17119,75,2020-04-25,70,21,19,97
17120,75,2020-04-26,51,5,21,41
17121,75,2020-04-27,52,17,21,73
17122,75,2020-04-28,85,13,35,101
17123,75,2020-04-29,104,12,26,153
17124,75,2020-04-30,75,12,21,104
17125,75,2020-05-01,43,6,5,76
17126,75,2020-05-02,32,6,15,64
17127,75,2020-05-03,24,15,8,27
17128,75,2020-05-04,41,14,24,32
17129,75,2020-05-05,79,13,25,95
17130,75,2020-05-06,48,7,13,130
17131,75,2020-05-07,46,12,8,130
17132,75,2020-05-08,36,13,2,69
17133,75,2020-05-09,22,7,13,25
17134,75,2020-05-10,21,5,4,11
17135,75,2020-05-11,44,13,18,45
17136,75,2020-05-12,54,11,6,82
17137,75,2020-05-13,31,8,4,59
17138,75,2020-05-14,18,3,4,80
17139,75,2020-05-15,28,8,5,68
17140,75,2020-05-16,21,7,1,23
17141,75,2020-05-17,10,3,1,13
17142,75,2020-05-18,18,5,12,34
17143,75,2020-05-19,30,14,13,104
17144,75,2020-05-20,25,6,4,69
17145,75,2020-05-21,14,7,8,49
17146,75,2020-05-22,12,7,11,23
17147,75,2020-05-23,12,2,3,52
17148,75,2020-05-24,4,3,3,6
17149,75,2020-05-25,10,2,6,31
17150,75,2020-05-26,23,2,4,43
17151,75,2020-05-27,9,3,5,105
17152,75,2020-05-28,16,3,10,50
17153,75,2020-05-29,14,2,3,33
17154,75,2020-05-30,12,3,0,28
17155,75,2020-05-31,5,3,2,10
17156,75,2020-06-01,7,0,1,14
17157,75,2020-06-02,6,2,0,16
17158,75,2020-06-03,7,1,2,30
17159,75,2020-06-04,10,0,2,17
17160,75,2020-06-05,11,2,2,40
17161,75,2020-06-06,7,2,3,21
17162,75,2020-06-07,4,2,0,4
17163,75,2020-06-08,6,1,0,21
17164,75,2020-06-09,5,2,6,18
17165,75,2020-06-10,17,6,1,10
17166,75,2020-06-11,10,2,4,30
17167,75,2020-06-12,5,2,7,7
17168,75,2020-06-13,0,1,7,16
17169,75,2020-06-14,1,0,0,0
17170,75,2020-06-15,5,3,2,14
17171,75,2020-06-16,5,3,0,29
17172,75,2020-06-17,4,1,5,38
17173,75,2020-06-18,8,0,2,12
17174,75,2020-06-19,3,2,0,9
17175,75,2020-06-20,2,1,1,5
17176,75,2020-06-21,1,0,0,2
17177,75,2020-06-22,1,1,1,12
17178,75,2020-06-23,6,2,1,1
17179,75,2020-06-24,3,1,0,13
17180,75,2020-06-25,5,1,1,5
17181,75,2020-06-26,5,0,2,13
17182,75,2020-06-27,3,0,1,3
17183,75,2020-06-28,2,0,0,0
17184,75,2020-06-29,4,0,1,9
17185,75,2020-06-30,10,2,4,12
17186,75,2020-07-01,8,2,0,23
17187,75,2020-07-02,10,1,2,50
17188,75,2020-07-03,6,0,2,23
17189,75,2020-07-04,1,0,0,4
17190,75,2020-07-05,0,0,0,0
17191,75,2020-07-06,5,0,0,11
17192,75,2020-07-07,12,2,4,49
17193,75,2020-07-08,1,2,3,15
17194,75,2020-07-09,7,1,2,9
17195,75,2020-07-10,6,2,0,5
17196,75,2020-07-11,5,2,1,0
17197,75,2020-07-12,0,0,0,0
17198,75,2020-07-13,1,0,1,3
17199,75,2020-07-14,1,0,0,1
17200,75,2020-07-15,10,2,0,10
17201,75,2020-07-16,5,3,0,6
17202,75,2020-07-17,7,2,1,5
17203,75,2020-07-18,6,1,2,1
17204,75,2020-07-19,6,1,0,30
17205,75,2020-07-20,7,1,1,8
17206,75,2020-07-21,6,1,0,8
17207,75,2020-07-22,14,2,0,36
17208,75,2020-07-23,6,1,3,16
17209,75,2020-07-24,7,3,3,57
17210,75,2020-07-25,2,0,0,6
17211,75,2020-07-26,0,0,0,0
17212,75,2020-07-27,11,7,0,3
17213,75,2020-07-28,8,2,1,7
17214,75,2020-07-29,5,1,1,12
17215,75,2020-07-30,8,3,0,10
17216,75,2020-07-31,4,1,0,5
17217,75,2020-08-01,1,0,0,5
17218,75,2020-08-02,1,0,1,1
17219,75,2020-08-03,5,1,2,0
17220,75,2020-08-04,10,3,2,8
17221,75,2020-08-05,8,1,2,9
17222,75,2020-08-06,13,4,1,11
17223,75,2020-08-07,10,4,1,5
17224,75,2020-08-08,9,1,1,4
17225,75,2020-08-09,1,1,0,1
17226,75,2020-08-10,13,4,2,6
17227,75,2020-08-11,13,2,2,12
17228,75,2020-08-12,10,2,2,10
17229,75,2020-08-13,17,3,1,13
17230,75,2020-08-14,8,1,0,8
17231,75,2020-08-15,5,1,0,2
17232,75,2020-08-16,1,0,0,2
17233,75,2020-08-17,14,2,1,4
17234,75,2020-08-18,13,3,3,11
17235,75,2020-08-19,4,2,0,6
17236,75,2020-08-20,13,3,0,5
17237,75,2020-08-21,10,4,0,11
17238,75,2020-08-22,3,0,2,5
17239,75,2020-08-23,0,0,0,1
17240,75,2020-08-24,8,3,0,8
17241,75,2020-08-25,16,2,1,17
17242,75,2020-08-26,15,3,2,24
17243,75,2020-08-27,5,1,0,6
17244,75,2020-08-28,19,5,1,11
17245,75,2020-08-29,5,0,1,5
17246,75,2020-08-30,0,0,0,0
17247,75,2020-08-31,8,3,3,4
17248,75,2020-09-01,21,3,3,12
17249,75,2020-09-02,13,3,2,7
17250,75,2020-09-03,17,3,1,13
17251,75,2020-09-04,17,4,1,18
17252,75,2020-09-05,9,2,0,5
17253,75,2020-09-06,6,2,0,1
17254,75,2020-09-07,29,6,3,5
17255,75,2020-09-08,16,5,3,19
17256,75,2020-09-09,22,6,1,13
17257,75,2020-09-10,22,5,2,10
17258,75,2020-09-11,22,2,1,17
17259,75,2020-09-12,15,4,1,16
17260,75,2020-09-13,12,6,0,3
17261,75,2020-09-14,18,4,0,9
17262,75,2020-09-15,57,12,3,28
17263,75,2020-09-16,28,7,2,18
17264,75,2020-09-17,42,5,4,54
17265,75,2020-09-18,28,10,1,37
17266,75,2020-09-19,42,9,5,57
17267,75,2020-09-20,17,7,4,24
17268,75,2020-09-21,38,6,0,31
17269,75,2020-09-22,37,7,5,22
17270,75,2020-09-23,43,11,2,47
17271,75,2020-09-24,56,9,4,24
17272,75,2020-09-25,30,3,1,27
17273,75,2020-09-26,30,8,6,22
17274,75,2020-09-27,29,12,1,11
17275,75,2020-09-28,48,16,9,9
17276,75,2020-09-29,36,9,1,26
17277,75,2020-09-30,44,18,5,32
17278,75,2020-10-01,41,14,4,33
17279,75,2020-10-02,48,12,8,21
17280,75,2020-10-03,37,4,5,22
17281,75,2020-10-04,33,2,3,8
17282,75,2020-10-05,54,14,3,14
17283,75,2020-10-06,57,14,2,45
17284,75,2020-10-07,66,18,3,41
17285,75,2020-10-08,39,4,4,38
17286,75,2020-10-09,50,13,3,43
17287,75,2020-10-10,46,10,4,32
17288,75,2020-10-11,42,10,3,14
17289,75,2020-10-12,39,10,10,22
17290,75,2020-10-13,84,19,8,46
17291,75,2020-10-14,67,9,6,50
17292,75,2020-10-15,50,9,3,45
17293,75,2020-10-16,52,10,6,34
17294,75,2020-10-17,68,19,5,28
17295,75,2020-10-18,37,8,5,20
17296,75,2020-10-19,71,19,10,30
17297,75,2020-10-20,91,21,10,54
17298,75,2020-10-21,68,18,7,29
17299,75,2020-10-22,85,25,6,51
17300,75,2020-10-23,139,20,11,52
17301,75,2020-10-24,92,20,5,37
17302,75,2020-10-25,50,12,7,19
17303,75,2020-10-26,99,13,11,32
17304,75,2020-10-27,142,40,17,69
17305,75,2020-10-28,115,23,15,60
17306,75,2020-10-29,116,21,7,73
17307,75,2020-10-30,123,42,11,53
17308,75,2020-10-31,78,9,11,45
17309,75,2020-11-01,75,25,8,35
17310,75,2020-11-02,113,27,17,32
17311,75,2020-11-03,152,30,15,65
17312,75,2020-11-04,135,23,16,60
17313,75,2020-11-05,98,14,7,73
17314,75,2020-11-06,106,18,19,118
17315,75,2020-11-07,102,38,16,59
17316,76,2020-03-19,12,4,1,1
17317,76,2020-03-20,14,1,1,1
17318,76,2020-03-21,17,4,0,1
17319,76,2020-03-22,14,3,2,2
17320,76,2020-03-23,14,3,1,0
17321,76,2020-03-24,24,6,4,3
17322,76,2020-03-25,36,11,1,4
17323,76,2020-03-26,31,15,1,3
17324,76,2020-03-27,33,14,2,7
17325,76,2020-03-28,61,14,2,14
17326,76,2020-03-29,58,13,4,5
17327,76,2020-03-30,14,10,2,5
17328,76,2020-03-31,70,20,10,17
17329,76,2020-04-01,32,9,4,28
17330,76,2020-04-02,57,15,6,21
17331,76,2020-04-03,28,7,9,17
17332,76,2020-04-04,32,8,2,18
17333,76,2020-04-05,23,5,5,10
17334,76,2020-04-06,24,7,5,11
17335,76,2020-04-07,35,7,6,29
17336,76,2020-04-08,18,3,9,30
17337,76,2020-04-09,14,7,5,16
17338,76,2020-04-10,32,5,6,20
17339,76,2020-04-11,13,5,3,16
17340,76,2020-04-12,13,1,3,19
17341,76,2020-04-13,16,6,5,6
17342,76,2020-04-14,14,4,4,14
17343,76,2020-04-15,18,0,1,21
17344,76,2020-04-16,17,3,5,14
17345,76,2020-04-17,18,5,4,21
17346,76,2020-04-18,28,2,2,26
17347,76,2020-04-19,16,5,5,15
17348,76,2020-04-20,13,3,0,3
17349,76,2020-04-21,14,1,6,22
17350,76,2020-04-22,14,2,2,16
17351,76,2020-04-23,11,1,3,17
17352,76,2020-04-24,30,0,3,28
17353,76,2020-04-25,5,1,1,7
17354,76,2020-04-26,6,3,5,11
17355,76,2020-04-27,3,2,2,4
17356,76,2020-04-28,27,4,6,16
17357,76,2020-04-29,3,0,5,20
17358,76,2020-04-30,7,0,2,2
17359,76,2020-05-01,4,0,1,14
17360,76,2020-05-02,1,0,1,2
17361,76,2020-05-03,0,0,0,0
17362,76,2020-05-04,5,1,1,7
17363,76,2020-05-05,4,1,2,6
17364,76,2020-05-06,1,1,0,10
17365,76,2020-05-07,2,0,1,7
17366,76,2020-05-08,8,1,1,15
17367,76,2020-05-09,3,0,0,1
17368,76,2020-05-10,3,0,0,2
17369,76,2020-05-11,7,0,2,3
17370,76,2020-05-12,2,1,0,4
17371,76,2020-05-13,2,0,2,5
17372,76,2020-05-14,4,1,0,3
17373,76,2020-05-15,4,2,2,4
17374,76,2020-05-16,4,0,1,5
17375,76,2020-05-17,3,0,0,1
17376,76,2020-05-18,5,1,1,3
17377,76,2020-05-19,7,1,5,4
17378,76,2020-05-20,6,0,1,8
17379,76,2020-05-21,1,0,0,9
17380,76,2020-05-22,1,2,0,1
17381,76,2020-05-23,2,0,0,1
17382,76,2020-05-24,2,0,0,2
17383,76,2020-05-25,4,2,0,1
17384,76,2020-05-26,2,0,0,9
17385,76,2020-05-27,0,0,1,6
17386,76,2020-05-28,1,1,0,6
17387,76,2020-05-29,1,0,1,8
17388,76,2020-05-30,0,0,0,3
17389,76,2020-05-31,0,0,0,0
17390,76,2020-06-01,1,0,0,0
17391,76,2020-06-02,3,1,0,5
17392,76,2020-06-03,1,0,1,3
17393,76,2020-06-04,0,0,0,1
17394,76,2020-06-05,0,0,0,0
17395,76,2020-06-06,0,0,0,1
17396,76,2020-06-07,0,0,0,1
17397,76,2020-06-08,0,0,1,0
17398,76,2020-06-09,0,0,0,5
17399,76,2020-06-10,0,0,0,1
17400,76,2020-06-11,0,0,0,0
17401,76,2020-06-12,0,0,0,0
17402,76,2020-06-13,0,0,0,0
17403,76,2020-06-14,0,0,0,0
17404,76,2020-06-15,0,0,0,0
17405,76,2020-06-16,2,0,1,1
17406,76,2020-06-17,2,0,0,3
17407,76,2020-06-18,1,0,0,1
17408,76,2020-06-19,0,0,0,0
17409,76,2020-06-20,5,1,0,2
17410,76,2020-06-21,0,0,0,0
17411,76,2020-06-22,0,0,1,4
17412,76,2020-06-23,0,0,0,0
17413,76,2020-06-24,1,0,0,0
17414,76,2020-06-25,0,0,0,2
17415,76,2020-06-26,2,0,0,2
17416,76,2020-06-27,0,0,0,1
17417,76,2020-06-28,0,0,0,0
17418,76,2020-06-29,1,0,1,0
17419,76,2020-06-30,4,0,0,7
17420,76,2020-07-01,3,0,0,0
17421,76,2020-07-02,6,0,0,2
17422,76,2020-07-03,2,0,0,2
17423,76,2020-07-04,2,0,0,1
17424,76,2020-07-05,0,0,0,0
17425,76,2020-07-06,2,0,0,5
17426,76,2020-07-07,0,0,0,0
17427,76,2020-07-08,0,1,0,3
17428,76,2020-07-09,0,0,0,1
17429,76,2020-07-10,18,0,0,16
17430,76,2020-07-11,0,0,0,2
17431,76,2020-07-12,0,0,0,0
17432,76,2020-07-13,2,0,1,3
17433,76,2020-07-14,0,0,0,2
17434,76,2020-07-15,0,0,0,3
17435,76,2020-07-16,0,0,0,1
17436,76,2020-07-17,1,1,0,0
17437,76,2020-07-18,0,0,0,0
17438,76,2020-07-19,0,0,0,0
17439,76,2020-07-20,1,0,0,3
17440,76,2020-07-21,0,0,0,1
17441,76,2020-07-22,1,0,0,1
17442,76,2020-07-23,0,1,0,30
17443,76,2020-07-24,0,0,0,4
17444,76,2020-07-25,2,1,1,2
17445,76,2020-07-26,0,0,0,0
17446,76,2020-07-27,0,0,0,0
17447,76,2020-07-28,0,0,0,0
17448,76,2020-07-29,1,0,0,0
17449,76,2020-07-30,0,0,0,1
17450,76,2020-07-31,1,0,1,0
17451,76,2020-08-01,0,0,0,0
17452,76,2020-08-02,0,0,0,0
17453,76,2020-08-03,0,0,0,5
17454,76,2020-08-04,0,0,0,6
17455,76,2020-08-05,0,0,0,0
17456,76,2020-08-06,0,0,0,0
17457,76,2020-08-07,0,0,0,0
17458,76,2020-08-08,0,0,0,0
17459,76,2020-08-09,0,0,0,0
17460,76,2020-08-10,0,0,0,1
17461,76,2020-08-11,4,0,0,1
17462,76,2020-08-12,0,0,0,2
17463,76,2020-08-13,0,0,0,1
17464,76,2020-08-14,0,0,0,6
17465,76,2020-08-15,1,0,0,0
17466,76,2020-08-16,0,0,0,0
17467,76,2020-08-17,0,0,0,0
17468,76,2020-08-18,1,0,0,5
17469,76,2020-08-19,1,0,0,0
17470,76,2020-08-20,0,0,0,1
17471,76,2020-08-21,0,0,0,0
17472,76,2020-08-22,1,0,0,0
17473,76,2020-08-23,0,0,0,0
17474,76,2020-08-24,0,0,0,1
17475,76,2020-08-25,3,0,0,3
17476,76,2020-08-26,1,0,0,0
17477,76,2020-08-27,0,0,0,0
17478,76,2020-08-28,4,0,1,1
17479,76,2020-08-29,0,0,0,0
17480,76,2020-08-30,0,0,0,0
17481,76,2020-08-31,1,0,0,1
17482,76,2020-09-01,3,0,0,1
17483,76,2020-09-02,0,0,0,1
17484,76,2020-09-03,0,0,0,1
17485,76,2020-09-04,0,0,0,0
17486,76,2020-09-05,2,0,0,1
17487,76,2020-09-06,0,0,0,0
17488,76,2020-09-07,0,0,0,0
17489,76,2020-09-08,12,1,0,3
17490,76,2020-09-09,5,0,0,0
17491,76,2020-09-10,10,5,0,2
17492,76,2020-09-11,8,1,0,5
17493,76,2020-09-12,1,0,0,0
17494,76,2020-09-13,0,0,0,0
17495,76,2020-09-14,7,2,0,5
17496,76,2020-09-15,15,1,0,1
17497,76,2020-09-16,6,1,0,5
17498,76,2020-09-17,6,1,0,3
17499,76,2020-09-18,6,0,1,0
17500,76,2020-09-19,17,2,1,8
17501,76,2020-09-20,4,1,1,5
17502,76,2020-09-21,7,2,1,0
17503,76,2020-09-22,18,3,1,8
17504,76,2020-09-23,4,1,0,4
17505,76,2020-09-24,6,1,1,8
17506,76,2020-09-25,22,3,2,12
17507,76,2020-09-26,7,1,0,6
17508,76,2020-09-27,7,2,1,1
17509,76,2020-09-28,23,3,2,5
17510,76,2020-09-29,18,2,1,7
17511,76,2020-09-30,8,0,0,13
17512,76,2020-10-01,11,1,0,7
17513,76,2020-10-02,21,3,1,10
17514,76,2020-10-03,10,0,4,20
17515,76,2020-10-04,1,5,0,1
17516,76,2020-10-05,16,3,1,9
17517,76,2020-10-06,4,1,1,6
17518,76,2020-10-07,28,5,0,8
17519,76,2020-10-08,17,1,1,10
17520,76,2020-10-09,20,3,1,15
17521,76,2020-10-10,10,4,2,7
17522,76,2020-10-11,33,3,4,10
17523,76,2020-10-12,20,5,2,2
17524,76,2020-10-13,8,3,0,2
17525,76,2020-10-14,32,2,1,17
17526,76,2020-10-15,25,3,1,20
17527,76,2020-10-16,29,1,2,12
17528,76,2020-10-17,26,2,0,11
17529,76,2020-10-18,19,2,3,10
17530,76,2020-10-19,34,8,4,11
17531,76,2020-10-20,29,4,3,15
17532,76,2020-10-21,39,8,8,18
17533,76,2020-10-22,57,1,4,19
17534,76,2020-10-23,47,4,5,29
17535,76,2020-10-24,34,1,3,13
17536,76,2020-10-25,27,7,1,9
17537,76,2020-10-26,32,6,2,5
17538,76,2020-10-27,76,6,16,37
17539,76,2020-10-28,68,4,8,20
17540,76,2020-10-29,38,11,3,10
17541,76,2020-10-30,74,19,9,31
17542,76,2020-10-31,45,6,7,23
17543,76,2020-11-01,45,2,11,17
17544,76,2020-11-02,46,8,10,12
17545,76,2020-11-03,58,6,10,34
17546,76,2020-11-04,68,10,13,37
17547,76,2020-11-05,30,4,4,18
17548,76,2020-11-06,60,9,10,41
17549,76,2020-11-07,22,8,8,13
17550,77,2020-03-19,45,15,1,9
17551,77,2020-03-20,29,10,1,2
17552,77,2020-03-21,31,9,3,2
17553,77,2020-03-22,37,9,0,3
17554,77,2020-03-23,42,16,0,14
17555,77,2020-03-24,49,19,8,17
17556,77,2020-03-25,68,21,4,13
17557,77,2020-03-26,75,27,5,16
17558,77,2020-03-27,83,24,2,24
17559,77,2020-03-28,97,14,10,17
17560,77,2020-03-29,54,7,2,15
17561,77,2020-03-30,83,26,12,21
17562,77,2020-03-31,131,27,18,42
17563,77,2020-04-01,114,24,18,60
17564,77,2020-04-02,111,27,14,45
17565,77,2020-04-03,132,23,12,45
17566,77,2020-04-04,68,18,14,71
17567,77,2020-04-05,56,9,5,15
17568,77,2020-04-06,64,18,23,55
17569,77,2020-04-07,115,20,12,60
17570,77,2020-04-08,94,17,18,88
17571,77,2020-04-09,132,13,20,95
17572,77,2020-04-10,108,17,16,62
17573,77,2020-04-11,62,5,10,32
17574,77,2020-04-12,45,7,7,24
17575,77,2020-04-13,46,7,10,21
17576,77,2020-04-14,79,13,29,48
17577,77,2020-04-15,100,7,18,73
17578,77,2020-04-16,116,10,20,82
17579,77,2020-04-17,100,10,19,76
17580,77,2020-04-18,73,6,27,127
17581,77,2020-04-19,45,2,11,26
17582,77,2020-04-20,46,6,18,49
17583,77,2020-04-21,59,5,19,64
17584,77,2020-04-22,52,10,21,46
17585,77,2020-04-23,35,5,9,54
17586,77,2020-04-24,62,6,11,52
17587,77,2020-04-25,48,4,4,36
17588,77,2020-04-26,16,5,7,23
17589,77,2020-04-27,22,3,10,17
17590,77,2020-04-28,39,4,13,41
17591,77,2020-04-29,61,5,15,56
17592,77,2020-04-30,45,12,4,35
17593,77,2020-05-01,22,0,6,17
17594,77,2020-05-02,19,4,6,18
17595,77,2020-05-03,4,0,4,8
17596,77,2020-05-04,29,2,17,23
17597,77,2020-05-05,51,3,5,59
17598,77,2020-05-06,50,2,7,37
17599,77,2020-05-07,18,5,10,88
17600,77,2020-05-08,12,3,0,17
17601,77,2020-05-09,31,2,6,18
17602,77,2020-05-10,1,0,1,5
17603,77,2020-05-11,16,0,8,7
17604,77,2020-05-12,38,4,5,36
17605,77,2020-05-13,21,3,1,29
17606,77,2020-05-14,20,3,7,22
17607,77,2020-05-15,10,1,8,21
17608,77,2020-05-16,23,2,0,30
17609,77,2020-05-17,7,1,1,15
17610,77,2020-05-18,6,1,4,14
17611,77,2020-05-19,6,1,6,14
17612,77,2020-05-20,26,2,3,26
17613,77,2020-05-21,12,0,6,20
17614,77,2020-05-22,3,0,0,1
17615,77,2020-05-23,8,1,2,16
17616,77,2020-05-24,2,1,2,6
17617,77,2020-05-25,28,2,10,12
17618,77,2020-05-26,17,0,9,16
17619,77,2020-05-27,10,1,5,22
17620,77,2020-05-28,11,1,2,19
17621,77,2020-05-29,18,1,2,27
17622,77,2020-05-30,18,2,5,24
17623,77,2020-05-31,0,0,0,1
17624,77,2020-06-01,2,0,2,1
17625,77,2020-06-02,16,6,5,8
17626,77,2020-06-03,16,3,6,13
17627,77,2020-06-04,17,2,1,15
17628,77,2020-06-05,13,2,0,14
17629,77,2020-06-06,10,3,4,17
17630,77,2020-06-07,2,0,2,0
17631,77,2020-06-08,2,2,5,12
17632,77,2020-06-09,1,0,2,1
17633,77,2020-06-10,6,3,4,23
17634,77,2020-06-11,5,2,1,8
17635,77,2020-06-12,5,1,2,19
17636,77,2020-06-13,0,0,0,4
17637,77,2020-06-14,0,0,0,3
17638,77,2020-06-15,0,0,0,3
17639,77,2020-06-16,11,0,2,15
17640,77,2020-06-17,1,0,1,5
17641,77,2020-06-18,2,2,0,6
17642,77,2020-06-19,4,0,2,19
17643,77,2020-06-20,0,0,1,7
17644,77,2020-06-21,0,0,0,0
17645,77,2020-06-22,7,3,1,0
17646,77,2020-06-23,7,1,2,7
17647,77,2020-06-24,4,0,0,11
17648,77,2020-06-25,2,1,0,6
17649,77,2020-06-26,0,0,1,11
17650,77,2020-06-27,2,1,0,3
17651,77,2020-06-28,0,1,0,0
17652,77,2020-06-29,3,0,0,0
17653,77,2020-06-30,7,1,1,8
17654,77,2020-07-01,0,1,0,2
17655,77,2020-07-02,3,0,1,17
17656,77,2020-07-03,4,1,1,11
17657,77,2020-07-04,1,0,1,4
17658,77,2020-07-05,0,0,0,0
17659,77,2020-07-06,0,0,1,6
17660,77,2020-07-07,9,4,2,8
17661,77,2020-07-08,0,0,1,6
17662,77,2020-07-09,0,0,0,4
17663,77,2020-07-10,1,0,0,6
17664,77,2020-07-11,0,0,0,1
17665,77,2020-07-12,0,0,0,1
17666,77,2020-07-13,1,0,5,5
17667,77,2020-07-14,0,0,0,1
17668,77,2020-07-15,1,1,0,1
17669,77,2020-07-16,7,2,1,4
17670,77,2020-07-17,3,0,0,5
17671,77,2020-07-18,0,1,0,0
17672,77,2020-07-19,0,0,0,0
17673,77,2020-07-20,3,0,1,7
17674,77,2020-07-21,0,0,1,2
17675,77,2020-07-22,4,3,0,8
17676,77,2020-07-23,2,1,1,4
17677,77,2020-07-24,3,0,1,1
17678,77,2020-07-25,0,0,0,5
17679,77,2020-07-26,0,0,0,0
17680,77,2020-07-27,5,0,0,0
17681,77,2020-07-28,5,3,1,4
17682,77,2020-07-29,3,1,1,7
17683,77,2020-07-30,2,1,0,0
17684,77,2020-07-31,18,2,1,7
17685,77,2020-08-01,0,0,0,1
17686,77,2020-08-02,0,0,0,1
17687,77,2020-08-03,9,2,3,7
17688,77,2020-08-04,4,0,0,2
17689,77,2020-08-05,0,0,1,4
17690,77,2020-08-06,2,0,0,1
17691,77,2020-08-07,8,1,1,9
17692,77,2020-08-08,8,0,0,4
17693,77,2020-08-09,1,1,0,0
17694,77,2020-08-10,6,0,0,5
17695,77,2020-08-11,5,1,0,9
17696,77,2020-08-12,4,0,1,3
17697,77,2020-08-13,5,0,0,2
17698,77,2020-08-14,8,0,0,12
17699,77,2020-08-15,2,0,0,2
17700,77,2020-08-16,0,0,0,1
17701,77,2020-08-17,7,5,2,8
17702,77,2020-08-18,5,2,2,6
17703,77,2020-08-19,1,0,0,8
17704,77,2020-08-20,1,0,0,8
17705,77,2020-08-21,2,0,2,8
17706,77,2020-08-22,6,0,1,1
17707,77,2020-08-23,1,1,0,0
17708,77,2020-08-24,1,0,0,6
17709,77,2020-08-25,8,1,0,9
17710,77,2020-08-26,3,1,0,3
17711,77,2020-08-27,0,0,1,4
17712,77,2020-08-28,4,1,0,6
17713,77,2020-08-29,0,0,0,5
17714,77,2020-08-30,1,1,0,0
17715,77,2020-08-31,0,0,0,0
17716,77,2020-09-01,7,3,0,8
17717,77,2020-09-02,9,1,1,9
17718,77,2020-09-03,6,3,0,4
17719,77,2020-09-04,5,1,0,4
17720,77,2020-09-05,6,0,0,3
17721,77,2020-09-06,0,0,0,0
17722,77,2020-09-07,6,0,0,1
17723,77,2020-09-08,8,2,0,11
17724,77,2020-09-09,7,1,0,5
17725,77,2020-09-10,4,1,0,0
17726,77,2020-09-11,3,1,1,18
17727,77,2020-09-12,1,0,1,16
17728,77,2020-09-13,0,0,1,1
17729,77,2020-09-14,6,3,0,1
17730,77,2020-09-15,19,1,0,12
17731,77,2020-09-16,17,5,2,10
17732,77,2020-09-17,5,1,1,10
17733,77,2020-09-18,19,2,1,32
17734,77,2020-09-19,9,2,1,11
17735,77,2020-09-20,0,1,0,16
17736,77,2020-09-21,15,6,0,8
17737,77,2020-09-22,21,5,0,10
17738,77,2020-09-23,4,1,0,6
17739,77,2020-09-24,12,2,0,6
17740,77,2020-09-25,20,3,1,10
17741,77,2020-09-26,10,0,3,8
17742,77,2020-09-27,12,0,1,6
17743,77,2020-09-28,12,2,2,6
17744,77,2020-09-29,13,11,2,15
17745,77,2020-09-30,29,5,2,11
17746,77,2020-10-01,7,4,0,7
17747,77,2020-10-02,12,0,1,15
17748,77,2020-10-03,9,4,0,16
17749,77,2020-10-04,8,1,2,1
17750,77,2020-10-05,17,6,2,2
17751,77,2020-10-06,11,4,0,16
17752,77,2020-10-07,22,2,1,8
17753,77,2020-10-08,6,1,1,11
17754,77,2020-10-09,18,1,1,17
17755,77,2020-10-10,13,3,4,12
17756,77,2020-10-11,6,2,1,6
17757,77,2020-10-12,19,4,4,10
17758,77,2020-10-13,28,10,1,17
17759,77,2020-10-14,21,4,1,30
17760,77,2020-10-15,29,6,2,6
17761,77,2020-10-16,21,9,2,15
17762,77,2020-10-17,16,5,4,11
17763,77,2020-10-18,20,2,7,6
17764,77,2020-10-19,15,7,2,5
17765,77,2020-10-20,39,10,2,21
17766,77,2020-10-21,31,5,2,19
17767,77,2020-10-22,44,8,4,23
17768,77,2020-10-23,58,17,3,23
17769,77,2020-10-24,20,3,2,17
17770,77,2020-10-25,25,5,4,11
17771,77,2020-10-26,45,5,3,10
17772,77,2020-10-27,55,11,4,12
17773,77,2020-10-28,58,10,4,20
17774,77,2020-10-29,68,19,5,32
17775,77,2020-10-30,51,9,5,27
17776,77,2020-10-31,42,14,8,45
17777,77,2020-11-01,28,3,3,10
17778,77,2020-11-02,58,9,9,16
17779,77,2020-11-03,81,20,8,28
17780,77,2020-11-04,61,13,5,31
17781,77,2020-11-05,59,4,5,31
17782,77,2020-11-06,35,6,8,31
17783,77,2020-11-07,51,4,8,41
17784,78,2020-03-19,54,7,2,3
17785,78,2020-03-20,32,6,5,9
17786,78,2020-03-21,57,10,2,14
17787,78,2020-03-22,37,3,0,4
17788,78,2020-03-23,34,9,3,7
17789,78,2020-03-24,98,23,8,19
17790,78,2020-03-25,80,17,12,28
17791,78,2020-03-26,111,16,6,26
17792,78,2020-03-27,76,11,10,23
17793,78,2020-03-28,100,18,8,35
17794,78,2020-03-29,74,10,8,18
17795,78,2020-03-30,99,19,11,45
17796,78,2020-03-31,192,22,19,59
17797,78,2020-04-01,192,21,21,63
17798,78,2020-04-02,100,15,18,48
17799,78,2020-04-03,86,16,18,42
17800,78,2020-04-04,92,11,13,18
17801,78,2020-04-05,25,1,7,17
17802,78,2020-04-06,126,8,20,44
17803,78,2020-04-07,87,11,14,38
17804,78,2020-04-08,96,11,10,47
17805,78,2020-04-09,54,5,16,50
17806,78,2020-04-10,62,13,15,39
17807,78,2020-04-11,66,3,9,40
17808,78,2020-04-12,33,5,10,17
17809,78,2020-04-13,49,1,9,36
17810,78,2020-04-14,41,4,17,42
17811,78,2020-04-15,70,2,14,72
17812,78,2020-04-16,56,3,11,65
17813,78,2020-04-17,46,2,11,47
17814,78,2020-04-18,32,5,6,109
17815,78,2020-04-19,21,3,0,9
17816,78,2020-04-20,57,5,23,30
17817,78,2020-04-21,39,9,14,40
17818,78,2020-04-22,45,0,7,34
17819,78,2020-04-23,18,4,9,41
17820,78,2020-04-24,52,4,12,42
17821,78,2020-04-25,21,1,2,30
17822,78,2020-04-26,15,4,1,6
17823,78,2020-04-27,16,2,7,14
17824,78,2020-04-28,58,2,14,32
17825,78,2020-04-29,19,0,3,21
17826,78,2020-04-30,30,2,3,50
17827,78,2020-05-01,20,1,3,24
17828,78,2020-05-02,21,1,1,10
17829,78,2020-05-03,6,2,1,2
17830,78,2020-05-04,13,0,5,11
17831,78,2020-05-05,12,1,5,36
17832,78,2020-05-06,16,0,2,13
17833,78,2020-05-07,14,1,3,24
17834,78,2020-05-08,7,1,1,11
17835,78,2020-05-09,5,1,0,10
17836,78,2020-05-10,6,0,0,7
17837,78,2020-05-11,9,1,7,19
17838,78,2020-05-12,26,1,3,50
17839,78,2020-05-13,13,1,1,25
17840,78,2020-05-14,18,0,2,24
17841,78,2020-05-15,16,0,2,34
17842,78,2020-05-16,5,0,2,26
17843,78,2020-05-17,2,0,1,0
17844,78,2020-05-18,10,0,2,6
17845,78,2020-05-19,34,1,3,25
17846,78,2020-05-20,14,2,3,16
17847,78,2020-05-21,8,0,1,1
17848,78,2020-05-22,7,0,3,25
17849,78,2020-05-23,4,0,1,3
17850,78,2020-05-24,0,0,0,0
17851,78,2020-05-25,2,2,2,20
17852,78,2020-05-26,17,1,8,8
17853,78,2020-05-27,8,0,2,9
17854,78,2020-05-28,10,1,1,18
17855,78,2020-05-29,3,1,3,7
17856,78,2020-05-30,1,0,1,3
17857,78,2020-05-31,0,0,1,2
17858,78,2020-06-01,0,0,0,1
17859,78,2020-06-02,8,1,2,7
17860,78,2020-06-03,6,0,1,35
17861,78,2020-06-04,2,0,1,16
17862,78,2020-06-05,1,0,0,14
17863,78,2020-06-06,10,0,4,15
17864,78,2020-06-07,0,0,0,0
17865,78,2020-06-08,7,0,2,6
17866,78,2020-06-09,2,1,3,15
17867,78,2020-06-10,1,0,0,3
17868,78,2020-06-11,7,0,1,11
17869,78,2020-06-12,0,0,0,7
17870,78,2020-06-13,4,0,1,2
17871,78,2020-06-14,0,0,0,0
17872,78,2020-06-15,0,0,0,4
17873,78,2020-06-16,0,0,1,4
17874,78,2020-06-17,3,0,1,1
17875,78,2020-06-18,1,0,0,3
17876,78,2020-06-19,0,0,0,4
17877,78,2020-06-20,1,0,0,1
17878,78,2020-06-21,6,0,2,13
17879,78,2020-06-22,14,0,1,26
17880,78,2020-06-23,6,1,2,24
17881,78,2020-06-24,6,0,0,4
17882,78,2020-06-25,8,0,1,34
17883,78,2020-06-26,2,0,0,6
17884,78,2020-06-27,3,0,0,12
17885,78,2020-06-28,0,0,0,1
17886,78,2020-06-29,2,0,0,1
17887,78,2020-06-30,4,0,1,2
17888,78,2020-07-01,4,0,0,4
17889,78,2020-07-02,4,0,0,2
17890,78,2020-07-03,3,0,0,17
17891,78,2020-07-04,2,0,0,0
17892,78,2020-07-05,0,0,0,0
17893,78,2020-07-06,2,0,0,6
17894,78,2020-07-07,5,0,1,2
17895,78,2020-07-08,5,0,0,4
17896,78,2020-07-09,0,0,0,3
17897,78,2020-07-10,1,0,1,12
17898,78,2020-07-11,6,0,1,13
17899,78,2020-07-12,0,0,0,0
17900,78,2020-07-13,3,0,0,3
17901,78,2020-07-14,0,0,0,0
17902,78,2020-07-15,11,0,2,2
17903,78,2020-07-16,2,0,0,4
17904,78,2020-07-17,8,0,0,5
17905,78,2020-07-18,1,0,1,9
17906,78,2020-07-19,0,0,0,0
17907,78,2020-07-20,6,0,1,11
17908,78,2020-07-21,4,0,1,2
17909,78,2020-07-22,12,2,0,2
17910,78,2020-07-23,9,0,1,13
17911,78,2020-07-24,1,0,0,1
17912,78,2020-07-25,7,0,0,9
17913,78,2020-07-26,0,0,0,0
17914,78,2020-07-27,1,2,1,10
17915,78,2020-07-28,8,1,0,20
17916,78,2020-07-29,1,0,0,3
17917,78,2020-07-30,6,1,0,3
17918,78,2020-07-31,4,0,0,18
17919,78,2020-08-01,2,0,0,0
17920,78,2020-08-02,0,0,0,0
17921,78,2020-08-03,4,0,0,5
17922,78,2020-08-04,6,1,0,7
17923,78,2020-08-05,2,0,0,2
17924,78,2020-08-06,6,1,0,10
17925,78,2020-08-07,5,1,1,1
17926,78,2020-08-08,3,0,0,1
17927,78,2020-08-09,0,0,0,0
17928,78,2020-08-10,3,1,0,0
17929,78,2020-08-11,6,1,0,1
17930,78,2020-08-12,1,0,3,14
17931,78,2020-08-13,12,1,2,11
17932,78,2020-08-14,3,1,0,2
17933,78,2020-08-15,6,1,0,2
17934,78,2020-08-16,0,0,0,0
17935,78,2020-08-17,8,0,2,6
17936,78,2020-08-18,0,0,0,11
17937,78,2020-08-19,1,0,0,3
17938,78,2020-08-20,6,0,5,13
17939,78,2020-08-21,4,0,1,3
17940,78,2020-08-22,0,0,0,5
17941,78,2020-08-23,0,0,0,1
17942,78,2020-08-24,1,0,0,5
17943,78,2020-08-25,2,2,0,1
17944,78,2020-08-26,9,1,2,16
17945,78,2020-08-27,17,0,1,4
17946,78,2020-08-28,4,0,0,5
17947,78,2020-08-29,5,0,0,9
17948,78,2020-08-30,0,0,0,0
17949,78,2020-08-31,4,1,1,5
17950,78,2020-09-01,2,0,0,2
17951,78,2020-09-02,23,2,2,13
17952,78,2020-09-03,5,0,1,13
17953,78,2020-09-04,10,1,1,3
17954,78,2020-09-05,2,0,0,0
17955,78,2020-09-06,0,1,0,0
17956,78,2020-09-07,4,0,0,3
17957,78,2020-09-08,8,0,0,4
17958,78,2020-09-09,9,1,0,14
17959,78,2020-09-10,10,1,0,4
17960,78,2020-09-11,12,0,1,12
17961,78,2020-09-12,2,1,0,1
17962,78,2020-09-13,1,0,0,2
17963,78,2020-09-14,10,1,2,8
17964,78,2020-09-15,9,1,0,17
17965,78,2020-09-16,17,2,2,10
17966,78,2020-09-17,21,2,4,22
17967,78,2020-09-18,8,0,0,2
17968,78,2020-09-19,11,1,2,30
17969,78,2020-09-20,5,1,0,41
17970,78,2020-09-21,9,1,2,21
17971,78,2020-09-22,10,2,3,4
17972,78,2020-09-23,21,4,1,8
17973,78,2020-09-24,23,4,2,9
17974,78,2020-09-25,11,2,0,14
17975,78,2020-09-26,11,1,0,12
17976,78,2020-09-27,1,0,0,1
17977,78,2020-09-28,15,3,0,9
17978,78,2020-09-29,8,1,0,13
17979,78,2020-09-30,18,0,3,17
17980,78,2020-10-01,16,2,2,10
17981,78,2020-10-02,11,0,0,11
17982,78,2020-10-03,20,4,1,11
17983,78,2020-10-04,8,1,0,6
17984,78,2020-10-05,24,1,0,8
17985,78,2020-10-06,22,5,0,6
17986,78,2020-10-07,21,1,1,12
17987,78,2020-10-08,22,2,1,12
17988,78,2020-10-09,22,6,1,14
17989,78,2020-10-10,21,0,0,11
17990,78,2020-10-11,4,0,1,5
17991,78,2020-10-12,17,6,0,12
17992,78,2020-10-13,25,3,8,11
17993,78,2020-10-14,34,7,0,30
17994,78,2020-10-15,39,3,6,12
17995,78,2020-10-16,27,1,2,17
17996,78,2020-10-17,31,2,0,16
17997,78,2020-10-18,11,2,1,9
17998,78,2020-10-19,17,1,7,7
17999,78,2020-10-20,30,7,3,20
18000,78,2020-10-21,49,3,2,16
18001,78,2020-10-22,52,4,1,23
18002,78,2020-10-23,46,5,2,17
18003,78,2020-10-24,37,4,9,23
18004,78,2020-10-25,19,4,1,10
18005,78,2020-10-26,41,5,10,20
18006,78,2020-10-27,63,12,4,31
18007,78,2020-10-28,54,5,2,22
18008,78,2020-10-29,42,5,7,26
18009,78,2020-10-30,75,3,5,24
18010,78,2020-10-31,18,0,2,5
18011,78,2020-11-01,24,3,1,2
18012,78,2020-11-02,31,6,8,19
18013,78,2020-11-03,68,6,13,22
18014,78,2020-11-04,75,8,5,38
18015,78,2020-11-05,56,3,9,23
18016,78,2020-11-06,82,4,15,39
18017,78,2020-11-07,37,1,3,28
18018,79,2020-03-19,4,1,0,1
18019,79,2020-03-20,8,0,0,5
18020,79,2020-03-21,3,0,0,1
18021,79,2020-03-22,4,0,1,2
18022,79,2020-03-23,1,0,0,1
18023,79,2020-03-24,1,0,0,0
18024,79,2020-03-25,3,0,0,1
18025,79,2020-03-26,4,0,0,0
18026,79,2020-03-27,2,0,1,0
18027,79,2020-03-28,2,0,0,1
18028,79,2020-03-29,6,3,0,1
18029,79,2020-03-30,4,0,0,4
18030,79,2020-03-31,4,2,0,1
18031,79,2020-04-01,6,0,0,3
18032,79,2020-04-02,4,0,3,5
18033,79,2020-04-03,2,1,1,2
18034,79,2020-04-04,1,0,2,2
18035,79,2020-04-05,2,0,0,0
18036,79,2020-04-06,3,1,0,1
18037,79,2020-04-07,7,0,0,3
18038,79,2020-04-08,5,1,1,3
18039,79,2020-04-09,4,1,0,1
18040,79,2020-04-10,3,2,0,2
18041,79,2020-04-11,1,0,0,1
18042,79,2020-04-12,1,0,1,3
18043,79,2020-04-13,2,2,0,0
18044,79,2020-04-14,2,0,0,1
18045,79,2020-04-15,3,0,2,4
18046,79,2020-04-16,2,0,0,1
18047,79,2020-04-17,2,0,0,1
18048,79,2020-04-18,1,0,0,0
18049,79,2020-04-19,0,0,1,0
18050,79,2020-04-20,0,0,0,0
18051,79,2020-04-21,1,0,1,2
18052,79,2020-04-22,1,0,0,3
18053,79,2020-04-23,0,1,0,2
18054,79,2020-04-24,0,0,0,1
18055,79,2020-04-25,2,0,0,0
18056,79,2020-04-26,2,1,0,0
18057,79,2020-04-27,1,0,1,1
18058,79,2020-04-28,1,0,0,0
18059,79,2020-04-29,0,0,1,0
18060,79,2020-04-30,1,0,1,5
18061,79,2020-05-01,0,0,0,2
18062,79,2020-05-02,1,0,2,0
18063,79,2020-05-03,0,0,0,0
18064,79,2020-05-04,0,0,0,0
18065,79,2020-05-05,1,0,0,0
18066,79,2020-05-06,0,0,0,1
18067,79,2020-05-07,0,0,0,2
18068,79,2020-05-08,0,0,0,0
18069,79,2020-05-09,0,0,0,1
18070,79,2020-05-10,0,0,0,0
18071,79,2020-05-11,1,0,0,0
18072,79,2020-05-12,0,0,0,1
18073,79,2020-05-13,0,0,0,2
18074,79,2020-05-14,1,0,0,1
18075,79,2020-05-15,0,0,0,0
18076,79,2020-05-16,0,0,0,1
18077,79,2020-05-17,1,0,1,0
18078,79,2020-05-18,0,0,0,0
18079,79,2020-05-19,0,0,0,0
18080,79,2020-05-20,0,0,0,0
18081,79,2020-05-21,1,0,0,0
18082,79,2020-05-22,1,0,0,0
18083,79,2020-05-23,0,0,0,0
18084,79,2020-05-24,1,0,0,0
18085,79,2020-05-25,0,0,0,0
18086,79,2020-05-26,0,0,0,1
18087,79,2020-05-27,0,0,0,1
18088,79,2020-05-28,0,0,0,1
18089,79,2020-05-29,0,0,0,2
18090,79,2020-05-30,0,0,0,0
18091,79,2020-05-31,1,0,1,0
18092,79,2020-06-01,0,0,0,0
18093,79,2020-06-02,0,0,0,3
18094,79,2020-06-03,0,0,0,0
18095,79,2020-06-04,0,0,0,0
18096,79,2020-06-05,0,0,0,1
18097,79,2020-06-06,0,0,0,0
18098,79,2020-06-07,0,0,0,0
18099,79,2020-06-08,1,0,0,0
18100,79,2020-06-09,0,0,0,0
18101,79,2020-06-10,0,0,0,0
18102,79,2020-06-11,0,0,0,0
18103,79,2020-06-12,0,0,0,0
18104,79,2020-06-13,0,0,0,1
18105,79,2020-06-14,0,0,0,0
18106,79,2020-06-15,0,0,0,0
18107,79,2020-06-16,0,0,0,0
18108,79,2020-06-17,0,0,0,0
18109,79,2020-06-18,0,0,0,0
18110,79,2020-06-19,0,0,0,0
18111,79,2020-06-20,0,0,0,0
18112,79,2020-06-21,0,0,0,0
18113,79,2020-06-22,0,0,0,0
18114,79,2020-06-23,0,0,0,0
18115,79,2020-06-24,0,0,0,0
18116,79,2020-06-25,0,0,0,0
18117,79,2020-06-26,0,0,0,1
18118,79,2020-06-27,0,0,0,0
18119,79,2020-06-28,0,0,0,0
18120,79,2020-06-29,1,0,0,0
18121,79,2020-06-30,0,0,0,0
18122,79,2020-07-01,0,0,0,0
18123,79,2020-07-02,0,0,0,0
18124,79,2020-07-03,0,0,0,0
18125,79,2020-07-04,0,0,0,0
18126,79,2020-07-05,0,0,0,0
18127,79,2020-07-06,0,0,0,0
18128,79,2020-07-07,0,0,0,0
18129,79,2020-07-08,0,0,0,0
18130,79,2020-07-09,0,0,0,0
18131,79,2020-07-10,1,0,1,0
18132,79,2020-07-11,0,0,0,0
18133,79,2020-07-12,0,0,0,0
18134,79,2020-07-13,0,0,0,0
18135,79,2020-07-14,0,0,0,0
18136,79,2020-07-15,0,0,0,0
18137,79,2020-07-16,0,0,0,0
18138,79,2020-07-17,0,0,0,0
18139,79,2020-07-18,0,0,0,0
18140,79,2020-07-19,0,0,0,0
18141,79,2020-07-20,0,0,0,0
18142,79,2020-07-21,0,0,0,0
18143,79,2020-07-22,0,0,0,0
18144,79,2020-07-23,0,0,0,0
18145,79,2020-07-24,0,0,0,1
18146,79,2020-07-25,0,0,0,0
18147,79,2020-07-26,1,0,0,0
18148,79,2020-07-27,0,0,0,0
18149,79,2020-07-28,0,0,0,0
18150,79,2020-07-29,0,0,0,0
18151,79,2020-07-30,0,0,0,1
18152,79,2020-07-31,0,0,0,0
18153,79,2020-08-01,0,0,0,0
18154,79,2020-08-02,0,0,0,0
18155,79,2020-08-03,0,0,0,0
18156,79,2020-08-04,0,0,0,0
18157,79,2020-08-05,0,0,0,0
18158,79,2020-08-06,0,0,0,0
18159,79,2020-08-07,0,0,0,0
18160,79,2020-08-08,0,0,0,0
18161,79,2020-08-09,0,0,0,0
18162,79,2020-08-10,0,0,0,0
18163,79,2020-08-11,1,0,0,0
18164,79,2020-08-12,0,0,0,0
18165,79,2020-08-13,0,0,0,0
18166,79,2020-08-14,0,0,0,1
18167,79,2020-08-15,0,0,0,0
18168,79,2020-08-16,0,0,0,0
18169,79,2020-08-17,1,0,0,0
18170,79,2020-08-18,0,0,0,1
18171,79,2020-08-19,0,0,0,1
18172,79,2020-08-20,0,0,0,0
18173,79,2020-08-21,0,0,0,0
18174,79,2020-08-22,0,0,0,0
18175,79,2020-08-23,0,0,0,0
18176,79,2020-08-24,1,0,0,0
18177,79,2020-08-25,0,0,0,1
18178,79,2020-08-26,0,0,0,0
18179,79,2020-08-27,0,0,0,0
18180,79,2020-08-28,0,0,0,0
18181,79,2020-08-29,1,0,0,0
18182,79,2020-08-30,0,0,0,0
18183,79,2020-08-31,0,0,0,0
18184,79,2020-09-01,0,0,0,0
18185,79,2020-09-02,0,0,0,1
18186,79,2020-09-03,0,0,0,0
18187,79,2020-09-04,0,0,0,0
18188,79,2020-09-05,0,0,0,0
18189,79,2020-09-06,0,0,0,0
18190,79,2020-09-07,0,0,0,0
18191,79,2020-09-08,0,0,0,0
18192,79,2020-09-09,0,0,0,0
18193,79,2020-09-10,0,0,0,0
18194,79,2020-09-11,1,0,0,0
18195,79,2020-09-12,0,0,0,0
18196,79,2020-09-13,0,0,0,0
18197,79,2020-09-14,0,0,0,0
18198,79,2020-09-15,0,0,0,0
18199,79,2020-09-16,0,0,0,0
18200,79,2020-09-17,0,0,0,0
18201,79,2020-09-18,2,0,0,0
18202,79,2020-09-19,1,0,0,0
18203,79,2020-09-20,0,0,0,1
18204,79,2020-09-21,0,0,0,0
18205,79,2020-09-22,0,0,0,0
18206,79,2020-09-23,1,0,0,1
18207,79,2020-09-24,0,1,0,0
18208,79,2020-09-25,2,0,0,0
18209,79,2020-09-26,2,0,0,0
18210,79,2020-09-27,0,0,0,0
18211,79,2020-09-28,0,0,0,0
18212,79,2020-09-29,1,0,0,0
18213,79,2020-09-30,2,0,1,0
18214,79,2020-10-01,0,0,1,1
18215,79,2020-10-02,0,0,0,0
18216,79,2020-10-03,1,1,0,0
18217,79,2020-10-04,0,0,0,0
18218,79,2020-10-05,0,0,0,0
18219,79,2020-10-06,1,0,0,1
18220,79,2020-10-07,1,0,0,0
18221,79,2020-10-08,3,0,0,0
18222,79,2020-10-09,0,0,0,2
18223,79,2020-10-10,2,0,0,0
18224,79,2020-10-11,0,0,1,0
18225,79,2020-10-12,0,0,0,0
18226,79,2020-10-13,1,0,0,5
18227,79,2020-10-14,0,0,0,0
18228,79,2020-10-15,0,0,0,1
18229,79,2020-10-16,2,0,1,1
18230,79,2020-10-17,1,0,0,1
18231,79,2020-10-18,1,0,0,0
18232,79,2020-10-19,0,0,0,0
18233,79,2020-10-20,1,0,0,0
18234,79,2020-10-21,2,0,0,0
18235,79,2020-10-22,6,0,0,1
18236,79,2020-10-23,5,0,1,0
18237,79,2020-10-24,6,0,0,1
18238,79,2020-10-25,6,0,1,0
18239,79,2020-10-26,5,0,1,1
18240,79,2020-10-27,6,0,2,2
18241,79,2020-10-28,6,1,1,2
18242,79,2020-10-29,5,1,2,1
18243,79,2020-10-30,4,0,0,1
18244,79,2020-10-31,13,1,1,3
18245,79,2020-11-01,6,0,0,1
18246,79,2020-11-02,2,1,0,1
18247,79,2020-11-03,2,2,1,6
18248,79,2020-11-04,12,1,0,4
18249,79,2020-11-05,6,1,0,5
18250,79,2020-11-06,7,0,0,3
18251,79,2020-11-07,13,2,0,2
18252,80,2020-03-19,29,7,1,3
18253,80,2020-03-20,26,8,1,4
18254,80,2020-03-21,30,6,5,5
18255,80,2020-03-22,18,4,0,0
18256,80,2020-03-23,14,2,1,1
18257,80,2020-03-24,24,3,4,6
18258,80,2020-03-25,34,4,3,11
18259,80,2020-03-26,19,6,4,8
18260,80,2020-03-27,17,1,2,6
18261,80,2020-03-28,57,7,4,15
18262,80,2020-03-29,35,5,5,9
18263,80,2020-03-30,28,9,5,8
18264,80,2020-03-31,47,9,9,25
18265,80,2020-04-01,24,3,3,3
18266,80,2020-04-02,32,4,1,9
18267,80,2020-04-03,58,4,6,13
18268,80,2020-04-04,60,10,14,34
18269,80,2020-04-05,24,5,8,1
18270,80,2020-04-06,29,3,13,2
18271,80,2020-04-07,22,5,6,29
18272,80,2020-04-08,25,4,6,17
18273,80,2020-04-09,24,6,3,9
18274,80,2020-04-10,23,2,6,23
18275,80,2020-04-11,42,6,8,40
18276,80,2020-04-12,12,0,4,11
18277,80,2020-04-13,21,2,4,4
18278,80,2020-04-14,23,4,3,14
18279,80,2020-04-15,13,2,5,17
18280,80,2020-04-16,17,2,2,15
18281,80,2020-04-17,29,0,3,26
18282,80,2020-04-18,10,2,6,8
18283,80,2020-04-19,12,1,3,4
18284,80,2020-04-20,7,0,3,10
18285,80,2020-04-21,11,1,1,25
18286,80,2020-04-22,29,2,7,19
18287,80,2020-04-23,16,2,2,16
18288,80,2020-04-24,10,2,3,24
18289,80,2020-04-25,15,2,2,11
18290,80,2020-04-26,7,4,2,0
18291,80,2020-04-27,9,0,4,2
18292,80,2020-04-28,9,0,3,17
18293,80,2020-04-29,3,1,0,17
18294,80,2020-04-30,7,1,2,8
18295,80,2020-05-01,3,1,1,12
18296,80,2020-05-02,2,0,1,6
18297,80,2020-05-03,3,0,3,1
18298,80,2020-05-04,3,0,1,5
18299,80,2020-05-05,11,0,3,11
18300,80,2020-05-06,8,2,1,10
18301,80,2020-05-07,3,3,5,11
18302,80,2020-05-08,4,0,1,2
18303,80,2020-05-09,3,1,1,6
18304,80,2020-05-10,1,1,2,1
18305,80,2020-05-11,6,2,3,6
18306,80,2020-05-12,2,3,0,8
18307,80,2020-05-13,1,1,2,3
18308,80,2020-05-14,3,1,1,15
18309,80,2020-05-15,1,0,0,7
18310,80,2020-05-16,7,2,1,6
18311,80,2020-05-17,0,0,2,2
18312,80,2020-05-18,0,0,1,7
18313,80,2020-05-19,1,1,1,8
18314,80,2020-05-20,0,0,2,8
18315,80,2020-05-21,0,0,0,10
18316,80,2020-05-22,1,0,0,0
18317,80,2020-05-23,2,0,0,1
18318,80,2020-05-24,0,0,0,0
18319,80,2020-05-25,3,1,4,7
18320,80,2020-05-26,0,0,0,12
18321,80,2020-05-27,0,0,1,1
18322,80,2020-05-28,0,0,2,0
18323,80,2020-05-29,2,0,0,4
18324,80,2020-05-30,1,1,0,1
18325,80,2020-05-31,1,0,2,4
18326,80,2020-06-01,3,0,0,0
18327,80,2020-06-02,0,0,0,1
18328,80,2020-06-03,2,0,1,1
18329,80,2020-06-04,1,0,0,1
18330,80,2020-06-05,0,0,0,6
18331,80,2020-06-06,0,0,0,2
18332,80,2020-06-07,0,0,0,0
18333,80,2020-06-08,0,0,0,3
18334,80,2020-06-09,2,0,0,1
18335,80,2020-06-10,1,0,1,11
18336,80,2020-06-11,1,0,0,1
18337,80,2020-06-12,0,2,0,3
18338,80,2020-06-13,0,0,0,7
18339,80,2020-06-14,0,0,0,0
18340,80,2020-06-15,1,0,0,3
18341,80,2020-06-16,0,0,1,3
18342,80,2020-06-17,0,0,1,0
18343,80,2020-06-18,0,0,1,0
18344,80,2020-06-19,0,0,0,2
18345,80,2020-06-20,0,0,0,0
18346,80,2020-06-21,0,0,0,0
18347,80,2020-06-22,0,0,0,1
18348,80,2020-06-23,1,0,0,0
18349,80,2020-06-24,0,0,0,0
18350,80,2020-06-25,0,0,0,0
18351,80,2020-06-26,0,0,0,0
18352,80,2020-06-27,0,0,0,0
18353,80,2020-06-28,0,0,0,0
18354,80,2020-06-29,0,0,0,0
18355,80,2020-06-30,0,0,0,4
18356,80,2020-07-01,0,0,0,1
18357,80,2020-07-02,0,0,1,3
18358,80,2020-07-03,0,0,0,1
18359,80,2020-07-04,0,0,0,0
18360,80,2020-07-05,0,0,0,0
18361,80,2020-07-06,0,0,0,0
18362,80,2020-07-07,0,0,0,7
18363,80,2020-07-08,1,0,3,13
18364,80,2020-07-09,0,0,0,0
18365,80,2020-07-10,1,0,1,1
18366,80,2020-07-11,0,0,0,2
18367,80,2020-07-12,0,0,0,0
18368,80,2020-07-13,1,0,0,0
18369,80,2020-07-14,0,0,0,0
18370,80,2020-07-15,0,0,1,1
18371,80,2020-07-16,0,0,0,0
18372,80,2020-07-17,0,0,0,0
18373,80,2020-07-18,0,0,0,0
18374,80,2020-07-19,0,0,0,0
18375,80,2020-07-20,0,0,0,0
18376,80,2020-07-21,0,0,0,3
18377,80,2020-07-22,0,0,2,0
18378,80,2020-07-23,0,0,0,0
18379,80,2020-07-24,0,0,1,1
18380,80,2020-07-25,0,0,0,0
18381,80,2020-07-26,0,0,0,0
18382,80,2020-07-27,0,0,0,1
18383,80,2020-07-28,1,0,1,0
18384,80,2020-07-29,0,0,0,0
18385,80,2020-07-30,0,0,1,0
18386,80,2020-07-31,0,0,0,0
18387,80,2020-08-01,1,0,0,0
18388,80,2020-08-02,1,0,0,0
18389,80,2020-08-03,0,0,0,0
18390,80,2020-08-04,0,0,0,1
18391,80,2020-08-05,1,1,0,0
18392,80,2020-08-06,0,0,0,1
18393,80,2020-08-07,1,1,0,1
18394,80,2020-08-08,0,0,0,0
18395,80,2020-08-09,0,0,0,0
18396,80,2020-08-10,1,0,0,0
18397,80,2020-08-11,0,0,0,1
18398,80,2020-08-12,2,1,0,0
18399,80,2020-08-13,0,0,0,0
18400,80,2020-08-14,0,0,0,0
18401,80,2020-08-15,0,0,0,0
18402,80,2020-08-16,0,0,0,0
18403,80,2020-08-17,1,0,0,0
18404,80,2020-08-18,0,0,0,0
18405,80,2020-08-19,1,0,0,0
18406,80,2020-08-20,0,0,0,0
18407,80,2020-08-21,0,0,0,0
18408,80,2020-08-22,0,0,0,0
18409,80,2020-08-23,0,0,0,0
18410,80,2020-08-24,0,0,0,3
18411,80,2020-08-25,1,0,0,0
18412,80,2020-08-26,0,0,0,0
18413,80,2020-08-27,0,0,0,0
18414,80,2020-08-28,0,0,0,0
18415,80,2020-08-29,0,0,0,0
18416,80,2020-08-30,0,0,0,0
18417,80,2020-08-31,0,0,0,0
18418,80,2020-09-01,0,0,0,3
18419,80,2020-09-02,1,0,0,0
18420,80,2020-09-03,0,0,1,2
18421,80,2020-09-04,1,0,0,1
18422,80,2020-09-05,1,0,0,0
18423,80,2020-09-06,0,0,0,0
18424,80,2020-09-07,0,0,0,0
18425,80,2020-09-08,1,0,1,1
18426,80,2020-09-09,0,0,0,1
18427,80,2020-09-10,0,0,0,0
18428,80,2020-09-11,0,0,1,0
18429,80,2020-09-12,1,1,0,1
18430,80,2020-09-13,0,0,0,0
18431,80,2020-09-14,0,0,0,0
18432,80,2020-09-15,4,2,0,3
18433,80,2020-09-16,1,0,1,1
18434,80,2020-09-17,2,0,0,0
18435,80,2020-09-18,1,1,0,0
18436,80,2020-09-19,0,0,0,1
18437,80,2020-09-20,0,0,0,0
18438,80,2020-09-21,5,0,0,0
18439,80,2020-09-22,3,1,0,2
18440,80,2020-09-23,1,1,0,0
18441,80,2020-09-24,0,0,0,1
18442,80,2020-09-25,4,0,2,2
18443,80,2020-09-26,1,0,0,0
18444,80,2020-09-27,3,0,1,2
18445,80,2020-09-28,3,0,0,0
18446,80,2020-09-29,8,4,0,3
18447,80,2020-09-30,6,3,0,1
18448,80,2020-10-01,2,1,0,1
18449,80,2020-10-02,3,2,0,1
18450,80,2020-10-03,5,1,0,1
18451,80,2020-10-04,3,0,0,0
18452,80,2020-10-05,14,2,0,9
18453,80,2020-10-06,3,0,1,2
18454,80,2020-10-07,2,1,0,5
18455,80,2020-10-08,0,0,0,0
18456,80,2020-10-09,3,0,2,4
18457,80,2020-10-10,7,1,0,4
18458,80,2020-10-11,0,0,1,0
18459,80,2020-10-12,6,3,1,3
18460,80,2020-10-13,6,1,0,7
18461,80,2020-10-14,3,1,2,1
18462,80,2020-10-15,11,1,1,4
18463,80,2020-10-16,8,1,1,1
18464,80,2020-10-17,5,0,0,1
18465,80,2020-10-18,6,2,0,0
18466,80,2020-10-19,11,6,0,8
18467,80,2020-10-20,9,1,3,5
18468,80,2020-10-21,16,2,1,4
18469,80,2020-10-22,13,2,1,3
18470,80,2020-10-23,10,2,1,4
18471,80,2020-10-24,8,2,1,7
18472,80,2020-10-25,9,0,0,0
18473,80,2020-10-26,8,2,1,3
18474,80,2020-10-27,18,4,3,11
18475,80,2020-10-28,14,1,3,3
18476,80,2020-10-29,15,1,2,7
18477,80,2020-10-30,19,3,4,8
18478,80,2020-10-31,16,3,0,5
18479,80,2020-11-01,9,2,2,1
18480,80,2020-11-02,12,6,2,6
18481,80,2020-11-03,23,3,2,9
18482,80,2020-11-04,18,5,3,11
18483,80,2020-11-05,24,3,2,10
18484,80,2020-11-06,12,3,6,7
18485,80,2020-11-07,5,0,0,2
18486,81,2020-03-19,2,1,0,0
18487,81,2020-03-20,3,0,0,2
18488,81,2020-03-21,1,0,1,0
18489,81,2020-03-22,2,0,0,1
18490,81,2020-03-23,0,2,0,0
18491,81,2020-03-24,1,0,0,0
18492,81,2020-03-25,8,4,0,1
18493,81,2020-03-26,10,3,0,3
18494,81,2020-03-27,4,2,0,2
18495,81,2020-03-28,5,2,0,0
18496,81,2020-03-29,7,4,0,0
18497,81,2020-03-30,5,1,1,3
18498,81,2020-03-31,5,0,0,1
18499,81,2020-04-01,11,3,1,1
18500,81,2020-04-02,10,5,0,5
18501,81,2020-04-03,4,0,0,1
18502,81,2020-04-04,2,1,0,1
18503,81,2020-04-05,3,2,1,2
18504,81,2020-04-06,3,2,1,7
18505,81,2020-04-07,10,4,0,7
18506,81,2020-04-08,3,1,1,2
18507,81,2020-04-09,4,1,1,7
18508,81,2020-04-10,2,1,2,6
18509,81,2020-04-11,2,0,1,4
18510,81,2020-04-12,2,0,0,0
18511,81,2020-04-13,3,1,1,1
18512,81,2020-04-14,3,1,2,2
18513,81,2020-04-15,3,0,1,4
18514,81,2020-04-16,2,0,1,0
18515,81,2020-04-17,1,0,0,0
18516,81,2020-04-18,2,0,0,2
18517,81,2020-04-19,0,0,0,0
18518,81,2020-04-20,0,0,2,2
18519,81,2020-04-21,0,1,0,2
18520,81,2020-04-22,1,0,0,1
18521,81,2020-04-23,0,0,0,1
18522,81,2020-04-24,2,0,1,2
18523,81,2020-04-25,1,0,0,0
18524,81,2020-04-26,0,0,0,0
18525,81,2020-04-27,4,0,1,2
18526,81,2020-04-28,3,1,0,2
18527,81,2020-04-29,1,0,0,1
18528,81,2020-04-30,6,0,0,0
18529,81,2020-05-01,0,1,0,9
18530,81,2020-05-02,1,0,1,0
18531,81,2020-05-03,0,0,0,0
18532,81,2020-05-04,0,0,0,1
18533,81,2020-05-05,0,0,1,2
18534,81,2020-05-06,1,0,0,8
18535,81,2020-05-07,0,0,0,1
18536,81,2020-05-08,0,0,0,0
18537,81,2020-05-09,3,0,0,0
18538,81,2020-05-10,1,0,0,1
18539,81,2020-05-11,0,0,0,1
18540,81,2020-05-12,5,0,1,1
18541,81,2020-05-13,1,0,0,1
18542,81,2020-05-14,0,0,0,3
18543,81,2020-05-15,0,0,0,2
18544,81,2020-05-16,0,0,0,0
18545,81,2020-05-17,0,0,0,1
18546,81,2020-05-18,0,0,0,0
18547,81,2020-05-19,0,0,0,0
18548,81,2020-05-20,0,0,0,0
18549,81,2020-05-21,0,0,0,1
18550,81,2020-05-22,0,0,0,0
18551,81,2020-05-23,1,0,0,1
18552,81,2020-05-24,0,0,0,0
18553,81,2020-05-25,0,0,0,0
18554,81,2020-05-26,0,0,0,6
18555,81,2020-05-27,0,0,0,2
18556,81,2020-05-28,0,0,0,0
18557,81,2020-05-29,0,0,0,1
18558,81,2020-05-30,0,0,0,0
18559,81,2020-05-31,0,0,0,0
18560,81,2020-06-01,0,0,0,0
18561,81,2020-06-02,0,0,0,1
18562,81,2020-06-03,0,0,0,2
18563,81,2020-06-04,0,0,0,4
18564,81,2020-06-05,0,0,0,0
18565,81,2020-06-06,0,0,0,0
18566,81,2020-06-07,0,0,0,0
18567,81,2020-06-08,0,0,0,0
18568,81,2020-06-09,0,0,1,0
18569,81,2020-06-10,1,1,0,0
18570,81,2020-06-11,0,0,0,0
18571,81,2020-06-12,0,0,0,0
18572,81,2020-06-13,0,0,0,0
18573,81,2020-06-14,0,0,0,0
18574,81,2020-06-15,0,0,0,0
18575,81,2020-06-16,0,0,0,0
18576,81,2020-06-17,0,0,0,0
18577,81,2020-06-18,0,0,0,2
18578,81,2020-06-19,0,0,0,0
18579,81,2020-06-20,0,0,0,0
18580,81,2020-06-21,0,0,0,0
18581,81,2020-06-22,0,0,0,0
18582,81,2020-06-23,0,0,0,0
18583,81,2020-06-24,0,0,0,0
18584,81,2020-06-25,0,0,0,1
18585,81,2020-06-26,0,0,0,0
18586,81,2020-06-27,0,0,0,0
18587,81,2020-06-28,0,0,0,0
18588,81,2020-06-29,0,0,0,0
18589,81,2020-06-30,0,0,0,1
18590,81,2020-07-01,0,0,0,0
18591,81,2020-07-02,0,0,0,1
18592,81,2020-07-03,0,0,0,0
18593,81,2020-07-04,0,0,0,0
18594,81,2020-07-05,0,0,0,0
18595,81,2020-07-06,0,0,0,0
18596,81,2020-07-07,0,0,0,0
18597,81,2020-07-08,0,0,0,0
18598,81,2020-07-09,0,0,0,0
18599,81,2020-07-10,0,0,0,0
18600,81,2020-07-11,0,0,0,0
18601,81,2020-07-12,0,0,0,0
18602,81,2020-07-13,0,0,0,0
18603,81,2020-07-14,0,0,0,0
18604,81,2020-07-15,0,0,0,0
18605,81,2020-07-16,0,0,0,0
18606,81,2020-07-17,0,0,0,0
18607,81,2020-07-18,0,0,0,0
18608,81,2020-07-19,0,0,0,0
18609,81,2020-07-20,0,0,0,0
18610,81,2020-07-21,0,0,0,0
18611,81,2020-07-22,0,0,0,0
18612,81,2020-07-23,0,0,0,0
18613,81,2020-07-24,0,0,0,1
18614,81,2020-07-25,0,0,0,0
18615,81,2020-07-26,0,0,0,0
18616,81,2020-07-27,0,0,0,0
18617,81,2020-07-28,0,0,0,0
18618,81,2020-07-29,1,1,0,0
18619,81,2020-07-30,0,0,0,0
18620,81,2020-07-31,0,0,0,0
18621,81,2020-08-01,1,0,0,0
18622,81,2020-08-02,0,0,0,0
18623,81,2020-08-03,1,0,0,0
18624,81,2020-08-04,0,0,0,0
18625,81,2020-08-05,0,0,0,0
18626,81,2020-08-06,0,0,0,0
18627,81,2020-08-07,0,0,0,0
18628,81,2020-08-08,0,1,0,0
18629,81,2020-08-09,0,0,0,1
18630,81,2020-08-10,0,0,0,0
18631,81,2020-08-11,0,0,0,0
18632,81,2020-08-12,0,0,0,0
18633,81,2020-08-13,0,0,0,0
18634,81,2020-08-14,0,0,0,0
18635,81,2020-08-15,0,0,0,0
18636,81,2020-08-16,0,0,0,0
18637,81,2020-08-17,1,0,0,0
18638,81,2020-08-18,0,0,0,0
18639,81,2020-08-19,3,0,0,0
18640,81,2020-08-20,1,0,0,1
18641,81,2020-08-21,3,0,0,0
18642,81,2020-08-22,0,0,0,0
18643,81,2020-08-23,0,0,0,0
18644,81,2020-08-24,0,0,0,0
18645,81,2020-08-25,3,0,0,0
18646,81,2020-08-26,0,0,0,3
18647,81,2020-08-27,1,0,0,1
18648,81,2020-08-28,1,0,0,2
18649,81,2020-08-29,0,0,0,0
18650,81,2020-08-30,0,0,0,1
18651,81,2020-08-31,0,0,0,0
18652,81,2020-09-01,0,0,0,2
18653,81,2020-09-02,1,0,0,2
18654,81,2020-09-03,0,0,0,0
18655,81,2020-09-04,0,0,0,0
18656,81,2020-09-05,0,0,0,0
18657,81,2020-09-06,0,0,0,0
18658,81,2020-09-07,3,1,0,1
18659,81,2020-09-08,0,0,0,0
18660,81,2020-09-09,1,0,0,0
18661,81,2020-09-10,1,1,0,1
18662,81,2020-09-11,0,1,0,1
18663,81,2020-09-12,0,0,0,0
18664,81,2020-09-13,0,0,0,0
18665,81,2020-09-14,0,0,0,0
18666,81,2020-09-15,0,0,0,0
18667,81,2020-09-16,4,2,0,0
18668,81,2020-09-17,0,0,0,1
18669,81,2020-09-18,3,0,0,0
18670,81,2020-09-19,0,0,0,0
18671,81,2020-09-20,0,0,0,0
18672,81,2020-09-21,1,0,0,2
18673,81,2020-09-22,2,1,0,0
18674,81,2020-09-23,3,0,0,1
18675,81,2020-09-24,6,2,0,3
18676,81,2020-09-25,2,0,0,1
18677,81,2020-09-26,4,0,0,0
18678,81,2020-09-27,1,1,0,0
18679,81,2020-09-28,7,1,1,0
18680,81,2020-09-29,1,0,0,3
18681,81,2020-09-30,11,2,1,3
18682,81,2020-10-01,5,0,0,2
18683,81,2020-10-02,5,2,0,1
18684,81,2020-10-03,1,0,0,4
18685,81,2020-10-04,1,0,0,1
18686,81,2020-10-05,1,1,0,1
18687,81,2020-10-06,4,1,0,3
18688,81,2020-10-07,3,1,0,0
18689,81,2020-10-08,7,1,1,2
18690,81,2020-10-09,2,1,0,3
18691,81,2020-10-10,6,1,0,2
18692,81,2020-10-11,4,0,1,2
18693,81,2020-10-12,8,1,1,4
18694,81,2020-10-13,7,0,0,2
18695,81,2020-10-14,8,2,0,4
18696,81,2020-10-15,8,5,1,5
18697,81,2020-10-16,7,1,1,3
18698,81,2020-10-17,5,1,0,3
18699,81,2020-10-18,4,0,1,0
18700,81,2020-10-19,3,0,0,0
18701,81,2020-10-20,4,2,2,5
18702,81,2020-10-21,3,1,0,0
18703,81,2020-10-22,9,1,1,5
18704,81,2020-10-23,7,2,1,4
18705,81,2020-10-24,4,3,1,5
18706,81,2020-10-25,2,0,1,0
18707,81,2020-10-26,6,2,0,1
18708,81,2020-10-27,23,4,2,2
18709,81,2020-10-28,9,4,3,2
18710,81,2020-10-29,10,0,1,6
18711,81,2020-10-30,8,0,1,3
18712,81,2020-10-31,5,3,2,7
18713,81,2020-11-01,2,2,2,1
18714,81,2020-11-02,17,2,1,1
18715,81,2020-11-03,16,3,3,6
18716,81,2020-11-04,17,3,1,10
18717,81,2020-11-05,10,2,6,6
18718,81,2020-11-06,9,1,1,2
18719,81,2020-11-07,11,1,1,13
18720,82,2020-03-19,0,0,0,0
18721,82,2020-03-20,0,0,0,0
18722,82,2020-03-21,2,1,0,0
18723,82,2020-03-22,1,1,0,0
18724,82,2020-03-23,0,0,0,1
18725,82,2020-03-24,1,0,0,1
18726,82,2020-03-25,0,0,0,0
18727,82,2020-03-26,0,0,0,0
18728,82,2020-03-27,1,0,0,0
18729,82,2020-03-28,0,0,0,0
18730,82,2020-03-29,0,0,0,0
18731,82,2020-03-30,4,3,0,1
18732,82,2020-03-31,2,0,0,0
18733,82,2020-04-01,4,1,1,0
18734,82,2020-04-02,0,0,0,0
18735,82,2020-04-03,2,1,0,0
18736,82,2020-04-04,0,0,0,0
18737,82,2020-04-05,6,2,0,3
18738,82,2020-04-06,2,1,1,0
18739,82,2020-04-07,0,0,0,0
18740,82,2020-04-08,2,2,0,0
18741,82,2020-04-09,2,0,0,2
18742,82,2020-04-10,2,0,0,3
18743,82,2020-04-11,1,0,0,2
18744,82,2020-04-12,0,0,0,0
18745,82,2020-04-13,0,0,0,0
18746,82,2020-04-14,2,1,0,2
18747,82,2020-04-15,4,1,0,2
18748,82,2020-04-16,2,1,0,4
18749,82,2020-04-17,3,0,0,5
18750,82,2020-04-18,0,0,0,0
18751,82,2020-04-19,1,1,0,0
18752,82,2020-04-20,2,1,0,1
18753,82,2020-04-21,0,0,0,0
18754,82,2020-04-22,0,0,0,0
18755,82,2020-04-23,0,0,0,2
18756,82,2020-04-24,0,0,0,1
18757,82,2020-04-25,0,0,0,0
18758,82,2020-04-26,0,0,0,0
18759,82,2020-04-27,4,1,1,1
18760,82,2020-04-28,0,0,0,0
18761,82,2020-04-29,0,0,0,1
18762,82,2020-04-30,0,0,0,0
18763,82,2020-05-01,0,0,0,0
18764,82,2020-05-02,0,0,0,0
18765,82,2020-05-03,0,0,0,0
18766,82,2020-05-04,0,0,0,0
18767,82,2020-05-05,1,0,0,1
18768,82,2020-05-06,0,0,0,0
18769,82,2020-05-07,0,0,0,0
18770,82,2020-05-08,0,1,0,3
18771,82,2020-05-09,0,0,0,0
18772,82,2020-05-10,0,0,0,0
18773,82,2020-05-11,0,0,0,0
18774,82,2020-05-12,0,0,0,1
18775,82,2020-05-13,1,0,0,0
18776,82,2020-05-14,0,0,0,0
18777,82,2020-05-15,0,0,0,0
18778,82,2020-05-16,0,0,1,0
18779,82,2020-05-17,0,0,0,0
18780,82,2020-05-18,0,0,0,0
18781,82,2020-05-19,0,0,0,0
18782,82,2020-05-20,0,0,0,0
18783,82,2020-05-21,1,0,0,0
18784,82,2020-05-22,0,0,0,0
18785,82,2020-05-23,0,0,0,1
18786,82,2020-05-24,1,1,0,0
18787,82,2020-05-25,0,0,0,0
18788,82,2020-05-26,0,0,0,0
18789,82,2020-05-27,1,0,0,1
18790,82,2020-05-28,0,0,0,1
18791,82,2020-05-29,0,0,0,0
18792,82,2020-05-30,0,0,0,0
18793,82,2020-05-31,0,0,0,0
18794,82,2020-06-01,0,0,0,0
18795,82,2020-06-02,0,0,0,0
18796,82,2020-06-03,0,0,0,0
18797,82,2020-06-04,0,0,0,1
18798,82,2020-06-05,0,0,1,0
18799,82,2020-06-06,0,0,0,0
18800,82,2020-06-07,0,0,0,0
18801,82,2020-06-08,0,0,0,0
18802,82,2020-06-09,0,0,0,0
18803,82,2020-06-10,0,0,0,0
18804,82,2020-06-11,0,0,0,1
18805,82,2020-06-12,0,0,0,0
18806,82,2020-06-13,0,0,0,0
18807,82,2020-06-14,0,0,0,0
18808,82,2020-06-15,0,0,0,0
18809,82,2020-06-16,0,0,0,0
18810,82,2020-06-17,0,0,0,0
18811,82,2020-06-18,0,0,0,0
18812,82,2020-06-19,0,0,0,0
18813,82,2020-06-20,0,0,0,0
18814,82,2020-06-21,0,0,0,0
18815,82,2020-06-22,0,0,0,0
18816,82,2020-06-23,0,0,0,0
18817,82,2020-06-24,0,0,0,0
18818,82,2020-06-25,0,0,0,0
18819,82,2020-06-26,0,0,0,0
18820,82,2020-06-27,0,0,0,0
18821,82,2020-06-28,0,0,0,0
18822,82,2020-06-29,0,0,0,0
18823,82,2020-06-30,0,0,0,0
18824,82,2020-07-01,0,0,0,0
18825,82,2020-07-02,0,0,0,0
18826,82,2020-07-03,0,0,0,0
18827,82,2020-07-04,0,0,0,0
18828,82,2020-07-05,0,0,0,0
18829,82,2020-07-06,0,0,0,0
18830,82,2020-07-07,0,0,0,0
18831,82,2020-07-08,0,0,0,0
18832,82,2020-07-09,0,0,0,0
18833,82,2020-07-10,0,0,0,0
18834,82,2020-07-11,0,0,0,0
18835,82,2020-07-12,0,0,0,0
18836,82,2020-07-13,0,0,0,0
18837,82,2020-07-14,0,0,0,0
18838,82,2020-07-15,0,0,0,0
18839,82,2020-07-16,0,0,0,0
18840,82,2020-07-17,1,0,0,0
18841,82,2020-07-18,1,0,0,0
18842,82,2020-07-19,0,0,0,0
18843,82,2020-07-20,0,0,0,0
18844,82,2020-07-21,0,0,0,0
18845,82,2020-07-22,0,0,0,0
18846,82,2020-07-23,0,0,0,0
18847,82,2020-07-24,0,0,0,0
18848,82,2020-07-25,0,0,0,0
18849,82,2020-07-26,0,0,0,0
18850,82,2020-07-27,0,0,0,0
18851,82,2020-07-28,0,0,0,0
18852,82,2020-07-29,0,0,0,0
18853,82,2020-07-30,0,0,0,0
18854,82,2020-07-31,0,0,0,0
18855,82,2020-08-01,0,0,0,0
18856,82,2020-08-02,0,0,0,0
18857,82,2020-08-03,0,0,1,0
18858,82,2020-08-04,0,0,0,0
18859,82,2020-08-05,0,0,0,1
18860,82,2020-08-06,0,0,0,0
18861,82,2020-08-07,0,0,0,0
18862,82,2020-08-08,1,0,0,1
18863,82,2020-08-09,0,0,0,0
18864,82,2020-08-10,0,0,0,0
18865,82,2020-08-11,0,0,0,0
18866,82,2020-08-12,0,0,0,0
18867,82,2020-08-13,0,0,0,0
18868,82,2020-08-14,0,0,0,0
18869,82,2020-08-15,0,0,0,0
18870,82,2020-08-16,0,0,0,0
18871,82,2020-08-17,0,0,0,0
18872,82,2020-08-18,0,0,0,0
18873,82,2020-08-19,0,0,0,0
18874,82,2020-08-20,0,0,0,0
18875,82,2020-08-21,1,0,0,0
18876,82,2020-08-22,0,0,0,0
18877,82,2020-08-23,0,0,0,0
18878,82,2020-08-24,0,0,0,0
18879,82,2020-08-25,0,0,0,0
18880,82,2020-08-26,0,0,0,0
18881,82,2020-08-27,0,0,0,0
18882,82,2020-08-28,0,0,0,0
18883,82,2020-08-29,0,1,0,0
18884,82,2020-08-30,0,0,0,0
18885,82,2020-08-31,0,0,0,0
18886,82,2020-09-01,0,0,0,0
18887,82,2020-09-02,0,0,0,0
18888,82,2020-09-03,2,1,0,1
18889,82,2020-09-04,0,0,0,0
18890,82,2020-09-05,0,0,0,0
18891,82,2020-09-06,0,0,0,0
18892,82,2020-09-07,2,1,0,2
18893,82,2020-09-08,0,0,0,1
18894,82,2020-09-09,1,0,0,0
18895,82,2020-09-10,0,0,0,1
18896,82,2020-09-11,0,0,0,0
18897,82,2020-09-12,0,0,0,0
18898,82,2020-09-13,0,0,0,0
18899,82,2020-09-14,4,1,0,0
18900,82,2020-09-15,1,0,0,1
18901,82,2020-09-16,0,0,0,0
18902,82,2020-09-17,2,1,0,2
18903,82,2020-09-18,2,1,0,0
18904,82,2020-09-19,1,1,0,0
18905,82,2020-09-20,0,0,0,0
18906,82,2020-09-21,4,0,0,0
18907,82,2020-09-22,0,0,1,1
18908,82,2020-09-23,1,0,0,1
18909,82,2020-09-24,3,0,0,0
18910,82,2020-09-25,4,1,0,2
18911,82,2020-09-26,2,0,0,0
18912,82,2020-09-27,1,0,0,0
18913,82,2020-09-28,6,1,0,1
18914,82,2020-09-29,2,1,0,4
18915,82,2020-09-30,0,0,0,1
18916,82,2020-10-01,2,0,0,1
18917,82,2020-10-02,0,0,0,2
18918,82,2020-10-03,3,1,0,1
18919,82,2020-10-04,1,0,0,0
18920,82,2020-10-05,2,1,0,0
18921,82,2020-10-06,4,0,1,6
18922,82,2020-10-07,4,1,0,2
18923,82,2020-10-08,2,1,1,1
18924,82,2020-10-09,5,0,0,1
18925,82,2020-10-10,1,0,0,3
18926,82,2020-10-11,0,0,0,0
18927,82,2020-10-12,5,0,0,2
18928,82,2020-10-13,4,4,1,5
18929,82,2020-10-14,2,0,0,0
18930,82,2020-10-15,9,2,2,4
18931,82,2020-10-16,4,1,0,3
18932,82,2020-10-17,9,0,0,0
18933,82,2020-10-18,16,2,1,1
18934,82,2020-10-19,6,1,1,2
18935,82,2020-10-20,7,3,1,5
18936,82,2020-10-21,12,3,1,0
18937,82,2020-10-22,7,2,2,12
18938,82,2020-10-23,10,0,0,4
18939,82,2020-10-24,2,1,0,2
18940,82,2020-10-25,7,1,2,2
18941,82,2020-10-26,7,1,2,3
18942,82,2020-10-27,9,4,0,6
18943,82,2020-10-28,18,0,2,5
18944,82,2020-10-29,13,0,1,7
18945,82,2020-10-30,6,3,2,6
18946,82,2020-10-31,10,1,0,4
18947,82,2020-11-01,10,1,0,1
18948,82,2020-11-02,9,4,2,4
18949,82,2020-11-03,8,1,2,4
18950,82,2020-11-04,23,5,2,15
18951,82,2020-11-05,10,2,2,10
18952,82,2020-11-06,7,1,4,4
18953,82,2020-11-07,9,0,2,11
18954,83,2020-03-19,10,4,2,8
18955,83,2020-03-20,8,3,0,2
18956,83,2020-03-21,19,3,0,12
18957,83,2020-03-22,22,4,0,11
18958,83,2020-03-23,8,1,3,5
18959,83,2020-03-24,19,3,2,5
18960,83,2020-03-25,31,5,1,8
18961,83,2020-03-26,24,3,4,8
18962,83,2020-03-27,16,2,0,6
18963,83,2020-03-28,27,4,0,1
18964,83,2020-03-29,24,6,1,5
18965,83,2020-03-30,30,5,5,12
18966,83,2020-03-31,37,11,6,23
18967,83,2020-04-01,14,4,3,14
18968,83,2020-04-02,26,6,1,3
18969,83,2020-04-03,22,3,2,20
18970,83,2020-04-04,30,5,2,10
18971,83,2020-04-05,31,6,4,5
18972,83,2020-04-06,23,3,5,16
18973,83,2020-04-07,20,5,5,18
18974,83,2020-04-08,41,4,0,14
18975,83,2020-04-09,35,0,2,18
18976,83,2020-04-10,25,3,3,20
18977,83,2020-04-11,23,3,1,17
18978,83,2020-04-12,26,3,5,30
18979,83,2020-04-13,20,2,6,0
18980,83,2020-04-14,57,3,3,14
18981,83,2020-04-15,39,2,3,28
18982,83,2020-04-16,17,3,5,20
18983,83,2020-04-17,17,4,8,17
18984,83,2020-04-18,16,3,3,12
18985,83,2020-04-19,9,2,1,4
18986,83,2020-04-20,10,6,3,4
18987,83,2020-04-21,12,3,3,13
18988,83,2020-04-22,28,8,3,8
18989,83,2020-04-23,22,3,4,17
18990,83,2020-04-24,10,1,3,9
18991,83,2020-04-25,12,3,2,39
18992,83,2020-04-26,1,1,1,2
18993,83,2020-04-27,31,2,5,38
18994,83,2020-04-28,16,6,2,18
18995,83,2020-04-29,36,0,2,60
18996,83,2020-04-30,19,0,0,24
18997,83,2020-05-01,7,2,0,8
18998,83,2020-05-02,1,0,1,0
18999,83,2020-05-03,1,1,0,2
19000,83,2020-05-04,12,1,2,13
19001,83,2020-05-05,7,2,1,16
19002,83,2020-05-06,6,1,2,11
19003,83,2020-05-07,7,1,0,7
19004,83,2020-05-08,3,0,0,5
19005,83,2020-05-09,1,0,0,1
19006,83,2020-05-10,1,0,0,0
19007,83,2020-05-11,1,0,5,8
19008,83,2020-05-12,11,1,0,15
19009,83,2020-05-13,4,0,1,20
19010,83,2020-05-14,3,0,0,10
19011,83,2020-05-15,4,0,0,9
19012,83,2020-05-16,4,0,0,18
19013,83,2020-05-17,0,0,0,1
19014,83,2020-05-18,7,0,1,2
19015,83,2020-05-19,3,0,0,5
19016,83,2020-05-20,0,0,0,4
19017,83,2020-05-21,2,0,0,1
19018,83,2020-05-22,0,0,0,4
19019,83,2020-05-23,0,0,1,0
19020,83,2020-05-24,3,0,0,0
19021,83,2020-05-25,2,0,1,11
19022,83,2020-05-26,2,0,0,5
19023,83,2020-05-27,2,0,0,2
19024,83,2020-05-28,2,0,0,1
19025,83,2020-05-29,2,0,1,6
19026,83,2020-05-30,2,0,0,2
19027,83,2020-05-31,0,0,0,0
19028,83,2020-06-01,0,0,0,0
19029,83,2020-06-02,4,0,3,3
19030,83,2020-06-03,5,0,0,8
19031,83,2020-06-04,1,0,0,9
19032,83,2020-06-05,1,0,0,4
19033,83,2020-06-06,0,0,0,3
19034,83,2020-06-07,0,0,0,0
19035,83,2020-06-08,0,0,0,3
19036,83,2020-06-09,1,0,0,4
19037,83,2020-06-10,2,0,0,6
19038,83,2020-06-11,1,0,1,3
19039,83,2020-06-12,1,0,0,3
19040,83,2020-06-13,1,0,0,0
19041,83,2020-06-14,0,0,0,0
19042,83,2020-06-15,2,0,0,2
19043,83,2020-06-16,1,0,0,0
19044,83,2020-06-17,0,0,0,3
19045,83,2020-06-18,1,0,0,0
19046,83,2020-06-19,0,0,1,1
19047,83,2020-06-20,1,0,0,0
19048,83,2020-06-21,3,0,0,2
19049,83,2020-06-22,0,0,0,0
19050,83,2020-06-23,0,0,0,1
19051,83,2020-06-24,1,0,0,3
19052,83,2020-06-25,0,0,0,0
19053,83,2020-06-26,0,0,0,2
19054,83,2020-06-27,3,0,0,6
19055,83,2020-06-28,0,0,0,0
19056,83,2020-06-29,0,0,1,4
19057,83,2020-06-30,35,0,0,37
19058,83,2020-07-01,0,0,0,1
19059,83,2020-07-02,1,1,0,1
19060,83,2020-07-03,0,0,1,4
19061,83,2020-07-04,0,0,0,0
19062,83,2020-07-05,0,0,0,0
19063,83,2020-07-06,0,0,0,1
19064,83,2020-07-07,1,0,0,0
19065,83,2020-07-08,0,1,0,0
19066,83,2020-07-09,0,0,0,1
19067,83,2020-07-10,0,0,0,0
19068,83,2020-07-11,0,0,0,1
19069,83,2020-07-12,0,0,1,2
19070,83,2020-07-13,1,0,0,0
19071,83,2020-07-14,1,0,0,0
19072,83,2020-07-15,0,0,0,0
19073,83,2020-07-16,0,0,0,0
19074,83,2020-07-17,1,0,0,1
19075,83,2020-07-18,0,0,0,2
19076,83,2020-07-19,0,0,0,0
19077,83,2020-07-20,1,0,1,0
19078,83,2020-07-21,0,0,0,0
19079,83,2020-07-22,1,0,0,0
19080,83,2020-07-23,0,0,0,17
19081,83,2020-07-24,3,0,1,12
19082,83,2020-07-25,0,0,0,0
19083,83,2020-07-26,0,0,0,0
19084,83,2020-07-27,0,0,1,0
19085,83,2020-07-28,1,0,0,1
19086,83,2020-07-29,2,0,1,2
19087,83,2020-07-30,2,1,0,0
19088,83,2020-07-31,0,0,0,0
19089,83,2020-08-01,0,0,0,0
19090,83,2020-08-02,1,0,0,0
19091,83,2020-08-03,1,0,0,0
19092,83,2020-08-04,1,0,0,0
19093,83,2020-08-05,0,0,0,3
19094,83,2020-08-06,0,0,0,2
19095,83,2020-08-07,1,0,0,1
19096,83,2020-08-08,0,0,0,0
19097,83,2020-08-09,0,0,0,0
19098,83,2020-08-10,3,0,0,0
19099,83,2020-08-11,1,0,1,0
19100,83,2020-08-12,0,0,0,2
19101,83,2020-08-13,1,0,0,0
19102,83,2020-08-14,2,0,0,0
19103,83,2020-08-15,0,0,0,1
19104,83,2020-08-16,0,0,0,0
19105,83,2020-08-17,2,0,0,2
19106,83,2020-08-18,4,0,0,1
19107,83,2020-08-19,5,3,1,1
19108,83,2020-08-20,2,0,1,0
19109,83,2020-08-21,1,0,0,0
19110,83,2020-08-22,1,0,0,3
19111,83,2020-08-23,1,0,0,2
19112,83,2020-08-24,1,0,0,1
19113,83,2020-08-25,6,2,0,9
19114,83,2020-08-26,5,0,0,1
19115,83,2020-08-27,8,1,1,20
19116,83,2020-08-28,3,0,0,2
19117,83,2020-08-29,3,0,0,0
19118,83,2020-08-30,0,0,0,0
19119,83,2020-08-31,7,0,0,7
19120,83,2020-09-01,5,1,0,3
19121,83,2020-09-02,7,1,0,6
19122,83,2020-09-03,10,0,2,6
19123,83,2020-09-04,2,0,0,6
19124,83,2020-09-05,1,0,0,3
19125,83,2020-09-06,2,0,0,0
19126,83,2020-09-07,6,1,0,1
19127,83,2020-09-08,6,0,0,5
19128,83,2020-09-09,8,0,1,1
19129,83,2020-09-10,2,0,0,13
19130,83,2020-09-11,4,0,2,4
19131,83,2020-09-12,6,1,2,1
19132,83,2020-09-13,0,0,0,1
19133,83,2020-09-14,10,2,3,3
19134,83,2020-09-15,5,2,0,3
19135,83,2020-09-16,6,3,0,7
19136,83,2020-09-17,2,0,0,1
19137,83,2020-09-18,5,0,1,3
19138,83,2020-09-19,6,1,0,3
19139,83,2020-09-20,1,0,0,4
19140,83,2020-09-21,10,1,0,6
19141,83,2020-09-22,3,1,1,10
19142,83,2020-09-23,5,1,0,3
19143,83,2020-09-24,4,2,0,5
19144,83,2020-09-25,3,1,2,7
19145,83,2020-09-26,6,2,0,4
19146,83,2020-09-27,2,0,0,0
19147,83,2020-09-28,7,4,1,1
19148,83,2020-09-29,3,0,0,1
19149,83,2020-09-30,3,1,0,3
19150,83,2020-10-01,1,0,1,7
19151,83,2020-10-02,4,0,2,4
19152,83,2020-10-03,4,0,0,0
19153,83,2020-10-04,4,1,0,3
19154,83,2020-10-05,7,1,0,2
19155,83,2020-10-06,7,1,0,8
19156,83,2020-10-07,5,0,0,4
19157,83,2020-10-08,5,5,0,8
19158,83,2020-10-09,8,2,1,4
19159,83,2020-10-10,8,2,1,3
19160,83,2020-10-11,4,0,1,3
19161,83,2020-10-12,7,0,2,6
19162,83,2020-10-13,13,2,0,8
19163,83,2020-10-14,11,3,0,7
19164,83,2020-10-15,13,0,0,4
19165,83,2020-10-16,12,5,1,4
19166,83,2020-10-17,16,3,1,7
19167,83,2020-10-18,5,1,1,3
19168,83,2020-10-19,16,4,2,7
19169,83,2020-10-20,25,2,1,16
19170,83,2020-10-21,25,2,4,6
19171,83,2020-10-22,17,3,1,6
19172,83,2020-10-23,26,2,4,15
19173,83,2020-10-24,33,4,3,11
19174,83,2020-10-25,12,2,0,3
19175,83,2020-10-26,38,9,5,16
19176,83,2020-10-27,34,7,5,11
19177,83,2020-10-28,36,7,8,19
19178,83,2020-10-29,62,4,5,26
19179,83,2020-10-30,29,4,2,16
19180,83,2020-10-31,49,2,2,18
19181,83,2020-11-01,29,7,4,8
19182,83,2020-11-02,67,6,9,30
19183,83,2020-11-03,81,11,8,38
19184,83,2020-11-04,41,10,4,24
19185,83,2020-11-05,34,2,4,26
19186,83,2020-11-06,52,7,7,22
19187,83,2020-11-07,44,3,5,18
19188,84,2020-03-19,6,1,0,2
19189,84,2020-03-20,2,0,0,1
19190,84,2020-03-21,7,2,0,1
19191,84,2020-03-22,3,0,0,1
19192,84,2020-03-23,9,3,2,5
19193,84,2020-03-24,1,0,0,0
19194,84,2020-03-25,13,2,0,5
19195,84,2020-03-26,8,1,0,6
19196,84,2020-03-27,10,4,0,4
19197,84,2020-03-28,11,6,1,7
19198,84,2020-03-29,4,0,0,0
19199,84,2020-03-30,18,3,1,2
19200,84,2020-03-31,5,2,1,6
19201,84,2020-04-01,19,1,4,5
19202,84,2020-04-02,17,2,2,3
19203,84,2020-04-03,9,1,1,9
19204,84,2020-04-04,6,0,1,4
19205,84,2020-04-05,6,3,2,2
19206,84,2020-04-06,10,0,0,4
19207,84,2020-04-07,16,2,0,17
19208,84,2020-04-08,11,0,3,11
19209,84,2020-04-09,7,2,0,4
19210,84,2020-04-10,7,0,2,8
19211,84,2020-04-11,8,0,0,10
19212,84,2020-04-12,6,1,1,3
19213,84,2020-04-13,1,1,0,3
19214,84,2020-04-14,4,0,0,2
19215,84,2020-04-15,2,0,1,4
19216,84,2020-04-16,2,0,0,0
19217,84,2020-04-17,2,1,0,6
19218,84,2020-04-18,8,0,1,6
19219,84,2020-04-19,3,1,1,0
19220,84,2020-04-20,2,0,0,2
19221,84,2020-04-21,8,1,2,2
19222,84,2020-04-22,4,0,0,2
19223,84,2020-04-23,3,0,0,2
19224,84,2020-04-24,15,3,0,3
19225,84,2020-04-25,2,0,0,4
19226,84,2020-04-26,3,1,0,0
19227,84,2020-04-27,9,3,1,0
19228,84,2020-04-28,3,2,0,6
19229,84,2020-04-29,4,0,0,4
19230,84,2020-04-30,3,0,0,5
19231,84,2020-05-01,4,0,0,2
19232,84,2020-05-02,4,0,0,6
19233,84,2020-05-03,4,0,1,3
19234,84,2020-05-04,5,0,0,5
19235,84,2020-05-05,3,0,1,12
19236,84,2020-05-06,3,0,1,0
19237,84,2020-05-07,1,0,0,5
19238,84,2020-05-08,1,0,0,4
19239,84,2020-05-09,0,0,0,0
19240,84,2020-05-10,0,0,0,1
19241,84,2020-05-11,0,1,1,2
19242,84,2020-05-12,0,0,0,3
19243,84,2020-05-13,2,0,2,9
19244,84,2020-05-14,0,0,0,2
19245,84,2020-05-15,0,0,0,2
19246,84,2020-05-16,1,0,0,0
19247,84,2020-05-17,0,0,0,0
19248,84,2020-05-18,1,0,1,0
19249,84,2020-05-19,0,0,1,0
19250,84,2020-05-20,1,0,0,1
19251,84,2020-05-21,1,0,0,1
19252,84,2020-05-22,0,0,0,0
19253,84,2020-05-23,2,0,0,0
19254,84,2020-05-24,1,0,0,0
19255,84,2020-05-25,3,0,0,0
19256,84,2020-05-26,0,0,0,0
19257,84,2020-05-27,1,1,0,1
19258,84,2020-05-28,3,0,0,3
19259,84,2020-05-29,0,0,1,0
19260,84,2020-05-30,0,0,0,0
19261,84,2020-05-31,2,0,0,0
19262,84,2020-06-01,0,0,0,0
19263,84,2020-06-02,4,0,0,1
19264,84,2020-06-03,3,0,0,1
19265,84,2020-06-04,1,0,0,1
19266,84,2020-06-05,0,0,0,1
19267,84,2020-06-06,0,0,0,0
19268,84,2020-06-07,0,0,0,0
19269,84,2020-06-08,0,0,0,0
19270,84,2020-06-09,1,0,0,0
19271,84,2020-06-10,1,0,0,0
19272,84,2020-06-11,0,0,0,0
19273,84,2020-06-12,1,0,0,0
19274,84,2020-06-13,0,0,0,0
19275,84,2020-06-14,0,0,0,0
19276,84,2020-06-15,1,0,1,0
19277,84,2020-06-16,0,0,0,2
19278,84,2020-06-17,0,0,0,0
19279,84,2020-06-18,0,0,0,0
19280,84,2020-06-19,0,0,0,0
19281,84,2020-06-20,0,0,0,0
19282,84,2020-06-21,0,0,0,0
19283,84,2020-06-22,0,0,0,0
19284,84,2020-06-23,0,0,0,1
19285,84,2020-06-24,0,0,0,0
19286,84,2020-06-25,0,0,0,0
19287,84,2020-06-26,0,0,0,5
19288,84,2020-06-27,0,0,0,6
19289,84,2020-06-28,0,0,0,2
19290,84,2020-06-29,0,0,1,0
19291,84,2020-06-30,0,0,0,8
19292,84,2020-07-01,0,0,0,0
19293,84,2020-07-02,1,0,0,1
19294,84,2020-07-03,0,0,0,0
19295,84,2020-07-04,0,0,0,0
19296,84,2020-07-05,0,0,0,1
19297,84,2020-07-06,1,0,0,0
19298,84,2020-07-07,0,0,0,0
19299,84,2020-07-08,0,0,0,1
19300,84,2020-07-09,0,0,0,0
19301,84,2020-07-10,0,0,0,0
19302,84,2020-07-11,0,0,0,0
19303,84,2020-07-12,0,0,0,0
19304,84,2020-07-13,0,0,0,0
19305,84,2020-07-14,0,0,0,0
19306,84,2020-07-15,1,0,0,1
19307,84,2020-07-16,2,0,0,0
19308,84,2020-07-17,0,0,0,0
19309,84,2020-07-18,0,0,0,0
19310,84,2020-07-19,0,0,0,0
19311,84,2020-07-20,0,0,0,0
19312,84,2020-07-21,1,1,0,0
19313,84,2020-07-22,2,0,0,0
19314,84,2020-07-23,0,0,0,0
19315,84,2020-07-24,0,0,0,1
19316,84,2020-07-25,0,0,0,0
19317,84,2020-07-26,0,0,0,0
19318,84,2020-07-27,1,1,0,0
19319,84,2020-07-28,0,0,0,0
19320,84,2020-07-29,0,0,0,1
19321,84,2020-07-30,0,0,0,1
19322,84,2020-07-31,0,0,0,0
19323,84,2020-08-01,0,0,0,0
19324,84,2020-08-02,0,0,0,0
19325,84,2020-08-03,0,0,0,0
19326,84,2020-08-04,0,0,0,0
19327,84,2020-08-05,0,0,0,0
19328,84,2020-08-06,0,0,0,0
19329,84,2020-08-07,0,0,0,0
19330,84,2020-08-08,2,0,0,0
19331,84,2020-08-09,0,0,0,0
19332,84,2020-08-10,2,0,0,0
19333,84,2020-08-11,0,0,0,1
19334,84,2020-08-12,0,0,0,3
19335,84,2020-08-13,0,0,1,1
19336,84,2020-08-14,1,2,0,1
19337,84,2020-08-15,0,0,0,0
19338,84,2020-08-16,0,0,0,0
19339,84,2020-08-17,1,1,0,1
19340,84,2020-08-18,2,0,0,0
19341,84,2020-08-19,2,1,0,1
19342,84,2020-08-20,1,0,0,0
19343,84,2020-08-21,1,1,0,1
19344,84,2020-08-22,0,0,0,0
19345,84,2020-08-23,1,0,0,0
19346,84,2020-08-24,2,1,0,2
19347,84,2020-08-25,0,0,0,0
19348,84,2020-08-26,0,0,0,0
19349,84,2020-08-27,4,1,0,1
19350,84,2020-08-28,4,0,0,1
19351,84,2020-08-29,0,0,0,0
19352,84,2020-08-30,0,0,0,0
19353,84,2020-08-31,3,0,2,0
19354,84,2020-09-01,3,0,0,2
19355,84,2020-09-02,4,0,1,1
19356,84,2020-09-03,6,2,0,2
19357,84,2020-09-04,4,0,1,0
19358,84,2020-09-05,1,0,0,0
19359,84,2020-09-06,0,0,0,0
19360,84,2020-09-07,11,3,2,1
19361,84,2020-09-08,10,0,0,2
19362,84,2020-09-09,4,3,2,3
19363,84,2020-09-10,8,0,0,1
19364,84,2020-09-11,3,0,1,5
19365,84,2020-09-12,6,0,0,7
19366,84,2020-09-13,0,0,0,1
19367,84,2020-09-14,17,3,1,5
19368,84,2020-09-15,4,1,0,6
19369,84,2020-09-16,4,1,0,1
19370,84,2020-09-17,9,2,1,8
19371,84,2020-09-18,8,1,1,8
19372,84,2020-09-19,6,1,0,11
19373,84,2020-09-20,5,1,0,3
19374,84,2020-09-21,9,1,3,1
19375,84,2020-09-22,8,1,2,4
19376,84,2020-09-23,12,0,0,4
19377,84,2020-09-24,11,2,1,8
19378,84,2020-09-25,8,1,1,1
19379,84,2020-09-26,15,1,0,9
19380,84,2020-09-27,5,1,1,5
19381,84,2020-09-28,2,0,0,2
19382,84,2020-09-29,1,0,0,0
19383,84,2020-09-30,14,2,2,8
19384,84,2020-10-01,5,3,1,6
19385,84,2020-10-02,7,1,1,6
19386,84,2020-10-03,5,1,0,4
19387,84,2020-10-04,6,1,0,0
19388,84,2020-10-05,3,0,2,3
19389,84,2020-10-06,7,1,0,7
19390,84,2020-10-07,2,0,0,11
19391,84,2020-10-08,5,1,2,5
19392,84,2020-10-09,6,1,1,5
19393,84,2020-10-10,8,0,0,7
19394,84,2020-10-11,12,2,0,2
19395,84,2020-10-12,15,0,0,1
19396,84,2020-10-13,24,1,2,4
19397,84,2020-10-14,9,0,0,8
19398,84,2020-10-15,11,1,1,10
19399,84,2020-10-16,8,0,1,8
19400,84,2020-10-17,18,1,1,5
19401,84,2020-10-18,14,2,1,2
19402,84,2020-10-19,7,0,2,3
19403,84,2020-10-20,23,0,3,13
19404,84,2020-10-21,21,2,1,9
19405,84,2020-10-22,27,2,3,11
19406,84,2020-10-23,38,4,6,7
19407,84,2020-10-24,26,1,2,10
19408,84,2020-10-25,12,0,2,6
19409,84,2020-10-26,28,0,3,12
19410,84,2020-10-27,59,0,7,17
19411,84,2020-10-28,29,0,5,19
19412,84,2020-10-29,41,2,6,24
19413,84,2020-10-30,32,4,3,17
19414,84,2020-10-31,42,2,7,13
19415,84,2020-11-01,57,3,6,10
19416,84,2020-11-02,43,3,13,6
19417,84,2020-11-03,35,0,4,13
19418,84,2020-11-04,48,9,9,27
19419,84,2020-11-05,49,10,8,19
19420,84,2020-11-06,54,4,5,25
19421,84,2020-11-07,33,4,5,25
19422,85,2020-03-19,9,2,0,5
19423,85,2020-03-20,1,0,0,0
19424,85,2020-03-21,0,1,0,2
19425,85,2020-03-22,4,3,0,1
19426,85,2020-03-23,3,2,0,0
19427,85,2020-03-24,4,0,0,0
19428,85,2020-03-25,20,1,1,1
19429,85,2020-03-26,16,2,1,2
19430,85,2020-03-27,8,1,1,0
19431,85,2020-03-28,14,1,1,3
19432,85,2020-03-29,10,5,0,1
19433,85,2020-03-30,2,1,0,0
19434,85,2020-03-31,7,0,1,10
19435,85,2020-04-01,11,3,2,4
19436,85,2020-04-02,2,0,0,2
19437,85,2020-04-03,13,1,5,2
19438,85,2020-04-04,13,3,3,7
19439,85,2020-04-05,7,2,0,0
19440,85,2020-04-06,5,2,1,0
19441,85,2020-04-07,1,0,0,6
19442,85,2020-04-08,5,0,1,11
19443,85,2020-04-09,7,2,0,2
19444,85,2020-04-10,5,1,2,5
19445,85,2020-04-11,9,0,1,4
19446,85,2020-04-12,1,1,0,3
19447,85,2020-04-13,7,0,1,2
19448,85,2020-04-14,12,0,3,3
19449,85,2020-04-15,2,1,1,8
19450,85,2020-04-16,14,0,1,17
19451,85,2020-04-17,14,0,0,6
19452,85,2020-04-18,1,0,0,3
19453,85,2020-04-19,1,0,0,1
19454,85,2020-04-20,1,0,2,1
19455,85,2020-04-21,8,0,2,6
19456,85,2020-04-22,2,0,0,6
19457,85,2020-04-23,3,0,1,7
19458,85,2020-04-24,1,0,1,4
19459,85,2020-04-25,0,0,0,3
19460,85,2020-04-26,0,0,0,0
19461,85,2020-04-27,4,0,1,2
19462,85,2020-04-28,0,0,0,5
19463,85,2020-04-29,1,0,0,2
19464,85,2020-04-30,0,0,0,3
19465,85,2020-05-01,2,0,0,1
19466,85,2020-05-02,3,0,0,0
19467,85,2020-05-03,3,3,0,0
19468,85,2020-05-04,0,0,1,0
19469,85,2020-05-05,1,0,0,2
19470,85,2020-05-06,1,0,0,0
19471,85,2020-05-07,2,0,0,3
19472,85,2020-05-08,1,1,0,2
19473,85,2020-05-09,0,0,0,1
19474,85,2020-05-10,0,0,0,2
19475,85,2020-05-11,0,0,0,0
19476,85,2020-05-12,9,0,0,7
19477,85,2020-05-13,3,1,0,1
19478,85,2020-05-14,6,0,1,2
19479,85,2020-05-15,4,0,0,2
19480,85,2020-05-16,4,0,1,3
19481,85,2020-05-17,0,0,0,0
19482,85,2020-05-18,5,0,0,0
19483,85,2020-05-19,10,3,1,1
19484,85,2020-05-20,4,0,0,5
19485,85,2020-05-21,2,0,0,1
19486,85,2020-05-22,3,0,0,1
19487,85,2020-05-23,1,0,1,5
19488,85,2020-05-24,0,0,0,0
19489,85,2020-05-25,5,0,0,3
19490,85,2020-05-26,3,0,0,4
19491,85,2020-05-27,2,1,1,1
19492,85,2020-05-28,9,0,0,8
19493,85,2020-05-29,5,0,1,2
19494,85,2020-05-30,1,0,0,2
19495,85,2020-05-31,0,0,0,0
19496,85,2020-06-01,0,0,0,0
19497,85,2020-06-02,5,0,0,2
19498,85,2020-06-03,0,0,0,0
19499,85,2020-06-04,1,1,0,5
19500,85,2020-06-05,0,0,0,6
19501,85,2020-06-06,3,0,0,2
19502,85,2020-06-07,0,0,0,0
19503,85,2020-06-08,0,0,1,0
19504,85,2020-06-09,3,0,1,7
19505,85,2020-06-10,2,0,0,2
19506,85,2020-06-11,0,0,0,3
19507,85,2020-06-12,0,0,0,1
19508,85,2020-06-13,0,0,0,1
19509,85,2020-06-14,0,0,0,1
19510,85,2020-06-15,0,0,0,1
19511,85,2020-06-16,0,0,0,0
19512,85,2020-06-17,0,0,0,4
19513,85,2020-06-18,0,0,0,2
19514,85,2020-06-19,0,0,0,5
19515,85,2020-06-20,0,0,0,0
19516,85,2020-06-21,0,0,0,0
19517,85,2020-06-22,1,1,0,1
19518,85,2020-06-23,1,0,0,0
19519,85,2020-06-24,0,0,0,1
19520,85,2020-06-25,0,0,0,0
19521,85,2020-06-26,0,0,0,3
19522,85,2020-06-27,1,0,0,1
19523,85,2020-06-28,0,0,0,0
19524,85,2020-06-29,1,0,0,2
19525,85,2020-06-30,0,0,0,0
19526,85,2020-07-01,0,0,0,2
19527,85,2020-07-02,0,0,0,2
19528,85,2020-07-03,0,0,0,0
19529,85,2020-07-04,0,0,0,1
19530,85,2020-07-05,0,0,0,0
19531,85,2020-07-06,0,0,0,0
19532,85,2020-07-07,2,0,1,1
19533,85,2020-07-08,0,0,0,0
19534,85,2020-07-09,0,0,0,0
19535,85,2020-07-10,0,0,0,0
19536,85,2020-07-11,1,0,0,2
19537,85,2020-07-12,0,0,0,0
19538,85,2020-07-13,0,0,0,0
19539,85,2020-07-14,0,0,0,0
19540,85,2020-07-15,0,0,0,0
19541,85,2020-07-16,1,0,0,1
19542,85,2020-07-17,0,0,0,1
19543,85,2020-07-18,0,0,0,0
19544,85,2020-07-19,0,0,0,0
19545,85,2020-07-20,0,0,0,0
19546,85,2020-07-21,2,1,0,0
19547,85,2020-07-22,0,0,0,1
19548,85,2020-07-23,0,0,0,3
19549,85,2020-07-24,1,0,0,1
19550,85,2020-07-25,0,0,0,0
19551,85,2020-07-26,0,0,0,0
19552,85,2020-07-27,1,0,0,1
19553,85,2020-07-28,0,0,0,0
19554,85,2020-07-29,1,0,0,1
19555,85,2020-07-30,0,0,1,0
19556,85,2020-07-31,0,0,0,0
19557,85,2020-08-01,0,0,0,0
19558,85,2020-08-02,0,0,0,0
19559,85,2020-08-03,0,0,0,0
19560,85,2020-08-04,1,0,0,1
19561,85,2020-08-05,2,0,0,1
19562,85,2020-08-06,0,0,0,1
19563,85,2020-08-07,0,0,0,0
19564,85,2020-08-08,0,0,0,0
19565,85,2020-08-09,0,0,0,0
19566,85,2020-08-10,3,2,0,0
19567,85,2020-08-11,2,1,0,3
19568,85,2020-08-12,1,0,0,1
19569,85,2020-08-13,0,0,0,0
19570,85,2020-08-14,0,0,0,1
19571,85,2020-08-15,0,0,0,0
19572,85,2020-08-16,0,0,0,0
19573,85,2020-08-17,1,0,0,0
19574,85,2020-08-18,0,0,0,0
19575,85,2020-08-19,0,0,0,0
19576,85,2020-08-20,2,0,0,0
19577,85,2020-08-21,2,0,0,1
19578,85,2020-08-22,0,0,1,1
19579,85,2020-08-23,0,0,0,0
19580,85,2020-08-24,1,0,0,3
19581,85,2020-08-25,4,0,0,0
19582,85,2020-08-26,0,0,0,1
19583,85,2020-08-27,0,0,0,0
19584,85,2020-08-28,0,0,0,0
19585,85,2020-08-29,0,0,0,0
19586,85,2020-08-30,0,0,0,0
19587,85,2020-08-31,0,0,0,3
19588,85,2020-09-01,0,0,0,1
19589,85,2020-09-02,1,0,0,0
19590,85,2020-09-03,0,0,0,0
19591,85,2020-09-04,2,0,1,2
19592,85,2020-09-05,0,0,0,0
19593,85,2020-09-06,0,0,0,0
19594,85,2020-09-07,1,1,0,0
19595,85,2020-09-08,2,1,0,1
19596,85,2020-09-09,1,0,0,0
19597,85,2020-09-10,0,0,0,0
19598,85,2020-09-11,0,0,0,1
19599,85,2020-09-12,0,0,0,0
19600,85,2020-09-13,0,0,0,0
19601,85,2020-09-14,3,1,0,0
19602,85,2020-09-15,0,0,0,1
19603,85,2020-09-16,0,1,0,1
19604,85,2020-09-17,2,0,0,1
19605,85,2020-09-18,3,0,0,3
19606,85,2020-09-19,1,0,0,0
19607,85,2020-09-20,0,0,0,0
19608,85,2020-09-21,3,1,0,1
19609,85,2020-09-22,0,0,0,1
19610,85,2020-09-23,1,0,0,2
19611,85,2020-09-24,4,0,0,0
19612,85,2020-09-25,2,0,0,0
19613,85,2020-09-26,1,2,0,0
19614,85,2020-09-27,0,0,0,1
19615,85,2020-09-28,2,1,0,0
19616,85,2020-09-29,1,1,0,3
19617,85,2020-09-30,2,0,0,0
19618,85,2020-10-01,3,2,0,0
19619,85,2020-10-02,4,0,0,3
19620,85,2020-10-03,2,1,0,4
19621,85,2020-10-04,0,0,0,0
19622,85,2020-10-05,3,0,1,2
19623,85,2020-10-06,1,0,0,3
19624,85,2020-10-07,1,0,0,0
19625,85,2020-10-08,0,0,0,2
19626,85,2020-10-09,1,0,0,1
19627,85,2020-10-10,2,0,0,2
19628,85,2020-10-11,0,0,0,1
19629,85,2020-10-12,2,1,0,0
19630,85,2020-10-13,4,1,1,0
19631,85,2020-10-14,6,1,0,2
19632,85,2020-10-15,2,1,0,0
19633,85,2020-10-16,5,2,0,2
19634,85,2020-10-17,2,1,0,2
19635,85,2020-10-18,4,2,0,1
19636,85,2020-10-19,5,3,0,4
19637,85,2020-10-20,7,2,0,2
19638,85,2020-10-21,3,1,0,1
19639,85,2020-10-22,12,0,1,5
19640,85,2020-10-23,8,2,0,5
19641,85,2020-10-24,4,0,0,6
19642,85,2020-10-25,4,1,0,0
19643,85,2020-10-26,4,1,1,3
19644,85,2020-10-27,13,1,1,5
19645,85,2020-10-28,5,0,1,4
19646,85,2020-10-29,7,1,1,7
19647,85,2020-10-30,11,1,0,7
19648,85,2020-10-31,6,3,0,8
19649,85,2020-11-01,0,0,0,0
19650,85,2020-11-02,15,2,1,6
19651,85,2020-11-03,8,0,1,8
19652,85,2020-11-04,13,3,0,4
19653,85,2020-11-05,6,3,0,7
19654,85,2020-11-06,18,1,0,4
19655,85,2020-11-07,6,3,0,7
19656,86,2020-03-19,6,1,0,0
19657,86,2020-03-20,0,0,0,0
19658,86,2020-03-21,3,2,0,1
19659,86,2020-03-22,2,0,1,0
19660,86,2020-03-23,3,1,1,0
19661,86,2020-03-24,6,0,0,4
19662,86,2020-03-25,8,3,1,4
19663,86,2020-03-26,13,5,0,4
19664,86,2020-03-27,10,3,2,2
19665,86,2020-03-28,7,3,2,5
19666,86,2020-03-29,6,5,1,0
19667,86,2020-03-30,8,1,0,1
19668,86,2020-03-31,4,4,3,6
19669,86,2020-04-01,7,0,0,1
19670,86,2020-04-02,4,0,3,3
19671,86,2020-04-03,5,1,0,2
19672,86,2020-04-04,1,1,1,2
19673,86,2020-04-05,7,1,1,2
19674,86,2020-04-06,7,0,0,1
19675,86,2020-04-07,4,3,2,3
19676,86,2020-04-08,5,1,0,3
19677,86,2020-04-09,2,1,0,2
19678,86,2020-04-10,6,3,0,7
19679,86,2020-04-11,4,0,0,4
19680,86,2020-04-12,0,0,0,0
19681,86,2020-04-13,5,0,2,0
19682,86,2020-04-14,5,1,1,7
19683,86,2020-04-15,0,0,0,0
19684,86,2020-04-16,2,0,3,6
19685,86,2020-04-17,0,0,0,4
19686,86,2020-04-18,0,0,0,2
19687,86,2020-04-19,0,0,0,0
19688,86,2020-04-20,9,0,0,1
19689,86,2020-04-21,2,0,0,1
19690,86,2020-04-22,3,0,0,3
19691,86,2020-04-23,1,0,2,0
19692,86,2020-04-24,0,0,2,4
19693,86,2020-04-25,1,0,0,1
19694,86,2020-04-26,0,0,0,0
19695,86,2020-04-27,5,0,1,2
19696,86,2020-04-28,3,1,1,0
19697,86,2020-04-29,3,1,0,3
19698,86,2020-04-30,3,0,0,4
19699,86,2020-05-01,1,0,0,1
19700,86,2020-05-02,0,0,0,0
19701,86,2020-05-03,0,0,0,0
19702,86,2020-05-04,4,1,2,4
19703,86,2020-05-05,0,0,0,0
19704,86,2020-05-06,0,0,1,1
19705,86,2020-05-07,2,1,0,5
19706,86,2020-05-08,3,0,0,11
19707,86,2020-05-09,0,0,0,0
19708,86,2020-05-10,0,0,0,0
19709,86,2020-05-11,4,1,2,1
19710,86,2020-05-12,0,0,0,4
19711,86,2020-05-13,0,0,0,0
19712,86,2020-05-14,1,0,0,0
19713,86,2020-05-15,2,0,1,4
19714,86,2020-05-16,0,0,0,0
19715,86,2020-05-17,0,0,0,0
19716,86,2020-05-18,1,0,0,0
19717,86,2020-05-19,0,0,0,0
19718,86,2020-05-20,0,0,0,2
19719,86,2020-05-21,0,0,0,0
19720,86,2020-05-22,0,0,0,0
19721,86,2020-05-23,5,0,0,0
19722,86,2020-05-24,0,0,0,0
19723,86,2020-05-25,4,0,0,1
19724,86,2020-05-26,0,0,0,0
19725,86,2020-05-27,0,0,0,0
19726,86,2020-05-28,0,0,1,2
19727,86,2020-05-29,0,0,0,6
19728,86,2020-05-30,0,0,0,0
19729,86,2020-05-31,0,0,0,0
19730,86,2020-06-01,0,0,0,0
19731,86,2020-06-02,4,0,0,1
19732,86,2020-06-03,0,0,1,3
19733,86,2020-06-04,0,0,0,0
19734,86,2020-06-05,0,0,0,0
19735,86,2020-06-06,0,0,0,2
19736,86,2020-06-07,0,0,0,0
19737,86,2020-06-08,0,0,0,0
19738,86,2020-06-09,0,0,0,1
19739,86,2020-06-10,1,0,0,0
19740,86,2020-06-11,0,0,0,0
19741,86,2020-06-12,0,0,0,0
19742,86,2020-06-13,0,0,0,2
19743,86,2020-06-14,0,0,0,0
19744,86,2020-06-15,1,0,0,1
19745,86,2020-06-16,0,0,0,0
19746,86,2020-06-17,0,0,0,0
19747,86,2020-06-18,0,0,0,0
19748,86,2020-06-19,0,0,0,0
19749,86,2020-06-20,0,0,0,1
19750,86,2020-06-21,0,0,0,0
19751,86,2020-06-22,0,0,0,0
19752,86,2020-06-23,0,0,0,0
19753,86,2020-06-24,0,0,0,5
19754,86,2020-06-25,0,0,0,2
19755,86,2020-06-26,0,0,0,0
19756,86,2020-06-27,0,0,0,0
19757,86,2020-06-28,0,0,0,0
19758,86,2020-06-29,0,0,0,0
19759,86,2020-06-30,0,0,0,0
19760,86,2020-07-01,0,0,0,0
19761,86,2020-07-02,0,0,0,0
19762,86,2020-07-03,0,0,0,0
19763,86,2020-07-04,0,0,0,0
19764,86,2020-07-05,0,0,0,0
19765,86,2020-07-06,0,0,0,0
19766,86,2020-07-07,0,0,0,0
19767,86,2020-07-08,0,0,0,0
19768,86,2020-07-09,0,0,0,0
19769,86,2020-07-10,0,0,0,0
19770,86,2020-07-11,0,0,0,0
19771,86,2020-07-12,0,0,0,0
19772,86,2020-07-13,0,0,0,0
19773,86,2020-07-14,0,0,0,0
19774,86,2020-07-15,0,0,0,0
19775,86,2020-07-16,0,0,0,0
19776,86,2020-07-17,0,0,0,0
19777,86,2020-07-18,0,0,0,0
19778,86,2020-07-19,0,0,0,0
19779,86,2020-07-20,0,0,0,0
19780,86,2020-07-21,1,0,0,0
19781,86,2020-07-22,1,0,0,0
19782,86,2020-07-23,0,0,0,0
19783,86,2020-07-24,0,0,0,0
19784,86,2020-07-25,0,0,0,0
19785,86,2020-07-26,0,0,0,0
19786,86,2020-07-27,0,0,0,0
19787,86,2020-07-28,0,0,0,0
19788,86,2020-07-29,0,0,1,0
19789,86,2020-07-30,0,0,0,0
19790,86,2020-07-31,0,0,0,0
19791,86,2020-08-01,0,0,0,0
19792,86,2020-08-02,0,0,0,0
19793,86,2020-08-03,0,0,0,0
19794,86,2020-08-04,0,0,0,0
19795,86,2020-08-05,0,0,0,0
19796,86,2020-08-06,0,0,0,1
19797,86,2020-08-07,0,0,0,0
19798,86,2020-08-08,0,0,0,0
19799,86,2020-08-09,0,0,0,0
19800,86,2020-08-10,0,0,0,0
19801,86,2020-08-11,0,0,0,0
19802,86,2020-08-12,0,0,0,0
19803,86,2020-08-13,0,0,0,0
19804,86,2020-08-14,0,0,0,0
19805,86,2020-08-15,0,0,0,0
19806,86,2020-08-16,0,0,0,0
19807,86,2020-08-17,2,0,0,0
19808,86,2020-08-18,0,0,0,0
19809,86,2020-08-19,0,0,0,0
19810,86,2020-08-20,0,0,0,1
19811,86,2020-08-21,0,0,0,0
19812,86,2020-08-22,1,0,0,1
19813,86,2020-08-23,0,0,0,0
19814,86,2020-08-24,0,0,0,0
19815,86,2020-08-25,1,0,0,0
19816,86,2020-08-26,0,0,0,0
19817,86,2020-08-27,0,0,0,0
19818,86,2020-08-28,0,0,0,0
19819,86,2020-08-29,0,0,0,1
19820,86,2020-08-30,0,0,0,0
19821,86,2020-08-31,0,0,0,0
19822,86,2020-09-01,1,0,0,2
19823,86,2020-09-02,0,0,0,1
19824,86,2020-09-03,0,0,0,0
19825,86,2020-09-04,1,0,0,0
19826,86,2020-09-05,0,0,0,0
19827,86,2020-09-06,0,0,0,0
19828,86,2020-09-07,0,0,0,0
19829,86,2020-09-08,3,0,0,0
19830,86,2020-09-09,0,0,0,0
19831,86,2020-09-10,0,0,0,0
19832,86,2020-09-11,0,1,0,0
19833,86,2020-09-12,0,0,0,1
19834,86,2020-09-13,0,0,0,0
19835,86,2020-09-14,3,0,0,0
19836,86,2020-09-15,2,1,0,2
19837,86,2020-09-16,1,0,1,0
19838,86,2020-09-17,3,0,0,0
19839,86,2020-09-18,1,1,0,0
19840,86,2020-09-19,1,0,0,2
19841,86,2020-09-20,0,0,0,0
19842,86,2020-09-21,2,0,0,2
19843,86,2020-09-22,0,0,0,0
19844,86,2020-09-23,4,0,0,5
19845,86,2020-09-24,0,0,0,1
19846,86,2020-09-25,1,0,0,1
19847,86,2020-09-26,0,0,0,1
19848,86,2020-09-27,0,0,0,0
19849,86,2020-09-28,0,0,0,0
19850,86,2020-09-29,3,0,1,0
19851,86,2020-09-30,0,0,0,0
19852,86,2020-10-01,1,1,0,2
19853,86,2020-10-02,1,0,0,1
19854,86,2020-10-03,0,0,0,1
19855,86,2020-10-04,0,0,1,3
19856,86,2020-10-05,0,0,0,0
19857,86,2020-10-06,0,0,0,0
19858,86,2020-10-07,3,1,1,2
19859,86,2020-10-08,0,0,0,1
19860,86,2020-10-09,0,0,0,0
19861,86,2020-10-10,3,0,0,0
19862,86,2020-10-11,2,0,0,0
19863,86,2020-10-12,0,0,0,1
19864,86,2020-10-13,2,1,0,1
19865,86,2020-10-14,5,1,0,1
19866,86,2020-10-15,0,0,0,0
19867,86,2020-10-16,1,0,0,1
19868,86,2020-10-17,0,0,0,1
19869,86,2020-10-18,0,0,0,0
19870,86,2020-10-19,6,1,0,0
19871,86,2020-10-20,7,1,0,1
19872,86,2020-10-21,4,0,0,7
19873,86,2020-10-22,7,1,0,2
19874,86,2020-10-23,5,1,0,5
19875,86,2020-10-24,2,0,0,1
19876,86,2020-10-25,0,0,0,0
19877,86,2020-10-26,23,2,0,11
19878,86,2020-10-27,6,0,1,3
19879,86,2020-10-28,4,1,1,2
19880,86,2020-10-29,16,1,3,6
19881,86,2020-10-30,10,1,1,2
19882,86,2020-10-31,19,0,0,7
19883,86,2020-11-01,14,0,0,2
19884,86,2020-11-02,6,1,6,2
19885,86,2020-11-03,3,0,0,0
19886,86,2020-11-04,10,3,2,6
19887,86,2020-11-05,33,0,4,5
19888,86,2020-11-06,49,5,9,17
19889,86,2020-11-07,17,0,3,9
19890,87,2020-03-19,4,1,0,0
19891,87,2020-03-20,1,1,0,0
19892,87,2020-03-21,3,0,1,0
19893,87,2020-03-22,3,0,0,0
19894,87,2020-03-23,4,1,0,0
19895,87,2020-03-24,3,2,1,0
19896,87,2020-03-25,3,1,1,0
19897,87,2020-03-26,5,0,1,1
19898,87,2020-03-27,7,0,0,0
19899,87,2020-03-28,7,1,0,2
19900,87,2020-03-29,10,6,0,0
19901,87,2020-03-30,8,1,1,1
19902,87,2020-03-31,8,0,0,3
19903,87,2020-04-01,7,2,0,6
19904,87,2020-04-02,8,1,1,5
19905,87,2020-04-03,5,1,1,5
19906,87,2020-04-04,6,1,0,2
19907,87,2020-04-05,3,1,1,2
19908,87,2020-04-06,3,0,2,1
19909,87,2020-04-07,4,0,0,3
19910,87,2020-04-08,8,0,1,3
19911,87,2020-04-09,5,2,0,2
19912,87,2020-04-10,5,0,0,4
19913,87,2020-04-11,3,1,0,5
19914,87,2020-04-12,9,0,0,2
19915,87,2020-04-13,3,0,0,2
19916,87,2020-04-14,2,0,2,6
19917,87,2020-04-15,3,0,0,6
19918,87,2020-04-16,3,0,2,3
19919,87,2020-04-17,1,0,1,1
19920,87,2020-04-18,0,0,0,1
19921,87,2020-04-19,1,0,1,2
19922,87,2020-04-20,1,0,3,4
19923,87,2020-04-21,5,0,1,3
19924,87,2020-04-22,3,0,0,2
19925,87,2020-04-23,2,0,0,2
19926,87,2020-04-24,0,0,0,3
19927,87,2020-04-25,0,0,1,1
19928,87,2020-04-26,0,0,0,0
19929,87,2020-04-27,1,0,0,3
19930,87,2020-04-28,0,0,0,2
19931,87,2020-04-29,0,0,1,1
19932,87,2020-04-30,1,0,0,4
19933,87,2020-05-01,0,0,0,0
19934,87,2020-05-02,0,0,0,0
19935,87,2020-05-03,1,0,0,1
19936,87,2020-05-04,0,0,0,0
19937,87,2020-05-05,0,1,0,0
19938,87,2020-05-06,1,0,0,3
19939,87,2020-05-07,2,0,2,1
19940,87,2020-05-08,0,0,0,0
19941,87,2020-05-09,2,0,0,0
19942,87,2020-05-10,1,1,0,0
19943,87,2020-05-11,2,1,0,1
19944,87,2020-05-12,0,0,0,0
19945,87,2020-05-13,0,0,0,1
19946,87,2020-05-14,0,0,0,3
19947,87,2020-05-15,0,0,0,0
19948,87,2020-05-16,0,0,0,0
19949,87,2020-05-17,0,0,0,0
19950,87,2020-05-18,1,0,0,6
19951,87,2020-05-19,1,0,0,2
19952,87,2020-05-20,0,0,0,2
19953,87,2020-05-21,0,0,0,0
19954,87,2020-05-22,0,0,0,5
19955,87,2020-05-23,1,0,0,0
19956,87,2020-05-24,0,0,0,0
19957,87,2020-05-25,0,0,1,1
19958,87,2020-05-26,0,0,0,0
19959,87,2020-05-27,0,0,0,0
19960,87,2020-05-28,0,0,0,0
19961,87,2020-05-29,0,0,0,0
19962,87,2020-05-30,0,0,0,0
19963,87,2020-05-31,0,0,0,0
19964,87,2020-06-01,0,0,0,0
19965,87,2020-06-02,0,0,0,0
19966,87,2020-06-03,0,0,0,0
19967,87,2020-06-04,0,0,0,0
19968,87,2020-06-05,0,0,0,1
19969,87,2020-06-06,0,0,0,0
19970,87,2020-06-07,0,0,0,0
19971,87,2020-06-08,0,0,0,0
19972,87,2020-06-09,0,0,0,2
19973,87,2020-06-10,0,0,0,0
19974,87,2020-06-11,0,0,0,0
19975,87,2020-06-12,0,0,0,0
19976,87,2020-06-13,0,0,0,0
19977,87,2020-06-14,0,0,0,0
19978,87,2020-06-15,0,0,0,0
19979,87,2020-06-16,0,0,0,4
19980,87,2020-06-17,1,0,0,1
19981,87,2020-06-18,0,0,0,1
19982,87,2020-06-19,0,0,0,0
19983,87,2020-06-20,0,0,0,0
19984,87,2020-06-21,0,0,0,0
19985,87,2020-06-22,0,0,0,0
19986,87,2020-06-23,0,0,0,0
19987,87,2020-06-24,0,0,0,0
19988,87,2020-06-25,0,0,0,0
19989,87,2020-06-26,0,0,0,1
19990,87,2020-06-27,0,0,0,0
19991,87,2020-06-28,0,0,0,0
19992,87,2020-06-29,0,0,0,0
19993,87,2020-06-30,0,0,0,0
19994,87,2020-07-01,0,0,0,0
19995,87,2020-07-02,0,0,0,0
19996,87,2020-07-03,0,0,0,0
19997,87,2020-07-04,0,0,0,0
19998,87,2020-07-05,0,0,0,0
19999,87,2020-07-06,0,0,0,0
20000,87,2020-07-07,1,0,0,2
20001,87,2020-07-08,0,0,0,0
20002,87,2020-07-09,0,0,0,0
20003,87,2020-07-10,0,0,0,2
20004,87,2020-07-11,0,0,0,0
20005,87,2020-07-12,0,0,0,0
20006,87,2020-07-13,0,0,0,0
20007,87,2020-07-14,0,0,0,0
20008,87,2020-07-15,0,0,0,0
20009,87,2020-07-16,0,0,0,0
20010,87,2020-07-17,0,0,0,1
20011,87,2020-07-18,2,0,0,0
20012,87,2020-07-19,0,0,0,0
20013,87,2020-07-20,0,0,0,0
20014,87,2020-07-21,0,0,0,0
20015,87,2020-07-22,1,0,0,0
20016,87,2020-07-23,0,0,0,0
20017,87,2020-07-24,0,0,0,1
20018,87,2020-07-25,0,0,0,0
20019,87,2020-07-26,0,0,0,0
20020,87,2020-07-27,0,0,0,0
20021,87,2020-07-28,0,0,0,0
20022,87,2020-07-29,0,0,0,0
20023,87,2020-07-30,0,0,0,0
20024,87,2020-07-31,1,0,0,0
20025,87,2020-08-01,0,0,0,0
20026,87,2020-08-02,0,0,0,0
20027,87,2020-08-03,0,0,0,0
20028,87,2020-08-04,0,0,0,0
20029,87,2020-08-05,0,0,0,0
20030,87,2020-08-06,0,0,0,0
20031,87,2020-08-07,0,0,0,0
20032,87,2020-08-08,0,0,0,0
20033,87,2020-08-09,0,0,0,0
20034,87,2020-08-10,0,0,0,0
20035,87,2020-08-11,0,0,0,0
20036,87,2020-08-12,0,0,0,0
20037,87,2020-08-13,0,0,0,0
20038,87,2020-08-14,0,0,0,0
20039,87,2020-08-15,0,0,0,0
20040,87,2020-08-16,0,0,0,0
20041,87,2020-08-17,0,0,0,0
20042,87,2020-08-18,0,0,0,1
20043,87,2020-08-19,0,0,0,1
20044,87,2020-08-20,0,0,0,0
20045,87,2020-08-21,0,0,0,0
20046,87,2020-08-22,0,0,0,0
20047,87,2020-08-23,0,0,0,0
20048,87,2020-08-24,0,0,0,0
20049,87,2020-08-25,1,0,0,1
20050,87,2020-08-26,0,0,0,0
20051,87,2020-08-27,0,0,0,0
20052,87,2020-08-28,0,0,0,0
20053,87,2020-08-29,0,0,0,0
20054,87,2020-08-30,0,0,0,0
20055,87,2020-08-31,2,0,0,0
20056,87,2020-09-01,1,1,0,0
20057,87,2020-09-02,1,0,0,0
20058,87,2020-09-03,1,0,0,3
20059,87,2020-09-04,0,0,0,0
20060,87,2020-09-05,1,0,0,0
20061,87,2020-09-06,1,0,0,0
20062,87,2020-09-07,1,0,0,0
20063,87,2020-09-08,0,0,0,0
20064,87,2020-09-09,2,0,1,0
20065,87,2020-09-10,2,0,0,0
20066,87,2020-09-11,0,0,1,0
20067,87,2020-09-12,3,1,0,1
20068,87,2020-09-13,3,0,0,0
20069,87,2020-09-14,0,0,0,0
20070,87,2020-09-15,1,0,0,0
20071,87,2020-09-16,2,1,0,1
20072,87,2020-09-17,5,0,0,3
20073,87,2020-09-18,5,1,0,2
20074,87,2020-09-19,0,0,0,1
20075,87,2020-09-20,3,0,1,0
20076,87,2020-09-21,2,0,0,0
20077,87,2020-09-22,8,0,1,1
20078,87,2020-09-23,1,0,0,2
20079,87,2020-09-24,2,0,1,2
20080,87,2020-09-25,3,0,2,2
20081,87,2020-09-26,5,2,1,3
20082,87,2020-09-27,1,0,1,0
20083,87,2020-09-28,6,1,0,3
20084,87,2020-09-29,2,0,0,3
20085,87,2020-09-30,1,0,1,1
20086,87,2020-10-01,1,0,1,0
20087,87,2020-10-02,1,0,0,2
20088,87,2020-10-03,0,0,2,0
20089,87,2020-10-04,2,0,1,1
20090,87,2020-10-05,3,0,0,0
20091,87,2020-10-06,3,0,0,5
20092,87,2020-10-07,0,0,0,0
20093,87,2020-10-08,2,0,0,0
20094,87,2020-10-09,0,0,1,0
20095,87,2020-10-10,4,0,0,1
20096,87,2020-10-11,0,0,0,0
20097,87,2020-10-12,15,0,1,1
20098,87,2020-10-13,0,0,0,1
20099,87,2020-10-14,4,0,1,2
20100,87,2020-10-15,2,1,3,2
20101,87,2020-10-16,5,1,0,5
20102,87,2020-10-17,8,0,0,3
20103,87,2020-10-18,0,0,1,2
20104,87,2020-10-19,12,0,0,1
20105,87,2020-10-20,5,0,0,5
20106,87,2020-10-21,7,1,0,5
20107,87,2020-10-22,3,0,0,3
20108,87,2020-10-23,18,1,1,3
20109,87,2020-10-24,7,0,1,2
20110,87,2020-10-25,2,0,1,3
20111,87,2020-10-26,4,0,1,1
20112,87,2020-10-27,7,1,1,2
20113,87,2020-10-28,14,0,0,6
20114,87,2020-10-29,16,1,0,3
20115,87,2020-10-30,9,0,0,4
20116,87,2020-10-31,17,1,4,3
20117,87,2020-11-01,7,0,0,2
20118,87,2020-11-02,18,1,1,2
20119,87,2020-11-03,8,0,2,5
20120,87,2020-11-04,15,2,2,10
20121,87,2020-11-05,11,1,4,10
20122,87,2020-11-06,9,1,0,7
20123,87,2020-11-07,8,0,0,2
20124,88,2020-03-19,17,1,5,1
20125,88,2020-03-20,6,1,1,0
20126,88,2020-03-21,23,7,7,7
20127,88,2020-03-22,13,3,4,5
20128,88,2020-03-23,18,2,7,4
20129,88,2020-03-24,33,6,4,12
20130,88,2020-03-25,46,7,5,8
20131,88,2020-03-26,16,6,7,13
20132,88,2020-03-27,45,6,9,10
20133,88,2020-03-28,48,11,12,12
20134,88,2020-03-29,38,2,4,5
20135,88,2020-03-30,39,7,9,9
20136,88,2020-03-31,71,6,8,11
20137,88,2020-04-01,34,4,7,19
20138,88,2020-04-02,39,14,5,20
20139,88,2020-04-03,23,8,8,19
20140,88,2020-04-04,24,5,7,23
20141,88,2020-04-05,36,3,3,11
20142,88,2020-04-06,18,6,8,6
20143,88,2020-04-07,13,4,3,22
20144,88,2020-04-08,17,4,3,18
20145,88,2020-04-09,39,2,8,21
20146,88,2020-04-10,29,2,18,17
20147,88,2020-04-11,3,0,1,13
20148,88,2020-04-12,11,0,6,6
20149,88,2020-04-13,12,3,4,6
20150,88,2020-04-14,10,4,5,4
20151,88,2020-04-15,32,1,10,20
20152,88,2020-04-16,17,1,4,12
20153,88,2020-04-17,7,4,2,12
20154,88,2020-04-18,10,0,2,8
20155,88,2020-04-19,14,2,12,3
20156,88,2020-04-20,14,1,6,31
20157,88,2020-04-21,21,1,6,18
20158,88,2020-04-22,11,1,3,7
20159,88,2020-04-23,7,3,2,8
20160,88,2020-04-24,9,2,2,13
20161,88,2020-04-25,5,0,2,8
20162,88,2020-04-26,3,0,1,0
20163,88,2020-04-27,2,0,3,2
20164,88,2020-04-28,18,2,4,17
20165,88,2020-04-29,6,0,2,5
20166,88,2020-04-30,13,0,0,18
20167,88,2020-05-01,4,1,0,4
20168,88,2020-05-02,2,0,1,3
20169,88,2020-05-03,2,1,2,14
20170,88,2020-05-04,7,0,4,5
20171,88,2020-05-05,5,1,2,14
20172,88,2020-05-06,3,0,0,7
20173,88,2020-05-07,6,1,2,30
20174,88,2020-05-08,3,1,0,13
20175,88,2020-05-09,1,0,3,11
20176,88,2020-05-10,1,0,0,10
20177,88,2020-05-11,2,0,0,1
20178,88,2020-05-12,1,1,1,8
20179,88,2020-05-13,4,0,0,4
20180,88,2020-05-14,2,0,0,17
20181,88,2020-05-15,2,0,0,4
20182,88,2020-05-16,1,1,2,27
20183,88,2020-05-17,0,0,0,0
20184,88,2020-05-18,0,0,0,4
20185,88,2020-05-19,1,0,0,8
20186,88,2020-05-20,1,0,1,4
20187,88,2020-05-21,0,0,0,6
20188,88,2020-05-22,1,0,0,6
20189,88,2020-05-23,3,0,0,0
20190,88,2020-05-24,0,0,1,0
20191,88,2020-05-25,2,0,0,2
20192,88,2020-05-26,3,1,0,6
20193,88,2020-05-27,0,0,1,2
20194,88,2020-05-28,3,0,0,4
20195,88,2020-05-29,1,0,1,0
20196,88,2020-05-30,3,1,0,6
20197,88,2020-05-31,0,0,0,0
20198,88,2020-06-01,0,0,0,0
20199,88,2020-06-02,1,0,0,0
20200,88,2020-06-03,8,0,1,11
20201,88,2020-06-04,3,0,1,2
20202,88,2020-06-05,0,0,2,7
20203,88,2020-06-06,2,0,0,2
20204,88,2020-06-07,1,0,0,0
20205,88,2020-06-08,0,0,0,0
20206,88,2020-06-09,1,1,0,5
20207,88,2020-06-10,1,0,0,1
20208,88,2020-06-11,0,0,1,7
20209,88,2020-06-12,1,1,0,1
20210,88,2020-06-13,0,0,0,0
20211,88,2020-06-14,0,0,0,0
20212,88,2020-06-15,0,0,2,0
20213,88,2020-06-16,1,0,0,3
20214,88,2020-06-17,0,0,0,1
20215,88,2020-06-18,1,0,1,1
20216,88,2020-06-19,1,0,0,0
20217,88,2020-06-20,0,0,0,0
20218,88,2020-06-21,0,0,0,0
20219,88,2020-06-22,0,0,0,1
20220,88,2020-06-23,0,0,0,1
20221,88,2020-06-24,0,0,0,0
20222,88,2020-06-25,2,0,0,1
20223,88,2020-06-26,1,0,0,2
20224,88,2020-06-27,0,0,0,1
20225,88,2020-06-28,1,0,0,0
20226,88,2020-06-29,0,0,0,0
20227,88,2020-06-30,0,0,0,5
20228,88,2020-07-01,1,0,0,1
20229,88,2020-07-02,0,0,0,1
20230,88,2020-07-03,1,0,0,1
20231,88,2020-07-04,0,0,0,0
20232,88,2020-07-05,0,0,0,0
20233,88,2020-07-06,0,0,0,0
20234,88,2020-07-07,1,0,0,1
20235,88,2020-07-08,0,0,0,0
20236,88,2020-07-09,1,1,0,1
20237,88,2020-07-10,0,0,0,1
20238,88,2020-07-11,0,0,0,0
20239,88,2020-07-12,0,0,0,0
20240,88,2020-07-13,0,0,0,0
20241,88,2020-07-14,1,0,1,0
20242,88,2020-07-15,0,0,0,1
20243,88,2020-07-16,1,0,1,1
20244,88,2020-07-17,1,0,0,0
20245,88,2020-07-18,0,0,0,0
20246,88,2020-07-19,0,0,0,0
20247,88,2020-07-20,1,0,0,1
20248,88,2020-07-21,0,0,0,1
20249,88,2020-07-22,0,0,1,0
20250,88,2020-07-23,2,0,2,14
20251,88,2020-07-24,0,0,0,0
20252,88,2020-07-25,0,0,0,0
20253,88,2020-07-26,0,0,0,0
20254,88,2020-07-27,0,0,0,0
20255,88,2020-07-28,0,0,0,0
20256,88,2020-07-29,1,0,0,1
20257,88,2020-07-30,0,0,0,0
20258,88,2020-07-31,0,0,0,0
20259,88,2020-08-01,1,0,0,0
20260,88,2020-08-02,0,0,0,0
20261,88,2020-08-03,0,0,0,0
20262,88,2020-08-04,0,0,0,0
20263,88,2020-08-05,0,0,0,0
20264,88,2020-08-06,0,0,0,2
20265,88,2020-08-07,0,0,0,1
20266,88,2020-08-08,0,0,0,0
20267,88,2020-08-09,0,0,0,0
20268,88,2020-08-10,2,0,0,1
20269,88,2020-08-11,0,0,0,0
20270,88,2020-08-12,1,0,0,1
20271,88,2020-08-13,0,0,0,0
20272,88,2020-08-14,1,0,0,0
20273,88,2020-08-15,1,0,0,0
20274,88,2020-08-16,0,0,0,0
20275,88,2020-08-17,0,0,0,0
20276,88,2020-08-18,1,0,0,0
20277,88,2020-08-19,0,0,0,0
20278,88,2020-08-20,0,0,0,0
20279,88,2020-08-21,0,0,0,0
20280,88,2020-08-22,1,0,0,0
20281,88,2020-08-23,0,0,0,0
20282,88,2020-08-24,1,0,1,0
20283,88,2020-08-25,1,0,0,0
20284,88,2020-08-26,1,0,0,1
20285,88,2020-08-27,1,0,0,0
20286,88,2020-08-28,0,0,0,0
20287,88,2020-08-29,0,0,0,0
20288,88,2020-08-30,0,0,0,0
20289,88,2020-08-31,0,0,0,0
20290,88,2020-09-01,2,0,0,2
20291,88,2020-09-02,1,0,0,2
20292,88,2020-09-03,0,0,0,0
20293,88,2020-09-04,1,0,0,0
20294,88,2020-09-05,0,0,0,0
20295,88,2020-09-06,0,0,0,0
20296,88,2020-09-07,0,0,0,3
20297,88,2020-09-08,0,0,0,0
20298,88,2020-09-09,1,0,0,0
20299,88,2020-09-10,1,0,0,1
20300,88,2020-09-11,0,0,0,1
20301,88,2020-09-12,0,0,0,0
20302,88,2020-09-13,0,0,0,0
20303,88,2020-09-14,1,0,0,0
20304,88,2020-09-15,0,0,0,1
20305,88,2020-09-16,0,0,0,1
20306,88,2020-09-17,1,0,0,1
20307,88,2020-09-18,1,0,0,1
20308,88,2020-09-19,0,0,0,0
20309,88,2020-09-20,0,0,0,0
20310,88,2020-09-21,0,0,0,4
20311,88,2020-09-22,1,0,0,1
20312,88,2020-09-23,0,0,0,0
20313,88,2020-09-24,0,0,0,0
20314,88,2020-09-25,2,1,0,0
20315,88,2020-09-26,1,0,1,2
20316,88,2020-09-27,0,0,0,0
20317,88,2020-09-28,0,0,0,2
20318,88,2020-09-29,0,0,0,0
20319,88,2020-09-30,0,0,0,0
20320,88,2020-10-01,0,0,0,0
20321,88,2020-10-02,1,0,0,1
20322,88,2020-10-03,0,0,0,0
20323,88,2020-10-04,0,0,0,1
20324,88,2020-10-05,2,0,1,1
20325,88,2020-10-06,2,0,0,1
20326,88,2020-10-07,1,1,0,0
20327,88,2020-10-08,0,0,0,1
20328,88,2020-10-09,1,0,0,0
20329,88,2020-10-10,1,0,0,0
20330,88,2020-10-11,1,1,0,0
20331,88,2020-10-12,3,0,0,0
20332,88,2020-10-13,1,1,0,2
20333,88,2020-10-14,2,1,0,0
20334,88,2020-10-15,1,0,0,1
20335,88,2020-10-16,3,1,0,0
20336,88,2020-10-17,0,0,0,0
20337,88,2020-10-18,2,0,0,2
20338,88,2020-10-19,1,0,0,1
20339,88,2020-10-20,8,1,0,0
20340,88,2020-10-21,5,0,0,1
20341,88,2020-10-22,8,1,0,1
20342,88,2020-10-23,6,0,0,1
20343,88,2020-10-24,5,0,0,1
20344,88,2020-10-25,8,1,2,2
20345,88,2020-10-26,9,1,0,2
20346,88,2020-10-27,14,0,0,5
20347,88,2020-10-28,15,0,3,4
20348,88,2020-10-29,15,3,1,6
20349,88,2020-10-30,16,3,2,5
20350,88,2020-10-31,13,2,0,10
20351,88,2020-11-01,12,3,2,1
20352,88,2020-11-02,13,1,0,0
20353,88,2020-11-03,28,1,1,18
20354,88,2020-11-04,13,1,4,3
20355,88,2020-11-05,30,3,2,11
20356,88,2020-11-06,14,1,2,7
20357,88,2020-11-07,18,2,3,11
20358,89,2020-03-19,2,2,2,0
20359,89,2020-03-20,2,0,0,0
20360,89,2020-03-21,2,0,0,0
20361,89,2020-03-22,1,0,0,0
20362,89,2020-03-23,3,4,0,0
20363,89,2020-03-24,2,0,0,0
20364,89,2020-03-25,13,2,0,0
20365,89,2020-03-26,5,1,1,1
20366,89,2020-03-27,2,0,0,0
20367,89,2020-03-28,1,0,0,0
20368,89,2020-03-29,7,2,1,4
20369,89,2020-03-30,14,2,0,2
20370,89,2020-03-31,27,2,1,1
20371,89,2020-04-01,15,5,3,4
20372,89,2020-04-02,18,1,1,2
20373,89,2020-04-03,16,2,1,10
20374,89,2020-04-04,8,0,1,6
20375,89,2020-04-05,0,0,1,0
20376,89,2020-04-06,12,1,3,6
20377,89,2020-04-07,5,2,2,11
20378,89,2020-04-08,11,0,0,10
20379,89,2020-04-09,1,0,1,3
20380,89,2020-04-10,16,3,5,13
20381,89,2020-04-11,10,0,2,11
20382,89,2020-04-12,4,0,1,0
20383,89,2020-04-13,1,0,2,0
20384,89,2020-04-14,18,2,4,5
20385,89,2020-04-15,11,0,1,15
20386,89,2020-04-16,14,1,1,2
20387,89,2020-04-17,10,0,0,3
20388,89,2020-04-18,1,0,4,4
20389,89,2020-04-19,7,0,1,1
20390,89,2020-04-20,5,1,3,3
20391,89,2020-04-21,15,0,0,4
20392,89,2020-04-22,28,5,2,13
20393,89,2020-04-23,9,2,6,5
20394,89,2020-04-24,4,0,1,8
20395,89,2020-04-25,7,0,1,1
20396,89,2020-04-26,2,0,2,2
20397,89,2020-04-27,2,0,1,1
20398,89,2020-04-28,6,1,1,5
20399,89,2020-04-29,7,3,4,4
20400,89,2020-04-30,3,1,0,2
20401,89,2020-05-01,4,0,3,8
20402,89,2020-05-02,3,0,2,3
20403,89,2020-05-03,6,0,0,0
20404,89,2020-05-04,8,0,1,0
20405,89,2020-05-05,2,0,2,4
20406,89,2020-05-06,4,0,2,3
20407,89,2020-05-07,3,1,1,5
20408,89,2020-05-08,4,0,1,2
20409,89,2020-05-09,2,0,1,0
20410,89,2020-05-10,4,0,0,0
20411,89,2020-05-11,2,0,2,0
20412,89,2020-05-12,2,0,0,4
20413,89,2020-05-13,5,0,0,5
20414,89,2020-05-14,2,0,0,0
20415,89,2020-05-15,1,0,0,5
20416,89,2020-05-16,4,0,0,3
20417,89,2020-05-17,0,0,0,0
20418,89,2020-05-18,6,0,3,6
20419,89,2020-05-19,2,0,1,4
20420,89,2020-05-20,4,0,1,6
20421,89,2020-05-21,4,0,2,2
20422,89,2020-05-22,0,0,1,6
20423,89,2020-05-23,5,0,0,1
20424,89,2020-05-24,2,0,0,1
20425,89,2020-05-25,1,0,1,5
20426,89,2020-05-26,3,0,0,17
20427,89,2020-05-27,6,0,1,4
20428,89,2020-05-28,0,0,0,2
20429,89,2020-05-29,0,0,0,8
20430,89,2020-05-30,0,0,0,2
20431,89,2020-05-31,1,0,0,6
20432,89,2020-06-01,0,0,1,0
20433,89,2020-06-02,0,0,1,0
20434,89,2020-06-03,0,0,1,7
20435,89,2020-06-04,4,0,2,5
20436,89,2020-06-05,1,0,0,0
20437,89,2020-06-06,3,0,0,2
20438,89,2020-06-07,0,0,0,0
20439,89,2020-06-08,1,0,0,0
20440,89,2020-06-09,1,0,0,2
20441,89,2020-06-10,0,0,1,2
20442,89,2020-06-11,1,0,0,0
20443,89,2020-06-12,17,0,0,35
20444,89,2020-06-13,1,0,0,0
20445,89,2020-06-14,0,0,0,5
20446,89,2020-06-15,0,0,0,0
20447,89,2020-06-16,1,0,0,4
20448,89,2020-06-17,0,0,0,1
20449,89,2020-06-18,0,0,0,1
20450,89,2020-06-19,5,0,0,7
20451,89,2020-06-20,0,0,0,1
20452,89,2020-06-21,0,0,0,0
20453,89,2020-06-22,2,0,0,0
20454,89,2020-06-23,1,0,0,0
20455,89,2020-06-24,1,0,0,0
20456,89,2020-06-25,0,0,0,1
20457,89,2020-06-26,0,0,0,0
20458,89,2020-06-27,0,0,0,0
20459,89,2020-06-28,0,0,0,0
20460,89,2020-06-29,4,0,0,1
20461,89,2020-06-30,1,0,0,2
20462,89,2020-07-01,1,0,1,4
20463,89,2020-07-02,1,0,0,1
20464,89,2020-07-03,2,0,0,2
20465,89,2020-07-04,1,0,0,1
20466,89,2020-07-05,0,0,0,0
20467,89,2020-07-06,2,0,0,0
20468,89,2020-07-07,2,1,1,1
20469,89,2020-07-08,0,0,0,2
20470,89,2020-07-09,0,0,1,3
20471,89,2020-07-10,1,0,0,1
20472,89,2020-07-11,0,0,0,0
20473,89,2020-07-12,0,0,0,0
20474,89,2020-07-13,1,0,1,0
20475,89,2020-07-14,0,0,0,1
20476,89,2020-07-15,3,1,1,2
20477,89,2020-07-16,0,0,0,0
20478,89,2020-07-17,1,0,0,0
20479,89,2020-07-18,0,0,0,0
20480,89,2020-07-19,0,0,0,0
20481,89,2020-07-20,4,0,0,3
20482,89,2020-07-21,1,0,0,6
20483,89,2020-07-22,1,0,0,0
20484,89,2020-07-23,3,0,0,0
20485,89,2020-07-24,0,0,1,0
20486,89,2020-07-25,1,0,0,3
20487,89,2020-07-26,0,0,0,0
20488,89,2020-07-27,0,0,0,0
20489,89,2020-07-28,1,0,0,1
20490,89,2020-07-29,5,0,0,7
20491,89,2020-07-30,1,0,0,3
20492,89,2020-07-31,0,1,0,0
20493,89,2020-08-01,1,0,0,1
20494,89,2020-08-02,0,0,0,0
20495,89,2020-08-03,0,0,0,3
20496,89,2020-08-04,1,0,0,1
20497,89,2020-08-05,1,0,0,0
20498,89,2020-08-06,4,0,0,0
20499,89,2020-08-07,0,0,0,0
20500,89,2020-08-08,0,0,0,1
20501,89,2020-08-09,0,0,0,0
20502,89,2020-08-10,4,0,0,2
20503,89,2020-08-11,0,0,0,0
20504,89,2020-08-12,2,0,0,2
20505,89,2020-08-13,0,0,0,0
20506,89,2020-08-14,2,0,0,1
20507,89,2020-08-15,0,0,0,0
20508,89,2020-08-16,0,0,0,0
20509,89,2020-08-17,3,0,1,1
20510,89,2020-08-18,1,0,0,4
20511,89,2020-08-19,1,0,0,1
20512,89,2020-08-20,1,1,0,2
20513,89,2020-08-21,1,0,0,4
20514,89,2020-08-22,0,0,0,0
20515,89,2020-08-23,0,0,0,0
20516,89,2020-08-24,1,0,0,1
20517,89,2020-08-25,0,0,0,2
20518,89,2020-08-26,1,0,0,2
20519,89,2020-08-27,0,0,0,0
20520,89,2020-08-28,1,0,0,0
20521,89,2020-08-29,0,0,0,0
20522,89,2020-08-30,0,0,0,0
20523,89,2020-08-31,1,0,0,1
20524,89,2020-09-01,0,0,0,2
20525,89,2020-09-02,3,0,0,0
20526,89,2020-09-03,0,0,0,0
20527,89,2020-09-04,0,0,0,1
20528,89,2020-09-05,1,0,0,0
20529,89,2020-09-06,0,0,0,0
20530,89,2020-09-07,0,0,0,0
20531,89,2020-09-08,0,0,0,0
20532,89,2020-09-09,1,0,0,1
20533,89,2020-09-10,1,0,0,0
20534,89,2020-09-11,0,0,0,1
20535,89,2020-09-12,0,0,0,0
20536,89,2020-09-13,0,0,0,0
20537,89,2020-09-14,5,0,0,3
20538,89,2020-09-15,0,0,0,0
20539,89,2020-09-16,1,0,0,3
20540,89,2020-09-17,2,0,0,1
20541,89,2020-09-18,0,0,0,0
20542,89,2020-09-19,0,0,0,0
20543,89,2020-09-20,0,0,0,0
20544,89,2020-09-21,2,0,0,0
20545,89,2020-09-22,4,2,0,1
20546,89,2020-09-23,1,0,0,1
20547,89,2020-09-24,2,0,0,3
20548,89,2020-09-25,1,0,0,0
20549,89,2020-09-26,1,0,0,1
20550,89,2020-09-27,0,0,0,0
20551,89,2020-09-28,2,1,0,2
20552,89,2020-09-29,1,0,0,1
20553,89,2020-09-30,2,1,0,2
20554,89,2020-10-01,3,0,0,2
20555,89,2020-10-02,2,0,0,4
20556,89,2020-10-03,1,0,0,0
20557,89,2020-10-04,5,1,0,1
20558,89,2020-10-05,2,1,0,3
20559,89,2020-10-06,0,0,0,0
20560,89,2020-10-07,3,0,0,5
20561,89,2020-10-08,1,0,0,3
20562,89,2020-10-09,4,2,0,2
20563,89,2020-10-10,3,0,0,0
20564,89,2020-10-11,0,0,0,0
20565,89,2020-10-12,8,1,0,2
20566,89,2020-10-13,1,1,0,4
20567,89,2020-10-14,7,1,0,5
20568,89,2020-10-15,4,2,0,2
20569,89,2020-10-16,3,0,0,1
20570,89,2020-10-17,0,0,0,7
20571,89,2020-10-18,3,0,0,1
20572,89,2020-10-19,3,0,0,0
20573,89,2020-10-20,3,2,0,0
20574,89,2020-10-21,8,1,1,1
20575,89,2020-10-22,10,2,0,2
20576,89,2020-10-23,6,0,0,2
20577,89,2020-10-24,5,1,0,4
20578,89,2020-10-25,2,0,0,0
20579,89,2020-10-26,17,0,0,1
20580,89,2020-10-27,6,0,1,1
20581,89,2020-10-28,22,2,0,5
20582,89,2020-10-29,12,2,0,7
20583,89,2020-10-30,12,3,0,7
20584,89,2020-10-31,17,2,0,6
20585,89,2020-11-01,6,1,0,0
20586,89,2020-11-02,22,2,1,4
20587,89,2020-11-03,8,1,2,10
20588,89,2020-11-04,17,2,2,4
20589,89,2020-11-05,8,0,1,3
20590,89,2020-11-06,21,1,3,11
20591,89,2020-11-07,17,2,0,18
20592,90,2020-03-19,28,3,5,0
20593,90,2020-03-20,1,1,0,0
20594,90,2020-03-21,34,2,9,10
20595,90,2020-03-22,18,0,5,19
20596,90,2020-03-23,34,3,6,2
20597,90,2020-03-24,24,1,3,7
20598,90,2020-03-25,35,2,3,6
20599,90,2020-03-26,12,2,5,10
20600,90,2020-03-27,25,1,8,10
20601,90,2020-03-28,17,2,1,0
20602,90,2020-03-29,15,2,7,6
20603,90,2020-03-30,21,2,10,8
20604,90,2020-03-31,44,5,0,18
20605,90,2020-04-01,22,0,4,0
20606,90,2020-04-02,39,6,11,32
20607,90,2020-04-03,16,1,3,10
20608,90,2020-04-04,17,1,5,24
20609,90,2020-04-05,14,2,3,5
20610,90,2020-04-06,15,0,3,4
20611,90,2020-04-07,24,2,5,25
20612,90,2020-04-08,11,0,2,17
20613,90,2020-04-09,9,0,2,6
20614,90,2020-04-10,34,0,4,16
20615,90,2020-04-11,13,0,5,14
20616,90,2020-04-12,11,1,4,4
20617,90,2020-04-13,17,2,4,4
20618,90,2020-04-14,3,0,1,2
20619,90,2020-04-15,4,0,7,21
20620,90,2020-04-16,10,2,2,14
20621,90,2020-04-17,11,0,5,10
20622,90,2020-04-18,7,1,1,14
20623,90,2020-04-19,3,1,0,3
20624,90,2020-04-20,6,0,2,0
20625,90,2020-04-21,5,1,2,15
20626,90,2020-04-22,6,1,6,7
20627,90,2020-04-23,2,0,1,4
20628,90,2020-04-24,6,0,0,8
20629,90,2020-04-25,1,0,1,9
20630,90,2020-04-26,3,0,1,1
20631,90,2020-04-27,0,0,2,1
20632,90,2020-04-28,0,0,0,0
20633,90,2020-04-29,11,2,2,14
20634,90,2020-04-30,5,0,0,7
20635,90,2020-05-01,5,0,2,5
20636,90,2020-05-02,1,0,2,1
20637,90,2020-05-03,1,0,0,0
20638,90,2020-05-04,0,0,2,0
20639,90,2020-05-05,17,0,5,6
20640,90,2020-05-06,10,0,1,4
20641,90,2020-05-07,4,0,2,4
20642,90,2020-05-08,7,1,1,10
20643,90,2020-05-09,2,0,0,0
20644,90,2020-05-10,3,0,2,0
20645,90,2020-05-11,3,1,0,2
20646,90,2020-05-12,4,1,1,10
20647,90,2020-05-13,1,0,2,2
20648,90,2020-05-14,2,0,1,7
20649,90,2020-05-15,1,0,0,6
20650,90,2020-05-16,0,0,0,8
20651,90,2020-05-17,1,0,0,0
20652,90,2020-05-18,1,0,0,0
20653,90,2020-05-19,1,0,0,7
20654,90,2020-05-20,5,0,0,5
20655,90,2020-05-21,7,0,1,42
20656,90,2020-05-22,1,0,0,0
20657,90,2020-05-23,0,0,0,4
20658,90,2020-05-24,0,0,1,0
20659,90,2020-05-25,2,0,1,0
20660,90,2020-05-26,0,0,0,2
20661,90,2020-05-27,0,0,1,7
20662,90,2020-05-28,2,0,1,4
20663,90,2020-05-29,0,0,1,2
20664,90,2020-05-30,0,0,0,0
20665,90,2020-05-31,1,0,1,1
20666,90,2020-06-01,0,0,0,1
20667,90,2020-06-02,1,0,1,3
20668,90,2020-06-03,0,0,0,1
20669,90,2020-06-04,2,0,1,7
20670,90,2020-06-05,1,0,0,2
20671,90,2020-06-06,0,0,0,0
20672,90,2020-06-07,0,0,0,1
20673,90,2020-06-08,0,0,0,0
20674,90,2020-06-09,1,0,2,1
20675,90,2020-06-10,0,0,2,1
20676,90,2020-06-11,2,0,0,2
20677,90,2020-06-12,0,0,0,2
20678,90,2020-06-13,0,0,2,0
20679,90,2020-06-14,0,0,0,0
20680,90,2020-06-15,1,0,0,0
20681,90,2020-06-16,1,0,0,2
20682,90,2020-06-17,0,0,1,3
20683,90,2020-06-18,1,0,1,2
20684,90,2020-06-19,0,0,0,0
20685,90,2020-06-20,0,0,0,0
20686,90,2020-06-21,0,0,0,0
20687,90,2020-06-22,1,1,0,0
20688,90,2020-06-23,1,0,0,0
20689,90,2020-06-24,0,0,0,1
20690,90,2020-06-25,0,0,1,2
20691,90,2020-06-26,0,0,0,0
20692,90,2020-06-27,0,0,0,1
20693,90,2020-06-28,0,0,0,1
20694,90,2020-06-29,0,0,1,0
20695,90,2020-06-30,1,0,0,10
20696,90,2020-07-01,0,0,0,1
20697,90,2020-07-02,0,0,0,0
20698,90,2020-07-03,0,0,0,0
20699,90,2020-07-04,0,0,0,0
20700,90,2020-07-05,0,0,0,0
20701,90,2020-07-06,0,0,0,0
20702,90,2020-07-07,0,0,0,0
20703,90,2020-07-08,0,0,0,0
20704,90,2020-07-09,0,0,0,4
20705,90,2020-07-10,31,0,12,19
20706,90,2020-07-11,0,0,0,0
20707,90,2020-07-12,0,0,0,0
20708,90,2020-07-13,0,0,0,0
20709,90,2020-07-14,0,0,0,0
20710,90,2020-07-15,0,0,1,2
20711,90,2020-07-16,0,0,0,0
20712,90,2020-07-17,0,0,0,0
20713,90,2020-07-18,0,0,0,0
20714,90,2020-07-19,0,0,0,0
20715,90,2020-07-20,0,0,0,0
20716,90,2020-07-21,0,0,0,0
20717,90,2020-07-22,0,0,0,3
20718,90,2020-07-23,0,0,0,1
20719,90,2020-07-24,0,0,0,0
20720,90,2020-07-25,0,0,0,0
20721,90,2020-07-26,0,0,0,0
20722,90,2020-07-27,0,0,0,0
20723,90,2020-07-28,0,0,0,0
20724,90,2020-07-29,0,0,0,0
20725,90,2020-07-30,1,0,0,0
20726,90,2020-07-31,1,0,0,0
20727,90,2020-08-01,0,0,0,0
20728,90,2020-08-02,0,0,0,0
20729,90,2020-08-03,1,0,0,1
20730,90,2020-08-04,0,0,0,0
20731,90,2020-08-05,1,0,0,0
20732,90,2020-08-06,0,0,0,0
20733,90,2020-08-07,0,0,0,0
20734,90,2020-08-08,0,0,0,0
20735,90,2020-08-09,0,0,0,0
20736,90,2020-08-10,0,0,0,1
20737,90,2020-08-11,0,0,0,0
20738,90,2020-08-12,4,1,0,2
20739,90,2020-08-13,0,0,0,0
20740,90,2020-08-14,0,0,0,0
20741,90,2020-08-15,0,0,0,0
20742,90,2020-08-16,0,0,0,0
20743,90,2020-08-17,0,0,0,1
20744,90,2020-08-18,0,0,0,1
20745,90,2020-08-19,0,0,0,0
20746,90,2020-08-20,0,0,0,1
20747,90,2020-08-21,0,0,0,0
20748,90,2020-08-22,0,0,0,0
20749,90,2020-08-23,0,0,0,0
20750,90,2020-08-24,0,0,0,0
20751,90,2020-08-25,0,0,0,1
20752,90,2020-08-26,0,0,0,0
20753,90,2020-08-27,1,0,0,1
20754,90,2020-08-28,1,0,0,0
20755,90,2020-08-29,0,0,0,0
20756,90,2020-08-30,0,0,0,0
20757,90,2020-08-31,0,0,0,0
20758,90,2020-09-01,0,1,0,0
20759,90,2020-09-02,0,0,0,1
20760,90,2020-09-03,0,0,0,1
20761,90,2020-09-04,2,0,0,1
20762,90,2020-09-05,0,0,0,0
20763,90,2020-09-06,0,0,0,0
20764,90,2020-09-07,0,0,0,1
20765,90,2020-09-08,1,0,0,0
20766,90,2020-09-09,1,0,0,1
20767,90,2020-09-10,3,1,0,0
20768,90,2020-09-11,0,0,0,0
20769,90,2020-09-12,0,0,0,0
20770,90,2020-09-13,0,0,0,0
20771,90,2020-09-14,1,0,1,2
20772,90,2020-09-15,2,1,0,0
20773,90,2020-09-16,1,0,0,1
20774,90,2020-09-17,0,0,0,2
20775,90,2020-09-18,1,0,0,0
20776,90,2020-09-19,0,0,0,0
20777,90,2020-09-20,0,0,0,0
20778,90,2020-09-21,1,0,0,1
20779,90,2020-09-22,1,0,0,3
20780,90,2020-09-23,4,1,0,1
20781,90,2020-09-24,0,1,0,0
20782,90,2020-09-25,0,0,0,0
20783,90,2020-09-26,0,0,0,0
20784,90,2020-09-27,0,0,0,0
20785,90,2020-09-28,0,0,0,0
20786,90,2020-09-29,2,1,0,1
20787,90,2020-09-30,0,0,0,1
20788,90,2020-10-01,0,0,0,0
20789,90,2020-10-02,0,0,0,0
20790,90,2020-10-03,2,1,0,1
20791,90,2020-10-04,0,0,1,0
20792,90,2020-10-05,1,1,0,0
20793,90,2020-10-06,1,0,0,1
20794,90,2020-10-07,0,0,0,1
20795,90,2020-10-08,4,2,0,0
20796,90,2020-10-09,1,1,0,1
20797,90,2020-10-10,0,0,0,1
20798,90,2020-10-11,1,0,0,0
20799,90,2020-10-12,0,0,0,0
20800,90,2020-10-13,3,1,0,1
20801,90,2020-10-14,3,0,1,1
20802,90,2020-10-15,1,0,0,4
20803,90,2020-10-16,4,0,0,1
20804,90,2020-10-17,0,0,0,0
20805,90,2020-10-18,0,0,0,1
20806,90,2020-10-19,2,2,0,1
20807,90,2020-10-20,7,0,0,3
20808,90,2020-10-21,4,2,0,3
20809,90,2020-10-22,1,2,1,1
20810,90,2020-10-23,2,0,0,0
20811,90,2020-10-24,16,2,2,2
20812,90,2020-10-25,2,1,1,0
20813,90,2020-10-26,2,1,0,2
20814,90,2020-10-27,16,3,0,2
20815,90,2020-10-28,11,2,0,3
20816,90,2020-10-29,11,0,0,9
20817,90,2020-10-30,10,3,4,3
20818,90,2020-10-31,4,0,1,6
20819,90,2020-11-01,0,0,2,1
20820,90,2020-11-02,2,0,1,0
20821,90,2020-11-03,4,0,0,0
20822,90,2020-11-04,23,7,1,7
20823,90,2020-11-05,13,2,1,4
20824,90,2020-11-06,26,5,0,6
20825,90,2020-11-07,3,0,1,8
20826,91,2020-03-19,49,14,1,4
20827,91,2020-03-20,40,6,1,3
20828,91,2020-03-21,42,8,2,1
20829,91,2020-03-22,63,18,0,5
20830,91,2020-03-23,49,22,0,5
20831,91,2020-03-24,61,8,4,19
20832,91,2020-03-25,100,16,5,23
20833,91,2020-03-26,77,19,3,12
20834,91,2020-03-27,51,11,3,12
20835,91,2020-03-28,111,34,3,35
20836,91,2020-03-29,43,8,12,12
20837,91,2020-03-30,83,18,10,7
20838,91,2020-03-31,90,28,9,23
20839,91,2020-04-01,89,18,11,15
20840,91,2020-04-02,128,25,20,30
20841,91,2020-04-03,132,20,13,32
20842,91,2020-04-04,115,10,14,24
20843,91,2020-04-05,52,15,9,25
20844,91,2020-04-06,74,17,24,33
20845,91,2020-04-07,89,16,8,58
20846,91,2020-04-08,222,20,16,33
20847,91,2020-04-09,92,14,13,73
20848,91,2020-04-10,122,14,16,52
20849,91,2020-04-11,81,13,11,42
20850,91,2020-04-12,62,5,10,24
20851,91,2020-04-13,18,6,7,6
20852,91,2020-04-14,57,12,27,41
20853,91,2020-04-15,49,7,14,71
20854,91,2020-04-16,67,12,13,53
20855,91,2020-04-17,100,6,24,42
20856,91,2020-04-18,36,5,8,36
20857,91,2020-04-19,30,2,7,4
20858,91,2020-04-20,33,9,10,15
20859,91,2020-04-21,58,6,19,54
20860,91,2020-04-22,34,5,9,24
20861,91,2020-04-23,45,13,13,64
20862,91,2020-04-24,79,7,12,45
20863,91,2020-04-25,53,8,3,25
20864,91,2020-04-26,3,1,2,4
20865,91,2020-04-27,27,2,9,28
20866,91,2020-04-28,44,10,9,56
20867,91,2020-04-29,65,4,8,54
20868,91,2020-04-30,57,2,11,41
20869,91,2020-05-01,12,1,3,24
20870,91,2020-05-02,8,1,0,3
20871,91,2020-05-03,11,4,3,2
20872,91,2020-05-04,13,0,5,24
20873,91,2020-05-05,14,0,5,113
20874,91,2020-05-06,23,1,9,89
20875,91,2020-05-07,17,6,3,37
20876,91,2020-05-08,20,3,2,20
20877,91,2020-05-09,10,2,1,1
20878,91,2020-05-10,4,1,4,4
20879,91,2020-05-11,11,4,2,18
20880,91,2020-05-12,14,1,5,17
20881,91,2020-05-13,8,1,7,10
20882,91,2020-05-14,16,0,3,45
20883,91,2020-05-15,9,1,7,40
20884,91,2020-05-16,6,0,0,9
20885,91,2020-05-17,5,0,2,4
20886,91,2020-05-18,4,1,2,36
20887,91,2020-05-19,16,1,4,16
20888,91,2020-05-20,5,1,0,38
20889,91,2020-05-21,19,2,0,33
20890,91,2020-05-22,30,0,4,42
20891,91,2020-05-23,20,1,2,42
20892,91,2020-05-24,0,0,0,0
20893,91,2020-05-25,5,2,2,42
20894,91,2020-05-26,6,0,0,14
20895,91,2020-05-27,3,1,2,20
20896,91,2020-05-28,5,0,1,39
20897,91,2020-05-29,6,2,1,14
20898,91,2020-05-30,6,0,2,5
20899,91,2020-05-31,0,0,0,0
20900,91,2020-06-01,0,0,2,1
20901,91,2020-06-02,9,0,2,2
20902,91,2020-06-03,5,1,3,30
20903,91,2020-06-04,2,2,0,4
20904,91,2020-06-05,5,0,3,8
20905,91,2020-06-06,2,0,1,3
20906,91,2020-06-07,0,0,0,0
20907,91,2020-06-08,2,0,0,4
20908,91,2020-06-09,3,0,4,24
20909,91,2020-06-10,3,0,0,1
20910,91,2020-06-11,4,2,2,6
20911,91,2020-06-12,1,0,2,9
20912,91,2020-06-13,3,1,2,61
20913,91,2020-06-14,0,0,1,5
20914,91,2020-06-15,4,0,0,2
20915,91,2020-06-16,3,1,3,13
20916,91,2020-06-17,1,0,0,11
20917,91,2020-06-18,3,2,1,2
20918,91,2020-06-19,1,0,0,3
20919,91,2020-06-20,1,0,0,1
20920,91,2020-06-21,0,0,0,0
20921,91,2020-06-22,4,0,0,3
20922,91,2020-06-23,2,0,1,14
20923,91,2020-06-24,1,0,0,15
20924,91,2020-06-25,5,1,0,13
20925,91,2020-06-26,4,0,5,48
20926,91,2020-06-27,0,0,0,18
20927,91,2020-06-28,0,0,0,0
20928,91,2020-06-29,0,1,1,7
20929,91,2020-06-30,1,0,0,3
20930,91,2020-07-01,2,0,1,5
20931,91,2020-07-02,1,0,1,5
20932,91,2020-07-03,2,0,1,8
20933,91,2020-07-04,0,0,0,2
20934,91,2020-07-05,0,0,0,0
20935,91,2020-07-06,4,0,0,4
20936,91,2020-07-07,18,0,6,61
20937,91,2020-07-08,2,0,0,3
20938,91,2020-07-09,1,1,0,3
20939,91,2020-07-10,2,0,0,7
20940,91,2020-07-11,0,0,0,0
20941,91,2020-07-12,0,0,0,0
20942,91,2020-07-13,0,0,0,1
20943,91,2020-07-14,0,0,0,0
20944,91,2020-07-15,2,0,0,0
20945,91,2020-07-16,3,0,1,1
20946,91,2020-07-17,2,0,0,3
20947,91,2020-07-18,1,0,0,1
20948,91,2020-07-19,0,0,0,0
20949,91,2020-07-20,4,0,0,5
20950,91,2020-07-21,0,0,0,1
20951,91,2020-07-22,2,0,0,1
20952,91,2020-07-23,1,0,0,8
20953,91,2020-07-24,1,0,0,2
20954,91,2020-07-25,1,1,0,0
20955,91,2020-07-26,0,0,0,0
20956,91,2020-07-27,1,0,0,13
20957,91,2020-07-28,2,1,0,2
20958,91,2020-07-29,1,0,0,2
20959,91,2020-07-30,0,0,0,4
20960,91,2020-07-31,1,1,0,2
20961,91,2020-08-01,1,0,0,1
20962,91,2020-08-02,0,0,0,0
20963,91,2020-08-03,3,0,0,23
20964,91,2020-08-04,4,2,0,0
20965,91,2020-08-05,4,3,0,3
20966,91,2020-08-06,0,0,0,0
20967,91,2020-08-07,2,0,0,3
20968,91,2020-08-08,0,0,0,0
20969,91,2020-08-09,0,0,0,0
20970,91,2020-08-10,4,1,0,5
20971,91,2020-08-11,6,1,1,6
20972,91,2020-08-12,5,0,0,1
20973,91,2020-08-13,4,1,0,0
20974,91,2020-08-14,2,0,1,3
20975,91,2020-08-15,2,2,0,1
20976,91,2020-08-16,0,0,0,0
20977,91,2020-08-17,3,2,0,1
20978,91,2020-08-18,1,2,1,1
20979,91,2020-08-19,9,2,1,1
20980,91,2020-08-20,4,0,0,0
20981,91,2020-08-21,5,1,3,6
20982,91,2020-08-22,0,0,1,1
20983,91,2020-08-23,0,0,0,0
20984,91,2020-08-24,7,2,1,5
20985,91,2020-08-25,2,1,0,0
20986,91,2020-08-26,3,1,1,5
20987,91,2020-08-27,6,0,3,19
20988,91,2020-08-28,14,1,3,23
20989,91,2020-08-29,3,2,0,0
20990,91,2020-08-30,0,0,0,0
20991,91,2020-08-31,10,1,2,9
20992,91,2020-09-01,4,0,0,4
20993,91,2020-09-02,5,0,3,11
20994,91,2020-09-03,5,1,0,2
20995,91,2020-09-04,5,3,0,5
20996,91,2020-09-05,0,0,0,0
20997,91,2020-09-06,1,0,0,0
20998,91,2020-09-07,3,1,0,5
20999,91,2020-09-08,3,2,0,2
21000,91,2020-09-09,5,0,1,1
21001,91,2020-09-10,7,0,0,5
21002,91,2020-09-11,4,1,0,1
21003,91,2020-09-12,3,1,0,2
21004,91,2020-09-13,0,0,0,0
21005,91,2020-09-14,14,6,1,6
21006,91,2020-09-15,4,1,0,2
21007,91,2020-09-16,28,2,1,17
21008,91,2020-09-17,6,1,0,10
21009,91,2020-09-18,267,4,76,194
21010,91,2020-09-19,30,1,0,99
21011,91,2020-09-20,0,0,0,31
21012,91,2020-09-21,21,6,1,16
21013,91,2020-09-22,11,4,2,6
21014,91,2020-09-23,26,2,1,16
21015,91,2020-09-24,3,1,1,5
21016,91,2020-09-25,23,2,0,14
21017,91,2020-09-26,5,1,0,7
21018,91,2020-09-27,4,0,0,3
21019,91,2020-09-28,23,2,2,7
21020,91,2020-09-29,31,5,2,25
21021,91,2020-09-30,20,2,3,13
21022,91,2020-10-01,12,7,3,9
21023,91,2020-10-02,13,3,1,5
21024,91,2020-10-03,10,0,0,7
21025,91,2020-10-04,10,4,0,5
21026,91,2020-10-05,21,8,2,8
21027,91,2020-10-06,17,5,0,12
21028,91,2020-10-07,16,8,2,26
21029,91,2020-10-08,21,1,3,11
21030,91,2020-10-09,25,7,0,15
21031,91,2020-10-10,25,3,1,25
21032,91,2020-10-11,10,1,1,2
21033,91,2020-10-12,11,1,2,11
21034,91,2020-10-13,26,11,1,12
21035,91,2020-10-14,45,4,1,31
21036,91,2020-10-15,22,6,0,15
21037,91,2020-10-16,25,5,1,4
21038,91,2020-10-17,19,4,3,10
21039,91,2020-10-18,17,7,2,8
21040,91,2020-10-19,38,8,1,18
21041,91,2020-10-20,55,8,1,35
21042,91,2020-10-21,74,12,2,17
21043,91,2020-10-22,36,4,5,26
21044,91,2020-10-23,36,4,3,20
21045,91,2020-10-24,42,2,6,12
21046,91,2020-10-25,50,3,3,13
21047,91,2020-10-26,29,5,4,17
21048,91,2020-10-27,59,10,2,22
21049,91,2020-10-28,35,7,3,17
21050,91,2020-10-29,40,8,6,30
21051,91,2020-10-30,72,8,4,25
21052,91,2020-10-31,52,7,6,30
21053,91,2020-11-01,30,5,7,8
21054,91,2020-11-02,63,9,5,17
21055,91,2020-11-03,56,7,11,54
21056,91,2020-11-04,96,6,7,69
21057,91,2020-11-05,65,13,15,42
21058,91,2020-11-06,56,9,1,59
21059,91,2020-11-07,44,4,8,31
21060,92,2020-03-19,95,19,3,13
21061,92,2020-03-20,66,14,4,15
21062,92,2020-03-21,99,17,9,22
21063,92,2020-03-22,114,25,3,17
21064,92,2020-03-23,124,22,6,25
21065,92,2020-03-24,171,40,5,38
21066,92,2020-03-25,180,37,15,42
21067,92,2020-03-26,168,48,10,36
21068,92,2020-03-27,192,30,18,34
21069,92,2020-03-28,209,43,15,54
21070,92,2020-03-29,125,32,22,32
21071,92,2020-03-30,176,26,17,35
21072,92,2020-03-31,292,45,22,81
21073,92,2020-04-01,309,49,24,59
21074,92,2020-04-02,246,29,38,96
21075,92,2020-04-03,232,48,26,98
21076,92,2020-04-04,186,29,31,62
21077,92,2020-04-05,115,35,25,74
21078,92,2020-04-06,157,32,27,86
21079,92,2020-04-07,222,42,59,168
21080,92,2020-04-08,172,26,20,91
21081,92,2020-04-09,152,27,23,148
21082,92,2020-04-10,188,32,45,110
21083,92,2020-04-11,128,26,20,80
21084,92,2020-04-12,102,24,22,36
21085,92,2020-04-13,82,20,24,49
21086,92,2020-04-14,102,15,36,73
21087,92,2020-04-15,132,20,36,113
21088,92,2020-04-16,120,23,21,109
21089,92,2020-04-17,86,11,21,89
21090,92,2020-04-18,98,12,21,67
21091,92,2020-04-19,53,10,6,19
21092,92,2020-04-20,112,11,31,67
21093,92,2020-04-21,86,11,18,131
21094,92,2020-04-22,106,11,23,66
21095,92,2020-04-23,102,13,20,73
21096,92,2020-04-24,93,11,20,83
21097,92,2020-04-25,59,6,13,78
21098,92,2020-04-26,25,8,10,31
21099,92,2020-04-27,69,12,17,63
21100,92,2020-04-28,89,4,30,84
21101,92,2020-04-29,43,11,15,76
21102,92,2020-04-30,55,11,10,74
21103,92,2020-05-01,27,8,2,50
21104,92,2020-05-02,18,3,6,13
21105,92,2020-05-03,26,4,10,14
21106,92,2020-05-04,25,8,10,36
21107,92,2020-05-05,42,6,14,92
21108,92,2020-05-06,29,6,11,50
21109,92,2020-05-07,34,5,5,62
21110,92,2020-05-08,17,12,7,51
21111,92,2020-05-09,7,1,2,12
21112,92,2020-05-10,25,4,5,16
21113,92,2020-05-11,23,2,6,25
21114,92,2020-05-12,28,4,13,55
21115,92,2020-05-13,23,3,5,60
21116,92,2020-05-14,45,7,8,63
21117,92,2020-05-15,21,7,2,53
21118,92,2020-05-16,8,2,4,49
21119,92,2020-05-17,6,3,2,14
21120,92,2020-05-18,47,2,3,60
21121,92,2020-05-19,18,2,7,57
21122,92,2020-05-20,20,0,7,55
21123,92,2020-05-21,8,2,0,25
21124,92,2020-05-22,4,0,3,8
21125,92,2020-05-23,7,2,0,2
21126,92,2020-05-24,3,0,3,6
21127,92,2020-05-25,12,5,8,22
21128,92,2020-05-26,13,2,2,38
21129,92,2020-05-27,8,1,2,59
21130,92,2020-05-28,11,3,6,20
21131,92,2020-05-29,8,2,3,19
21132,92,2020-05-30,14,3,3,47
21133,92,2020-05-31,1,0,4,2
21134,92,2020-06-01,2,0,5,6
21135,92,2020-06-02,19,1,9,31
21136,92,2020-06-03,11,2,7,39
21137,92,2020-06-04,7,0,3,46
21138,92,2020-06-05,2,0,1,23
21139,92,2020-06-06,3,0,3,8
21140,92,2020-06-07,1,1,1,0
21141,92,2020-06-08,5,0,3,14
21142,92,2020-06-09,23,3,2,40
21143,92,2020-06-10,2,0,2,10
21144,92,2020-06-11,8,2,2,19
21145,92,2020-06-12,5,1,0,6
21146,92,2020-06-13,1,0,1,3
21147,92,2020-06-14,1,1,1,3
21148,92,2020-06-15,3,1,2,8
21149,92,2020-06-16,7,2,3,11
21150,92,2020-06-17,0,0,2,16
21151,92,2020-06-18,8,1,0,23
21152,92,2020-06-19,5,2,0,8
21153,92,2020-06-20,1,0,3,5
21154,92,2020-06-21,0,0,0,0
21155,92,2020-06-22,4,1,3,3
21156,92,2020-06-23,8,1,1,42
21157,92,2020-06-24,4,1,0,15
21158,92,2020-06-25,1,0,1,8
21159,92,2020-06-26,5,1,1,11
21160,92,2020-06-27,1,0,0,10
21161,92,2020-06-28,0,0,0,0
21162,92,2020-06-29,4,0,0,1
21163,92,2020-06-30,3,2,0,5
21164,92,2020-07-01,2,2,1,12
21165,92,2020-07-02,2,0,2,39
21166,92,2020-07-03,0,0,0,3
21167,92,2020-07-04,1,0,2,3
21168,92,2020-07-05,1,1,0,0
21169,92,2020-07-06,1,0,1,11
21170,92,2020-07-07,2,0,0,16
21171,92,2020-07-08,0,0,0,35
21172,92,2020-07-09,4,0,0,2
21173,92,2020-07-10,0,0,0,12
21174,92,2020-07-11,1,0,0,1
21175,92,2020-07-12,0,0,0,0
21176,92,2020-07-13,3,0,0,1
21177,92,2020-07-14,2,0,1,2
21178,92,2020-07-15,2,0,0,3
21179,92,2020-07-16,5,3,2,11
21180,92,2020-07-17,0,0,0,10
21181,92,2020-07-18,0,0,0,0
21182,92,2020-07-19,1,0,0,0
21183,92,2020-07-20,2,0,0,2
21184,92,2020-07-21,9,1,0,25
21185,92,2020-07-22,2,0,0,19
21186,92,2020-07-23,3,0,1,3
21187,92,2020-07-24,3,0,1,4
21188,92,2020-07-25,3,0,2,2
21189,92,2020-07-26,0,0,0,0
21190,92,2020-07-27,4,0,1,3
21191,92,2020-07-28,11,3,3,6
21192,92,2020-07-29,2,1,0,1
21193,92,2020-07-30,3,1,1,1
21194,92,2020-07-31,25,0,0,25
21195,92,2020-08-01,13,0,0,18
21196,92,2020-08-02,1,0,0,0
21197,92,2020-08-03,11,2,0,10
21198,92,2020-08-04,3,0,0,3
21199,92,2020-08-05,9,3,0,3
21200,92,2020-08-06,9,1,3,32
21201,92,2020-08-07,5,0,0,1
21202,92,2020-08-08,0,0,0,0
21203,92,2020-08-09,2,1,0,1
21204,92,2020-08-10,10,4,0,5
21205,92,2020-08-11,6,0,0,7
21206,92,2020-08-12,12,3,0,3
21207,92,2020-08-13,4,1,0,4
21208,92,2020-08-14,10,1,2,6
21209,92,2020-08-15,2,1,1,1
21210,92,2020-08-16,1,0,0,0
21211,92,2020-08-17,9,2,1,8
21212,92,2020-08-18,12,4,1,50
21213,92,2020-08-19,8,2,1,2
21214,92,2020-08-20,6,2,0,5
21215,92,2020-08-21,8,2,1,3
21216,92,2020-08-22,3,0,0,15
21217,92,2020-08-23,1,0,0,0
21218,92,2020-08-24,9,6,1,11
21219,92,2020-08-25,13,3,0,5
21220,92,2020-08-26,7,1,6,19
21221,92,2020-08-27,4,0,0,5
21222,92,2020-08-28,7,2,1,19
21223,92,2020-08-29,4,1,0,5
21224,92,2020-08-30,0,0,1,1
21225,92,2020-08-31,10,3,2,9
21226,92,2020-09-01,9,0,1,6
21227,92,2020-09-02,19,3,3,9
21228,92,2020-09-03,10,2,0,10
21229,92,2020-09-04,13,4,0,7
21230,92,2020-09-05,14,0,0,4
21231,92,2020-09-06,4,0,0,0
21232,92,2020-09-07,17,6,0,9
21233,92,2020-09-08,12,1,0,14
21234,92,2020-09-09,9,3,1,14
21235,92,2020-09-10,16,1,1,14
21236,92,2020-09-11,15,3,0,7
21237,92,2020-09-12,11,5,1,14
21238,92,2020-09-13,8,1,1,2
21239,92,2020-09-14,22,5,2,13
21240,92,2020-09-15,22,9,2,11
21241,92,2020-09-16,22,0,2,30
21242,92,2020-09-17,34,6,2,52
21243,92,2020-09-18,24,2,2,89
21244,92,2020-09-19,34,2,0,222
21245,92,2020-09-20,23,2,1,7
21246,92,2020-09-21,25,4,0,25
21247,92,2020-09-22,38,7,5,31
21248,92,2020-09-23,24,12,0,20
21249,92,2020-09-24,24,5,2,18
21250,92,2020-09-25,23,9,1,18
21251,92,2020-09-26,15,5,1,11
21252,92,2020-09-27,19,2,2,5
21253,92,2020-09-28,26,7,0,35
21254,92,2020-09-29,43,15,2,24
21255,92,2020-09-30,25,6,2,21
21256,92,2020-10-01,37,7,1,22
21257,92,2020-10-02,24,6,0,19
21258,92,2020-10-03,20,4,3,12
21259,92,2020-10-04,24,2,0,9
21260,92,2020-10-05,39,13,8,27
21261,92,2020-10-06,30,4,7,28
21262,92,2020-10-07,50,9,1,26
21263,92,2020-10-08,29,5,3,34
21264,92,2020-10-09,38,6,4,20
21265,92,2020-10-10,28,6,0,20
21266,92,2020-10-11,20,3,1,2
21267,92,2020-10-12,51,14,5,33
21268,92,2020-10-13,47,7,1,30
21269,92,2020-10-14,43,9,2,25
21270,92,2020-10-15,54,15,3,32
21271,92,2020-10-16,35,9,1,31
21272,92,2020-10-17,33,2,2,18
21273,92,2020-10-18,30,9,2,9
21274,92,2020-10-19,45,14,6,17
21275,92,2020-10-20,75,21,6,42
21276,92,2020-10-21,84,14,8,46
21277,92,2020-10-22,57,14,5,36
21278,92,2020-10-23,58,13,3,42
21279,92,2020-10-24,44,11,4,50
21280,92,2020-10-25,27,7,2,6
21281,92,2020-10-26,96,20,7,28
21282,92,2020-10-27,86,19,2,28
21283,92,2020-10-28,86,11,7,52
21284,92,2020-10-29,63,16,7,49
21285,92,2020-10-30,63,14,7,50
21286,92,2020-10-31,60,13,6,44
21287,92,2020-11-01,33,9,3,15
21288,92,2020-11-02,81,18,6,49
21289,92,2020-11-03,97,16,9,46
21290,92,2020-11-04,116,29,6,94
21291,92,2020-11-05,50,12,3,38
21292,92,2020-11-06,71,12,7,45
21293,92,2020-11-07,49,6,8,38
21294,93,2020-03-19,103,30,9,16
21295,93,2020-03-20,44,6,5,11
21296,93,2020-03-21,51,10,1,6
21297,93,2020-03-22,29,9,4,6
21298,93,2020-03-23,74,16,4,12
21299,93,2020-03-24,86,23,10,17
21300,93,2020-03-25,83,10,9,9
21301,93,2020-03-26,120,21,21,20
21302,93,2020-03-27,160,18,14,25
21303,93,2020-03-28,99,21,18,62
21304,93,2020-03-29,114,4,13,13
21305,93,2020-03-30,138,20,11,22
21306,93,2020-03-31,219,34,38,88
21307,93,2020-04-01,278,45,26,47
21308,93,2020-04-02,131,17,21,42
21309,93,2020-04-03,167,26,35,54
21310,93,2020-04-04,146,12,23,56
21311,93,2020-04-05,66,11,22,14
21312,93,2020-04-06,154,18,12,58
21313,93,2020-04-07,215,36,72,65
21314,93,2020-04-08,183,19,34,91
21315,93,2020-04-09,256,17,44,116
21316,93,2020-04-10,182,26,34,100
21317,93,2020-04-11,124,10,14,73
21318,93,2020-04-12,94,9,10,55
21319,93,2020-04-13,61,16,24,45
21320,93,2020-04-14,127,15,34,87
21321,93,2020-04-15,126,24,29,108
21322,93,2020-04-16,122,25,25,96
21323,93,2020-04-17,183,10,46,127
21324,93,2020-04-18,93,14,26,43
21325,93,2020-04-19,45,7,12,40
21326,93,2020-04-20,86,10,12,67
21327,93,2020-04-21,82,8,13,72
21328,93,2020-04-22,104,12,18,77
21329,93,2020-04-23,90,4,18,70
21330,93,2020-04-24,60,4,17,69
21331,93,2020-04-25,31,3,7,62
21332,93,2020-04-26,28,2,5,24
21333,93,2020-04-27,97,9,21,44
21334,93,2020-04-28,79,16,20,96
21335,93,2020-04-29,42,8,12,46
21336,93,2020-04-30,21,4,5,39
21337,93,2020-05-01,24,4,8,19
21338,93,2020-05-02,15,2,1,22
21339,93,2020-05-03,11,3,2,12
21340,93,2020-05-04,36,4,10,24
21341,93,2020-05-05,44,3,7,59
21342,93,2020-05-06,81,4,8,80
21343,93,2020-05-07,55,6,9,84
21344,93,2020-05-08,24,2,3,22
21345,93,2020-05-09,17,3,4,23
21346,93,2020-05-10,17,3,2,29
21347,93,2020-05-11,36,4,6,65
21348,93,2020-05-12,59,10,14,98
21349,93,2020-05-13,39,1,3,68
21350,93,2020-05-14,16,3,2,39
21351,93,2020-05-15,18,7,3,42
21352,93,2020-05-16,19,3,2,41
21353,93,2020-05-17,1,0,3,10
21354,93,2020-05-18,18,1,5,40
21355,93,2020-05-19,30,5,6,32
21356,93,2020-05-20,41,2,2,40
21357,93,2020-05-21,14,5,2,7
21358,93,2020-05-22,8,2,2,14
21359,93,2020-05-23,5,3,2,11
21360,93,2020-05-24,4,2,1,1
21361,93,2020-05-25,14,1,2,16
21362,93,2020-05-26,15,1,2,35
21363,93,2020-05-27,10,1,2,28
21364,93,2020-05-28,16,0,1,39
21365,93,2020-05-29,4,0,2,56
21366,93,2020-05-30,6,0,0,20
21367,93,2020-05-31,0,0,0,2
21368,93,2020-06-01,10,3,0,1
21369,93,2020-06-02,13,2,6,18
21370,93,2020-06-03,13,5,3,28
21371,93,2020-06-04,11,1,1,30
21372,93,2020-06-05,7,0,4,31
21373,93,2020-06-06,2,1,2,9
21374,93,2020-06-07,4,0,0,3
21375,93,2020-06-08,5,2,1,10
21376,93,2020-06-09,11,1,2,17
21377,93,2020-06-10,4,1,1,9
21378,93,2020-06-11,4,1,1,20
21379,93,2020-06-12,16,1,0,42
21380,93,2020-06-13,1,0,1,12
21381,93,2020-06-14,2,1,1,2
21382,93,2020-06-15,11,1,2,10
21383,93,2020-06-16,4,0,3,18
21384,93,2020-06-17,3,0,1,6
21385,93,2020-06-18,11,1,1,19
21386,93,2020-06-19,3,0,0,9
21387,93,2020-06-20,13,1,1,3
21388,93,2020-06-21,3,0,0,0
21389,93,2020-06-22,8,0,2,44
21390,93,2020-06-23,6,0,1,9
21391,93,2020-06-24,7,1,0,20
21392,93,2020-06-25,6,0,1,7
21393,93,2020-06-26,3,2,0,5
21394,93,2020-06-27,4,0,0,2
21395,93,2020-06-28,0,0,0,0
21396,93,2020-06-29,5,1,1,5
21397,93,2020-06-30,5,0,3,13
21398,93,2020-07-01,8,4,1,28
21399,93,2020-07-02,1,0,0,5
21400,93,2020-07-03,2,1,1,12
21401,93,2020-07-04,2,0,2,4
21402,93,2020-07-05,1,1,0,2
21403,93,2020-07-06,13,1,1,4
21404,93,2020-07-07,4,1,1,10
21405,93,2020-07-08,2,1,3,21
21406,93,2020-07-09,7,1,1,12
21407,93,2020-07-10,10,0,1,13
21408,93,2020-07-11,2,0,0,4
21409,93,2020-07-12,0,0,0,0
21410,93,2020-07-13,1,1,2,9
21411,93,2020-07-14,3,3,1,10
21412,93,2020-07-15,2,1,1,8
21413,93,2020-07-16,1,1,0,1
21414,93,2020-07-17,7,1,0,5
21415,93,2020-07-18,4,0,0,2
21416,93,2020-07-19,0,0,0,0
21417,93,2020-07-20,7,0,2,9
21418,93,2020-07-21,6,0,2,16
21419,93,2020-07-22,6,1,0,4
21420,93,2020-07-23,4,0,0,10
21421,93,2020-07-24,8,0,0,26
21422,93,2020-07-25,0,0,0,2
21423,93,2020-07-26,1,0,0,0
21424,93,2020-07-27,2,2,0,2
21425,93,2020-07-28,11,1,2,21
21426,93,2020-07-29,8,2,4,44
21427,93,2020-07-30,3,0,3,14
21428,93,2020-07-31,4,1,1,10
21429,93,2020-08-01,4,0,0,3
21430,93,2020-08-02,3,0,0,0
21431,93,2020-08-03,8,0,0,0
21432,93,2020-08-04,8,0,0,12
21433,93,2020-08-05,4,1,0,5
21434,93,2020-08-06,9,1,0,10
21435,93,2020-08-07,9,3,1,10
21436,93,2020-08-08,3,1,0,4
21437,93,2020-08-09,1,0,0,0
21438,93,2020-08-10,3,1,0,8
21439,93,2020-08-11,13,1,0,22
21440,93,2020-08-12,4,0,1,5
21441,93,2020-08-13,13,2,1,14
21442,93,2020-08-14,7,0,0,1
21443,93,2020-08-15,1,0,0,3
21444,93,2020-08-16,1,0,0,0
21445,93,2020-08-17,16,1,0,23
21446,93,2020-08-18,5,2,0,4
21447,93,2020-08-19,4,1,2,4
21448,93,2020-08-20,4,0,0,10
21449,93,2020-08-21,12,0,3,16
21450,93,2020-08-22,2,0,0,2
21451,93,2020-08-23,0,0,0,0
21452,93,2020-08-24,8,1,0,14
21453,93,2020-08-25,8,1,1,34
21454,93,2020-08-26,5,1,0,16
21455,93,2020-08-27,14,4,0,13
21456,93,2020-08-28,7,1,0,7
21457,93,2020-08-29,6,2,0,4
21458,93,2020-08-30,0,0,1,2
21459,93,2020-08-31,9,1,0,6
21460,93,2020-09-01,9,2,0,6
21461,93,2020-09-02,8,3,0,12
21462,93,2020-09-03,21,2,2,28
21463,93,2020-09-04,7,5,1,6
21464,93,2020-09-05,9,3,0,6
21465,93,2020-09-06,0,0,0,0
21466,93,2020-09-07,8,2,1,10
21467,93,2020-09-08,27,6,2,22
21468,93,2020-09-09,11,4,2,6
21469,93,2020-09-10,18,5,1,5
21470,93,2020-09-11,28,4,2,16
21471,93,2020-09-12,29,7,2,10
21472,93,2020-09-13,3,1,0,2
21473,93,2020-09-14,14,7,2,8
21474,93,2020-09-15,10,2,1,6
21475,93,2020-09-16,32,10,1,28
21476,93,2020-09-17,29,3,2,45
21477,93,2020-09-18,33,6,3,47
21478,93,2020-09-19,13,1,1,20
21479,93,2020-09-20,4,1,1,39
21480,93,2020-09-21,29,6,0,44
21481,93,2020-09-22,37,5,1,17
21482,93,2020-09-23,56,12,5,39
21483,93,2020-09-24,16,3,3,16
21484,93,2020-09-25,50,13,2,21
21485,93,2020-09-26,12,4,0,9
21486,93,2020-09-27,9,1,4,2
21487,93,2020-09-28,29,8,7,20
21488,93,2020-09-29,32,6,2,34
21489,93,2020-09-30,31,4,1,26
21490,93,2020-10-01,42,7,2,24
21491,93,2020-10-02,32,4,2,24
21492,93,2020-10-03,12,3,1,25
21493,93,2020-10-04,8,1,0,2
21494,93,2020-10-05,51,9,3,21
21495,93,2020-10-06,45,6,2,35
21496,93,2020-10-07,44,7,8,25
21497,93,2020-10-08,28,8,6,23
21498,93,2020-10-09,44,5,2,23
21499,93,2020-10-10,7,2,2,4
21500,93,2020-10-11,28,1,1,9
21501,93,2020-10-12,37,12,2,33
21502,93,2020-10-13,61,19,3,76
21503,93,2020-10-14,33,5,0,30
21504,93,2020-10-15,45,9,4,62
21505,93,2020-10-16,53,7,5,33
21506,93,2020-10-17,36,6,4,16
21507,93,2020-10-18,30,3,5,12
21508,93,2020-10-19,57,9,2,48
21509,93,2020-10-20,43,7,5,29
21510,93,2020-10-21,45,7,6,27
21511,93,2020-10-22,84,15,12,35
21512,93,2020-10-23,72,8,10,54
21513,93,2020-10-24,26,7,2,23
21514,93,2020-10-25,70,7,2,7
21515,93,2020-10-26,53,13,8,32
21516,93,2020-10-27,81,10,10,69
21517,93,2020-10-28,93,12,5,55
21518,93,2020-10-29,73,12,8,32
21519,93,2020-10-30,52,13,8,43
21520,93,2020-10-31,43,4,3,19
21521,93,2020-11-01,32,0,1,10
21522,93,2020-11-02,41,10,9,31
21523,93,2020-11-03,95,11,4,43
21524,93,2020-11-04,120,18,9,61
21525,93,2020-11-05,42,15,3,34
21526,93,2020-11-06,65,10,3,75
21527,93,2020-11-07,52,12,9,25
21528,94,2020-03-19,113,17,6,35
21529,94,2020-03-20,67,14,1,17
21530,94,2020-03-21,57,6,0,12
21531,94,2020-03-22,75,18,6,15
21532,94,2020-03-23,104,24,6,18
21533,94,2020-03-24,122,30,3,19
21534,94,2020-03-25,144,36,7,33
21535,94,2020-03-26,159,15,18,30
21536,94,2020-03-27,158,12,17,30
21537,94,2020-03-28,177,26,15,46
21538,94,2020-03-29,122,13,17,19
21539,94,2020-03-30,114,14,3,28
21540,94,2020-03-31,258,27,46,68
21541,94,2020-04-01,319,56,39,82
21542,94,2020-04-02,207,33,27,54
21543,94,2020-04-03,272,46,38,86
21544,94,2020-04-04,164,22,32,78
21545,94,2020-04-05,128,19,22,25
21546,94,2020-04-06,187,23,49,34
21547,94,2020-04-07,295,43,49,93
21548,94,2020-04-08,250,45,54,91
21549,94,2020-04-09,174,22,21,74
21550,94,2020-04-10,203,22,37,79
21551,94,2020-04-11,122,14,14,48
21552,94,2020-04-12,86,23,19,54
21553,94,2020-04-13,87,20,32,27
21554,94,2020-04-14,84,36,36,39
21555,94,2020-04-15,193,21,35,116
21556,94,2020-04-16,124,25,41,109
21557,94,2020-04-17,90,19,20,73
21558,94,2020-04-18,80,18,22,76
21559,94,2020-04-19,24,9,10,11
21560,94,2020-04-20,85,14,33,45
21561,94,2020-04-21,127,11,30,86
21562,94,2020-04-22,97,11,25,180
21563,94,2020-04-23,95,14,10,94
21564,94,2020-04-24,72,4,22,136
21565,94,2020-04-25,71,17,14,79
21566,94,2020-04-26,26,2,11,9
21567,94,2020-04-27,28,4,22,27
21568,94,2020-04-28,64,4,19,100
21569,94,2020-04-29,60,4,12,51
21570,94,2020-04-30,39,2,13,71
21571,94,2020-05-01,34,4,8,23
21572,94,2020-05-02,20,8,6,24
21573,94,2020-05-03,15,5,3,23
21574,94,2020-05-04,33,5,10,69
21575,94,2020-05-05,81,3,11,122
21576,94,2020-05-06,64,10,11,91
21577,94,2020-05-07,40,4,6,92
21578,94,2020-05-08,23,2,10,28
21579,94,2020-05-09,7,0,4,6
21580,94,2020-05-10,11,0,3,12
21581,94,2020-05-11,25,4,8,59
21582,94,2020-05-12,18,2,19,92
21583,94,2020-05-13,34,3,8,30
21584,94,2020-05-14,21,2,6,50
21585,94,2020-05-15,17,2,2,36
21586,94,2020-05-16,16,1,2,28
21587,94,2020-05-17,9,1,4,5
21588,94,2020-05-18,12,1,6,49
21589,94,2020-05-19,24,3,10,50
21590,94,2020-05-20,30,0,10,22
21591,94,2020-05-21,28,0,4,18
21592,94,2020-05-22,4,1,2,9
21593,94,2020-05-23,2,1,0,10
21594,94,2020-05-24,6,3,3,1
21595,94,2020-05-25,21,1,2,44
21596,94,2020-05-26,17,3,6,36
21597,94,2020-05-27,18,3,5,19
21598,94,2020-05-28,17,1,3,10
21599,94,2020-05-29,5,2,3,12
21600,94,2020-05-30,15,0,24,64
21601,94,2020-05-31,1,0,11,9
21602,94,2020-06-01,3,0,2,21
21603,94,2020-06-02,7,0,1,7
21604,94,2020-06-03,10,0,13,88
21605,94,2020-06-04,16,1,4,28
21606,94,2020-06-05,4,0,1,14
21607,94,2020-06-06,14,1,5,73
21608,94,2020-06-07,0,0,2,5
21609,94,2020-06-08,4,1,1,6
21610,94,2020-06-09,9,0,10,32
21611,94,2020-06-10,2,0,1,7
21612,94,2020-06-11,8,2,1,17
21613,94,2020-06-12,1,0,0,18
21614,94,2020-06-13,0,0,3,17
21615,94,2020-06-14,0,0,0,0
21616,94,2020-06-15,4,0,1,34
21617,94,2020-06-16,5,0,4,31
21618,94,2020-06-17,5,1,1,3
21619,94,2020-06-18,5,0,0,5
21620,94,2020-06-19,13,0,0,29
21621,94,2020-06-20,4,0,5,30
21622,94,2020-06-21,1,0,0,3
21623,94,2020-06-22,19,0,0,8
21624,94,2020-06-23,2,1,2,12
21625,94,2020-06-24,1,0,0,6
21626,94,2020-06-25,16,2,2,37
21627,94,2020-06-26,3,1,1,4
21628,94,2020-06-27,0,0,1,1
21629,94,2020-06-28,0,0,0,0
21630,94,2020-06-29,2,1,0,2
21631,94,2020-06-30,8,0,1,19
21632,94,2020-07-01,0,0,0,7
21633,94,2020-07-02,3,1,0,3
21634,94,2020-07-03,1,0,0,2
21635,94,2020-07-04,0,0,0,2
21636,94,2020-07-05,0,0,0,0
21637,94,2020-07-06,2,0,0,3
21638,94,2020-07-07,4,0,1,10
21639,94,2020-07-08,2,0,3,36
21640,94,2020-07-09,6,1,3,24
21641,94,2020-07-10,3,0,0,4
21642,94,2020-07-11,0,0,0,1
21643,94,2020-07-12,0,0,0,0
21644,94,2020-07-13,0,0,0,0
21645,94,2020-07-14,1,0,0,1
21646,94,2020-07-15,3,0,2,13
21647,94,2020-07-16,22,1,2,30
21648,94,2020-07-17,7,1,0,12
21649,94,2020-07-18,0,0,0,6
21650,94,2020-07-19,0,0,0,0
21651,94,2020-07-20,3,0,0,8
21652,94,2020-07-21,4,1,1,3
21653,94,2020-07-22,4,0,0,11
21654,94,2020-07-23,12,0,0,165
21655,94,2020-07-24,11,2,0,23
21656,94,2020-07-25,5,1,2,7
21657,94,2020-07-26,0,0,0,0
21658,94,2020-07-27,9,1,0,11
21659,94,2020-07-28,7,0,2,11
21660,94,2020-07-29,3,0,1,3
21661,94,2020-07-30,10,0,0,5
21662,94,2020-07-31,12,2,0,4
21663,94,2020-08-01,0,0,0,2
21664,94,2020-08-02,0,0,0,0
21665,94,2020-08-03,1,0,2,5
21666,94,2020-08-04,12,0,1,9
21667,94,2020-08-05,8,2,0,3
21668,94,2020-08-06,12,4,0,4
21669,94,2020-08-07,3,1,4,6
21670,94,2020-08-08,3,1,0,1
21671,94,2020-08-09,0,0,0,0
21672,94,2020-08-10,4,0,0,0
21673,94,2020-08-11,12,2,0,7
21674,94,2020-08-12,4,1,1,1
21675,94,2020-08-13,4,1,0,9
21676,94,2020-08-14,11,3,0,5
21677,94,2020-08-15,1,0,0,1
21678,94,2020-08-16,0,0,0,0
21679,94,2020-08-17,10,5,1,14
21680,94,2020-08-18,4,1,1,6
21681,94,2020-08-19,5,0,1,1
21682,94,2020-08-20,6,4,1,8
21683,94,2020-08-21,18,1,4,16
21684,94,2020-08-22,8,1,1,6
21685,94,2020-08-23,0,0,0,0
21686,94,2020-08-24,14,2,0,19
21687,94,2020-08-25,13,3,0,21
21688,94,2020-08-26,19,0,1,17
21689,94,2020-08-27,5,3,1,6
21690,94,2020-08-28,9,3,1,10
21691,94,2020-08-29,2,2,0,2
21692,94,2020-08-30,1,0,0,0
21693,94,2020-08-31,3,1,1,5
21694,94,2020-09-01,9,1,1,8
21695,94,2020-09-02,19,2,2,13
21696,94,2020-09-03,10,2,0,4
21697,94,2020-09-04,4,1,3,8
21698,94,2020-09-05,3,0,1,1
21699,94,2020-09-06,0,0,0,0
21700,94,2020-09-07,11,3,1,6
21701,94,2020-09-08,5,1,3,3
21702,94,2020-09-09,9,0,2,12
21703,94,2020-09-10,9,0,2,12
21704,94,2020-09-11,15,2,0,4
21705,94,2020-09-12,6,1,1,6
21706,94,2020-09-13,4,0,0,0
21707,94,2020-09-14,12,2,1,5
21708,94,2020-09-15,20,4,3,28
21709,94,2020-09-16,34,4,0,42
21710,94,2020-09-17,37,3,0,15
21711,94,2020-09-18,24,3,2,21
21712,94,2020-09-19,24,2,0,17
21713,94,2020-09-20,1,0,0,48
21714,94,2020-09-21,29,5,2,23
21715,94,2020-09-22,43,7,2,15
21716,94,2020-09-23,26,8,3,29
21717,94,2020-09-24,21,3,3,17
21718,94,2020-09-25,35,6,0,22
21719,94,2020-09-26,12,5,0,13
21720,94,2020-09-27,4,0,0,12
21721,94,2020-09-28,22,8,5,7
21722,94,2020-09-29,34,5,1,26
21723,94,2020-09-30,34,5,4,32
21724,94,2020-10-01,23,7,1,13
21725,94,2020-10-02,46,6,0,26
21726,94,2020-10-03,22,10,1,21
21727,94,2020-10-04,7,4,0,4
21728,94,2020-10-05,18,6,4,16
21729,94,2020-10-06,40,9,3,34
21730,94,2020-10-07,39,5,2,19
21731,94,2020-10-08,40,5,3,20
21732,94,2020-10-09,38,8,4,19
21733,94,2020-10-10,27,6,2,12
21734,94,2020-10-11,19,4,3,9
21735,94,2020-10-12,42,6,7,12
21736,94,2020-10-13,40,6,3,49
21737,94,2020-10-14,50,14,6,70
21738,94,2020-10-15,43,5,3,23
21739,94,2020-10-16,52,6,1,24
21740,94,2020-10-17,42,10,1,21
21741,94,2020-10-18,12,3,1,5
21742,94,2020-10-19,47,10,6,12
21743,94,2020-10-20,84,14,9,33
21744,94,2020-10-21,50,7,6,32
21745,94,2020-10-22,79,7,7,32
21746,94,2020-10-23,81,13,6,37
21747,94,2020-10-24,49,12,9,39
21748,94,2020-10-25,38,2,3,4
21749,94,2020-10-26,67,11,6,22
21750,94,2020-10-27,89,15,8,54
21751,94,2020-10-28,70,9,2,40
21752,94,2020-10-29,76,6,10,37
21753,94,2020-10-30,53,6,4,27
21754,94,2020-10-31,69,17,9,42
21755,94,2020-11-01,19,5,3,7
21756,94,2020-11-02,81,8,11,36
21757,94,2020-11-03,141,20,11,69
21758,94,2020-11-04,79,17,17,55
21759,94,2020-11-05,96,19,15,41
21760,94,2020-11-06,74,6,10,52
21761,94,2020-11-07,55,12,5,36
21762,95,2020-03-19,80,8,4,15
21763,95,2020-03-20,60,12,4,21
21764,95,2020-03-21,74,10,4,18
21765,95,2020-03-22,87,12,7,9
21766,95,2020-03-23,72,15,9,13
21767,95,2020-03-24,63,23,10,35
21768,95,2020-03-25,102,16,13,30
21769,95,2020-03-26,106,9,15,29
21770,95,2020-03-27,134,13,14,63
21771,95,2020-03-28,78,10,12,30
21772,95,2020-03-29,114,15,21,51
21773,95,2020-03-30,117,14,14,37
21774,95,2020-03-31,145,22,16,44
21775,95,2020-04-01,120,10,13,71
21776,95,2020-04-02,146,19,18,55
21777,95,2020-04-03,134,16,26,60
21778,95,2020-04-04,91,14,14,52
21779,95,2020-04-05,40,8,5,27
21780,95,2020-04-06,129,13,42,63
21781,95,2020-04-07,105,17,24,43
21782,95,2020-04-08,113,12,25,69
21783,95,2020-04-09,127,32,16,56
21784,95,2020-04-10,83,10,30,91
21785,95,2020-04-11,89,14,11,60
21786,95,2020-04-12,35,11,11,20
21787,95,2020-04-13,40,3,10,26
21788,95,2020-04-14,79,8,12,33
21789,95,2020-04-15,67,7,11,69
21790,95,2020-04-16,101,5,17,83
21791,95,2020-04-17,62,3,11,63
21792,95,2020-04-18,50,6,17,46
21793,95,2020-04-19,30,4,13,15
21794,95,2020-04-20,50,4,14,23
21795,95,2020-04-21,45,4,9,48
21796,95,2020-04-22,77,4,10,34
21797,95,2020-04-23,57,3,15,40
21798,95,2020-04-24,43,5,15,41
21799,95,2020-04-25,26,4,6,33
21800,95,2020-04-26,11,1,5,10
21801,95,2020-04-27,18,1,8,13
21802,95,2020-04-28,46,4,18,27
21803,95,2020-04-29,21,0,10,37
21804,95,2020-04-30,17,0,5,33
21805,95,2020-05-01,22,1,6,28
21806,95,2020-05-02,5,0,5,5
21807,95,2020-05-03,5,0,1,6
21808,95,2020-05-04,32,4,12,20
21809,95,2020-05-05,26,1,7,32
21810,95,2020-05-06,22,1,3,46
21811,95,2020-05-07,14,3,2,30
21812,95,2020-05-08,15,3,7,16
21813,95,2020-05-09,7,0,0,3
21814,95,2020-05-10,10,1,5,11
21815,95,2020-05-11,4,1,2,9
21816,95,2020-05-12,15,2,6,36
21817,95,2020-05-13,14,6,7,34
21818,95,2020-05-14,17,1,4,17
21819,95,2020-05-15,8,1,2,19
21820,95,2020-05-16,13,1,5,35
21821,95,2020-05-17,2,0,3,6
21822,95,2020-05-18,6,1,5,9
21823,95,2020-05-19,22,2,5,48
21824,95,2020-05-20,13,3,0,33
21825,95,2020-05-21,4,0,2,28
21826,95,2020-05-22,17,1,6,13
21827,95,2020-05-23,4,0,0,17
21828,95,2020-05-24,6,1,0,4
21829,95,2020-05-25,16,1,1,31
21830,95,2020-05-26,4,1,7,23
21831,95,2020-05-27,3,1,4,10
21832,95,2020-05-28,4,0,1,12
21833,95,2020-05-29,19,2,0,24
21834,95,2020-05-30,5,0,3,9
21835,95,2020-05-31,0,0,0,3
21836,95,2020-06-01,8,0,1,5
21837,95,2020-06-02,1,0,4,10
21838,95,2020-06-03,7,0,1,7
21839,95,2020-06-04,3,0,0,11
21840,95,2020-06-05,2,1,1,17
21841,95,2020-06-06,3,0,0,10
21842,95,2020-06-07,0,0,0,0
21843,95,2020-06-08,6,0,2,10
21844,95,2020-06-09,9,0,1,15
21845,95,2020-06-10,1,0,0,12
21846,95,2020-06-11,1,0,0,7
21847,95,2020-06-12,0,0,4,18
21848,95,2020-06-13,2,0,0,9
21849,95,2020-06-14,0,0,0,3
21850,95,2020-06-15,5,0,4,5
21851,95,2020-06-16,1,0,3,4
21852,95,2020-06-17,0,0,0,8
21853,95,2020-06-18,3,0,0,11
21854,95,2020-06-19,2,0,0,7
21855,95,2020-06-20,1,0,0,26
21856,95,2020-06-21,0,0,0,0
21857,95,2020-06-22,2,0,0,4
21858,95,2020-06-23,4,0,4,14
21859,95,2020-06-24,2,0,0,0
21860,95,2020-06-25,2,0,1,2
21861,95,2020-06-26,2,1,1,24
21862,95,2020-06-27,0,0,0,1
21863,95,2020-06-28,1,0,0,0
21864,95,2020-06-29,4,1,1,16
21865,95,2020-06-30,0,0,0,3
21866,95,2020-07-01,0,0,0,5
21867,95,2020-07-02,1,0,0,22
21868,95,2020-07-03,2,0,1,6
21869,95,2020-07-04,1,0,2,7
21870,95,2020-07-05,0,0,0,0
21871,95,2020-07-06,4,1,1,2
21872,95,2020-07-07,2,0,2,5
21873,95,2020-07-08,0,0,0,3
21874,95,2020-07-09,1,0,0,1
21875,95,2020-07-10,2,0,0,9
21876,95,2020-07-11,1,0,0,2
21877,95,2020-07-12,0,0,0,0
21878,95,2020-07-13,1,1,0,1
21879,95,2020-07-14,0,0,0,0
21880,95,2020-07-15,5,1,0,0
21881,95,2020-07-16,0,0,0,3
21882,95,2020-07-17,5,1,0,16
21883,95,2020-07-18,1,0,0,2
21884,95,2020-07-19,0,0,0,0
21885,95,2020-07-20,3,2,0,2
21886,95,2020-07-21,1,1,0,7
21887,95,2020-07-22,3,0,0,0
21888,95,2020-07-23,3,0,0,5
21889,95,2020-07-24,4,0,0,3
21890,95,2020-07-25,8,0,0,4
21891,95,2020-07-26,0,0,0,9
21892,95,2020-07-27,2,0,0,2
21893,95,2020-07-28,14,2,0,8
21894,95,2020-07-29,3,0,0,3
21895,95,2020-07-30,0,0,0,1
21896,95,2020-07-31,5,0,0,18
21897,95,2020-08-01,5,1,1,1
21898,95,2020-08-02,0,0,0,3
21899,95,2020-08-03,4,0,5,20
21900,95,2020-08-04,13,3,1,6
21901,95,2020-08-05,3,0,1,4
21902,95,2020-08-06,3,0,0,2
21903,95,2020-08-07,4,0,0,3
21904,95,2020-08-08,3,0,0,3
21905,95,2020-08-09,0,0,0,0
21906,95,2020-08-10,6,0,2,7
21907,95,2020-08-11,2,0,0,1
21908,95,2020-08-12,0,0,1,2
21909,95,2020-08-13,6,0,0,6
21910,95,2020-08-14,9,0,1,4
21911,95,2020-08-15,2,2,0,2
21912,95,2020-08-16,0,0,0,2
21913,95,2020-08-17,6,0,1,6
21914,95,2020-08-18,8,1,0,2
21915,95,2020-08-19,3,0,1,4
21916,95,2020-08-20,4,1,0,4
21917,95,2020-08-21,2,0,1,6
21918,95,2020-08-22,5,0,0,4
21919,95,2020-08-23,1,0,1,2
21920,95,2020-08-24,8,2,0,9
21921,95,2020-08-25,1,1,0,2
21922,95,2020-08-26,4,1,1,4
21923,95,2020-08-27,2,1,0,4
21924,95,2020-08-28,2,0,0,1
21925,95,2020-08-29,4,1,0,7
21926,95,2020-08-30,0,0,0,0
21927,95,2020-08-31,2,0,2,3
21928,95,2020-09-01,10,2,1,6
21929,95,2020-09-02,1,0,1,2
21930,95,2020-09-03,6,2,3,7
21931,95,2020-09-04,4,0,0,2
21932,95,2020-09-05,1,1,0,6
21933,95,2020-09-06,0,0,0,0
21934,95,2020-09-07,10,1,0,5
21935,95,2020-09-08,9,0,0,6
21936,95,2020-09-09,8,0,0,5
21937,95,2020-09-10,5,0,0,5
21938,95,2020-09-11,4,2,0,5
21939,95,2020-09-12,5,0,0,1
21940,95,2020-09-13,1,1,0,2
21941,95,2020-09-14,8,1,1,5
21942,95,2020-09-15,17,4,1,5
21943,95,2020-09-16,76,0,19,49
21944,95,2020-09-17,11,1,0,20
21945,95,2020-09-18,12,2,1,18
21946,95,2020-09-19,25,0,0,133
21947,95,2020-09-20,0,0,0,12
21948,95,2020-09-21,12,1,3,19
21949,95,2020-09-22,33,5,1,19
21950,95,2020-09-23,16,4,2,6
21951,95,2020-09-24,2,0,0,10
21952,95,2020-09-25,20,4,2,7
21953,95,2020-09-26,33,2,1,4
21954,95,2020-09-27,9,3,3,6
21955,95,2020-09-28,17,3,0,4
21956,95,2020-09-29,20,5,1,13
21957,95,2020-09-30,16,2,1,13
21958,95,2020-10-01,17,2,2,13
21959,95,2020-10-02,16,5,2,13
21960,95,2020-10-03,6,2,2,10
21961,95,2020-10-04,11,1,0,6
21962,95,2020-10-05,17,3,2,8
21963,95,2020-10-06,30,4,1,12
21964,95,2020-10-07,21,4,3,11
21965,95,2020-10-08,16,2,3,10
21966,95,2020-10-09,15,3,2,11
21967,95,2020-10-10,7,1,1,12
21968,95,2020-10-11,4,0,0,3
21969,95,2020-10-12,17,4,2,8
21970,95,2020-10-13,43,1,2,32
21971,95,2020-10-14,29,2,3,31
21972,95,2020-10-15,33,3,8,19
21973,95,2020-10-16,27,3,3,24
21974,95,2020-10-17,19,3,3,11
21975,95,2020-10-18,19,3,4,3
21976,95,2020-10-19,21,2,2,12
21977,95,2020-10-20,40,5,2,22
21978,95,2020-10-21,26,4,1,11
21979,95,2020-10-22,47,7,9,18
21980,95,2020-10-23,51,5,8,22
21981,95,2020-10-24,31,4,4,33
21982,95,2020-10-25,19,3,1,7
21983,95,2020-10-26,56,1,7,16
21984,95,2020-10-27,58,4,4,23
21985,95,2020-10-28,77,7,6,29
21986,95,2020-10-29,59,0,6,32
21987,95,2020-10-30,44,4,2,36
21988,95,2020-10-31,69,6,8,25
21989,95,2020-11-01,40,8,6,25
21990,95,2020-11-02,28,7,6,19
21991,95,2020-11-03,63,4,8,32
21992,95,2020-11-04,35,5,8,24
21993,95,2020-11-05,76,5,9,51
21994,95,2020-11-06,41,5,7,35
21995,95,2020-11-07,53,2,7,56
21996,2A,2020-03-19,59,11,1,9
21997,2A,2020-03-20,8,0,2,1
21998,2A,2020-03-21,4,0,1,3
21999,2A,2020-03-22,7,2,2,1
22000,2A,2020-03-23,8,2,1,1
22001,2A,2020-03-24,8,0,0,4
22002,2A,2020-03-25,21,0,7,3
22003,2A,2020-03-26,18,4,3,2
22004,2A,2020-03-27,10,0,0,2
22005,2A,2020-03-28,9,6,0,2
22006,2A,2020-03-29,15,4,0,6
22007,2A,2020-03-30,14,1,0,12
22008,2A,2020-03-31,3,2,1,4
22009,2A,2020-04-01,3,3,1,0
22010,2A,2020-04-02,6,1,2,2
22011,2A,2020-04-03,3,1,3,2
22012,2A,2020-04-04,7,1,0,0
22013,2A,2020-04-05,0,0,0,2
22014,2A,2020-04-06,1,1,3,0
22015,2A,2020-04-07,5,3,2,0
22016,2A,2020-04-08,4,3,0,1
22017,2A,2020-04-09,1,1,2,2
22018,2A,2020-04-10,0,0,1,4
22019,2A,2020-04-11,1,0,1,2
22020,2A,2020-04-12,3,1,0,2
22021,2A,2020-04-13,3,1,2,0
22022,2A,2020-04-14,2,1,0,2
22023,2A,2020-04-15,1,0,1,2
22024,2A,2020-04-16,0,0,0,1
22025,2A,2020-04-17,2,1,1,0
22026,2A,2020-04-18,2,0,0,8
22027,2A,2020-04-19,4,0,2,2
22028,2A,2020-04-20,0,1,2,0
22029,2A,2020-04-21,1,0,0,4
22030,2A,2020-04-22,3,0,0,5
22031,2A,2020-04-23,1,0,0,4
22032,2A,2020-04-24,4,0,0,2
22033,2A,2020-04-25,0,0,1,3
22034,2A,2020-04-26,0,0,0,0
22035,2A,2020-04-27,0,0,0,0
22036,2A,2020-04-28,1,0,0,5
22037,2A,2020-04-29,1,0,0,5
22038,2A,2020-04-30,2,0,0,3
22039,2A,2020-05-01,3,0,0,1
22040,2A,2020-05-02,0,0,0,0
22041,2A,2020-05-03,0,0,1,0
22042,2A,2020-05-04,0,0,0,0
22043,2A,2020-05-05,0,0,0,0
22044,2A,2020-05-06,0,0,1,1
22045,2A,2020-05-07,0,0,0,0
22046,2A,2020-05-08,0,0,0,2
22047,2A,2020-05-09,1,0,0,0
22048,2A,2020-05-10,0,0,0,0
22049,2A,2020-05-11,1,0,0,0
22050,2A,2020-05-12,0,0,0,5
22051,2A,2020-05-13,0,0,1,0
22052,2A,2020-05-14,0,0,0,1
22053,2A,2020-05-15,0,0,2,2
22054,2A,2020-05-16,0,0,0,0
22055,2A,2020-05-17,0,0,0,0
22056,2A,2020-05-18,0,0,0,2
22057,2A,2020-05-19,0,0,0,2
22058,2A,2020-05-20,0,0,0,3
22059,2A,2020-05-21,0,0,0,0
22060,2A,2020-05-22,0,0,0,0
22061,2A,2020-05-23,0,0,0,0
22062,2A,2020-05-24,0,0,1,0
22063,2A,2020-05-25,0,0,0,0
22064,2A,2020-05-26,1,1,0,0
22065,2A,2020-05-27,0,0,0,6
22066,2A,2020-05-28,0,0,0,1
22067,2A,2020-05-29,1,0,0,0
22068,2A,2020-05-30,0,0,0,0
22069,2A,2020-05-31,0,0,0,0
22070,2A,2020-06-01,0,0,0,0
22071,2A,2020-06-02,0,0,0,0
22072,2A,2020-06-03,0,0,0,1
22073,2A,2020-06-04,0,0,0,3
22074,2A,2020-06-05,0,0,0,0
22075,2A,2020-06-06,0,0,0,0
22076,2A,2020-06-07,0,0,0,0
22077,2A,2020-06-08,2,0,0,0
22078,2A,2020-06-09,0,0,0,0
22079,2A,2020-06-10,0,0,0,1
22080,2A,2020-06-11,0,0,0,0
22081,2A,2020-06-12,0,0,0,2
22082,2A,2020-06-13,0,0,0,4
22083,2A,2020-06-14,0,0,0,0
22084,2A,2020-06-15,0,0,0,1
22085,2A,2020-06-16,0,0,0,0
22086,2A,2020-06-17,0,0,0,0
22087,2A,2020-06-18,0,0,0,0
22088,2A,2020-06-19,0,0,0,0
22089,2A,2020-06-20,0,0,0,0
22090,2A,2020-06-21,0,0,0,0
22091,2A,2020-06-22,0,0,0,0
22092,2A,2020-06-23,0,0,0,2
22093,2A,2020-06-24,0,0,0,0
22094,2A,2020-06-25,0,0,0,0
22095,2A,2020-06-26,0,0,0,0
22096,2A,2020-06-27,0,0,0,0
22097,2A,2020-06-28,0,0,0,0
22098,2A,2020-06-29,0,0,0,0
22099,2A,2020-06-30,0,0,0,0
22100,2A,2020-07-01,0,0,0,0
22101,2A,2020-07-02,0,0,0,0
22102,2A,2020-07-03,1,0,0,0
22103,2A,2020-07-04,0,0,0,2
22104,2A,2020-07-05,0,0,0,0
22105,2A,2020-07-06,0,0,0,1
22106,2A,2020-07-07,0,0,0,0
22107,2A,2020-07-08,0,0,0,0
22108,2A,2020-07-09,0,0,0,0
22109,2A,2020-07-10,0,0,0,0
22110,2A,2020-07-11,0,0,0,0
22111,2A,2020-07-12,0,0,0,0
22112,2A,2020-07-13,0,0,0,0
22113,2A,2020-07-14,0,0,0,0
22114,2A,2020-07-15,0,0,0,0
22115,2A,2020-07-16,0,0,0,0
22116,2A,2020-07-17,0,0,0,0
22117,2A,2020-07-18,0,0,0,1
22118,2A,2020-07-19,0,0,0,0
22119,2A,2020-07-20,0,0,0,0
22120,2A,2020-07-21,0,0,0,0
22121,2A,2020-07-22,0,0,0,1
22122,2A,2020-07-23,0,0,0,1
22123,2A,2020-07-24,0,0,0,0
22124,2A,2020-07-25,1,0,0,0
22125,2A,2020-07-26,0,0,0,0
22126,2A,2020-07-27,0,0,0,1
22127,2A,2020-07-28,0,0,0,0
22128,2A,2020-07-29,0,0,0,1
22129,2A,2020-07-30,0,0,0,0
22130,2A,2020-07-31,0,0,0,0
22131,2A,2020-08-01,0,0,0,0
22132,2A,2020-08-02,0,0,0,0
22133,2A,2020-08-03,0,0,0,0
22134,2A,2020-08-04,0,0,0,0
22135,2A,2020-08-05,0,0,0,0
22136,2A,2020-08-06,0,0,0,0
22137,2A,2020-08-07,0,0,0,0
22138,2A,2020-08-08,0,0,0,0
22139,2A,2020-08-09,0,0,0,0
22140,2A,2020-08-10,0,0,0,4
22141,2A,2020-08-11,0,0,0,0
22142,2A,2020-08-12,0,0,0,0
22143,2A,2020-08-13,0,0,0,0
22144,2A,2020-08-14,0,0,0,0
22145,2A,2020-08-15,0,0,0,0
22146,2A,2020-08-16,0,0,0,0
22147,2A,2020-08-17,0,0,0,0
22148,2A,2020-08-18,0,0,0,0
22149,2A,2020-08-19,0,0,0,0
22150,2A,2020-08-20,0,0,0,0
22151,2A,2020-08-21,0,0,0,0
22152,2A,2020-08-22,0,0,0,0
22153,2A,2020-08-23,0,0,0,0
22154,2A,2020-08-24,0,0,0,0
22155,2A,2020-08-25,0,0,0,0
22156,2A,2020-08-26,0,0,0,0
22157,2A,2020-08-27,0,0,0,0
22158,2A,2020-08-28,0,0,0,0
22159,2A,2020-08-29,0,0,0,0
22160,2A,2020-08-30,0,0,0,0
22161,2A,2020-08-31,0,0,0,0
22162,2A,2020-09-01,0,0,0,0
22163,2A,2020-09-02,0,0,0,0
22164,2A,2020-09-03,0,0,0,0
22165,2A,2020-09-04,0,0,0,0
22166,2A,2020-09-05,0,0,0,0
22167,2A,2020-09-06,0,0,0,0
22168,2A,2020-09-07,0,0,0,0
22169,2A,2020-09-08,0,0,0,1
22170,2A,2020-09-09,0,0,0,0
22171,2A,2020-09-10,2,0,0,1
22172,2A,2020-09-11,4,2,0,1
22173,2A,2020-09-12,0,0,0,0
22174,2A,2020-09-13,0,0,0,0
22175,2A,2020-09-14,0,0,0,2
22176,2A,2020-09-15,3,0,0,2
22177,2A,2020-09-16,1,0,0,0
22178,2A,2020-09-17,1,0,0,0
22179,2A,2020-09-18,1,1,0,2
22180,2A,2020-09-19,1,1,0,0
22181,2A,2020-09-20,0,0,0,0
22182,2A,2020-09-21,7,0,0,1
22183,2A,2020-09-22,1,1,0,0
22184,2A,2020-09-23,1,0,0,1
22185,2A,2020-09-24,0,0,0,0
22186,2A,2020-09-25,1,0,0,0
22187,2A,2020-09-26,0,0,2,2
22188,2A,2020-09-27,0,0,0,0
22189,2A,2020-09-28,0,0,0,1
22190,2A,2020-09-29,2,0,0,1
22191,2A,2020-09-30,2,1,0,2
22192,2A,2020-10-01,0,1,0,1
22193,2A,2020-10-02,0,0,0,1
22194,2A,2020-10-03,0,0,0,1
22195,2A,2020-10-04,1,1,0,0
22196,2A,2020-10-05,1,0,0,2
22197,2A,2020-10-06,0,0,0,1
22198,2A,2020-10-07,1,0,0,0
22199,2A,2020-10-08,1,0,0,1
22200,2A,2020-10-09,3,1,0,1
22201,2A,2020-10-10,1,0,0,1
22202,2A,2020-10-11,1,0,0,1
22203,2A,2020-10-12,1,0,0,0
22204,2A,2020-10-13,0,0,0,1
22205,2A,2020-10-14,0,0,2,0
22206,2A,2020-10-15,1,0,0,0
22207,2A,2020-10-16,2,1,0,0
22208,2A,2020-10-17,3,1,0,2
22209,2A,2020-10-18,2,1,0,1
22210,2A,2020-10-19,1,0,0,0
22211,2A,2020-10-20,1,0,0,0
22212,2A,2020-10-21,2,1,0,1
22213,2A,2020-10-22,3,1,0,0
22214,2A,2020-10-23,3,1,1,1
22215,2A,2020-10-24,2,0,0,5
22216,2A,2020-10-25,5,3,0,0
22217,2A,2020-10-26,6,0,1,0
22218,2A,2020-10-27,4,0,0,1
22219,2A,2020-10-28,8,4,1,0
22220,2A,2020-10-29,3,1,0,3
22221,2A,2020-10-30,3,1,1,4
22222,2A,2020-10-31,0,0,0,0
22223,2A,2020-11-01,1,0,1,0
22224,2A,2020-11-02,9,1,0,1
22225,2A,2020-11-03,10,2,1,2
22226,2A,2020-11-04,6,0,1,1
22227,2A,2020-11-05,4,1,0,2
22228,2A,2020-11-06,4,1,1,3
22229,2A,2020-11-07,0,0,0,0
22230,2B,2020-03-19,1,0,0,1
22231,2B,2020-03-20,28,0,0,22
22232,2B,2020-03-21,0,0,0,0
22233,2B,2020-03-22,0,0,0,0
22234,2B,2020-03-23,8,0,0,8
22235,2B,2020-03-24,4,0,0,3
22236,2B,2020-03-25,1,0,1,0
22237,2B,2020-03-26,9,0,1,8
22238,2B,2020-03-27,5,1,0,5
22239,2B,2020-03-28,1,0,0,0
22240,2B,2020-03-29,1,0,0,2
22241,2B,2020-03-30,0,0,0,0
22242,2B,2020-03-31,10,0,0,8
22243,2B,2020-04-01,0,0,0,3
22244,2B,2020-04-02,14,2,0,6
22245,2B,2020-04-03,6,0,0,5
22246,2B,2020-04-04,20,1,0,2
22247,2B,2020-04-05,0,0,0,0
22248,2B,2020-04-06,0,0,1,0
22249,2B,2020-04-07,0,0,0,1
22250,2B,2020-04-08,2,0,0,2
22251,2B,2020-04-09,1,0,0,0
22252,2B,2020-04-10,0,0,0,4
22253,2B,2020-04-11,0,0,0,0
22254,2B,2020-04-12,0,0,0,2
22255,2B,2020-04-13,0,0,0,0
22256,2B,2020-04-14,0,0,0,1
22257,2B,2020-04-15,13,1,2,0
22258,2B,2020-04-16,3,1,0,2
22259,2B,2020-04-17,0,0,0,1
22260,2B,2020-04-18,2,0,0,3
22261,2B,2020-04-19,0,0,0,2
22262,2B,2020-04-20,0,1,1,2
22263,2B,2020-04-21,1,0,1,1
22264,2B,2020-04-22,4,0,1,0
22265,2B,2020-04-23,0,0,0,0
22266,2B,2020-04-24,2,0,0,0
22267,2B,2020-04-25,0,0,0,2
22268,2B,2020-04-26,0,0,0,0
22269,2B,2020-04-27,0,0,0,0
22270,2B,2020-04-28,4,1,0,2
22271,2B,2020-04-29,1,0,0,2
22272,2B,2020-04-30,1,0,0,0
22273,2B,2020-05-01,0,0,0,0
22274,2B,2020-05-02,0,0,0,2
22275,2B,2020-05-03,0,0,0,0
22276,2B,2020-05-04,1,0,0,2
22277,2B,2020-05-05,1,0,0,2
22278,2B,2020-05-06,0,0,0,1
22279,2B,2020-05-07,0,0,0,2
22280,2B,2020-05-08,0,0,0,0
22281,2B,2020-05-09,0,0,0,0
22282,2B,2020-05-10,0,0,0,0
22283,2B,2020-05-11,0,0,0,0
22284,2B,2020-05-12,5,3,1,0
22285,2B,2020-05-13,1,0,0,2
22286,2B,2020-05-14,0,1,0,0
22287,2B,2020-05-15,0,0,0,2
22288,2B,2020-05-16,0,0,0,0
22289,2B,2020-05-17,0,0,0,0
22290,2B,2020-05-18,2,0,1,0
22291,2B,2020-05-19,1,0,0,0
22292,2B,2020-05-20,0,0,0,0
22293,2B,2020-05-21,0,0,0,0
22294,2B,2020-05-22,0,0,0,1
22295,2B,2020-05-23,0,0,0,0
22296,2B,2020-05-24,0,0,0,0
22297,2B,2020-05-25,0,0,0,0
22298,2B,2020-05-26,0,0,0,0
22299,2B,2020-05-27,1,0,0,0
22300,2B,2020-05-28,0,0,0,0
22301,2B,2020-05-29,0,0,0,3
22302,2B,2020-05-30,0,0,0,0
22303,2B,2020-05-31,0,0,0,0
22304,2B,2020-06-01,0,0,0,0
22305,2B,2020-06-02,0,0,0,0
22306,2B,2020-06-03,0,0,0,0
22307,2B,2020-06-04,0,0,0,0
22308,2B,2020-06-05,0,0,0,0
22309,2B,2020-06-06,1,0,0,0
22310,2B,2020-06-07,0,0,0,0
22311,2B,2020-06-08,0,0,0,1
22312,2B,2020-06-09,0,0,0,0
22313,2B,2020-06-10,0,0,0,0
22314,2B,2020-06-11,0,0,0,0
22315,2B,2020-06-12,0,0,1,0
22316,2B,2020-06-13,0,0,0,0
22317,2B,2020-06-14,0,0,0,0
22318,2B,2020-06-15,0,0,0,1
22319,2B,2020-06-16,0,0,0,0
22320,2B,2020-06-17,0,0,0,0
22321,2B,2020-06-18,0,0,0,0
22322,2B,2020-06-19,0,0,0,0
22323,2B,2020-06-20,0,0,0,0
22324,2B,2020-06-21,0,0,0,0
22325,2B,2020-06-22,0,0,0,0
22326,2B,2020-06-23,0,0,0,0
22327,2B,2020-06-24,0,0,0,0
22328,2B,2020-06-25,0,0,0,0
22329,2B,2020-06-26,0,0,0,0
22330,2B,2020-06-27,0,0,0,0
22331,2B,2020-06-28,0,0,0,0
22332,2B,2020-06-29,0,0,0,0
22333,2B,2020-06-30,0,0,0,0
22334,2B,2020-07-01,0,0,0,0
22335,2B,2020-07-02,0,0,0,0
22336,2B,2020-07-03,0,0,0,0
22337,2B,2020-07-04,0,0,0,0
22338,2B,2020-07-05,0,0,0,0
22339,2B,2020-07-06,0,0,0,0
22340,2B,2020-07-07,0,0,0,0
22341,2B,2020-07-08,0,0,0,0
22342,2B,2020-07-09,0,0,0,0
22343,2B,2020-07-10,0,0,0,0
22344,2B,2020-07-11,0,0,0,0
22345,2B,2020-07-12,0,0,0,0
22346,2B,2020-07-13,0,0,0,0
22347,2B,2020-07-14,0,0,0,0
22348,2B,2020-07-15,0,0,0,0
22349,2B,2020-07-16,0,0,0,0
22350,2B,2020-07-17,0,0,0,0
22351,2B,2020-07-18,0,0,0,0
22352,2B,2020-07-19,0,0,0,0
22353,2B,2020-07-20,0,0,0,0
22354,2B,2020-07-21,0,0,0,0
22355,2B,2020-07-22,0,0,0,0
22356,2B,2020-07-23,0,0,0,0
22357,2B,2020-07-24,0,0,0,0
22358,2B,2020-07-25,0,0,0,0
22359,2B,2020-07-26,0,0,0,0
22360,2B,2020-07-27,0,0,0,0
22361,2B,2020-07-28,0,0,0,0
22362,2B,2020-07-29,0,0,0,0
22363,2B,2020-07-30,0,0,0,0
22364,2B,2020-07-31,0,0,0,0
22365,2B,2020-08-01,0,0,0,0
22366,2B,2020-08-02,0,0,0,0
22367,2B,2020-08-03,0,0,0,0
22368,2B,2020-08-04,0,0,0,0
22369,2B,2020-08-05,0,0,0,0
22370,2B,2020-08-06,0,0,0,0
22371,2B,2020-08-07,0,0,0,0
22372,2B,2020-08-08,0,0,0,0
22373,2B,2020-08-09,0,0,0,0
22374,2B,2020-08-10,0,0,0,0
22375,2B,2020-08-11,0,0,0,0
22376,2B,2020-08-12,0,0,0,0
22377,2B,2020-08-13,0,0,0,0
22378,2B,2020-08-14,0,0,0,0
22379,2B,2020-08-15,0,0,0,0
22380,2B,2020-08-16,0,0,0,0
22381,2B,2020-08-17,0,0,0,0
22382,2B,2020-08-18,0,0,0,0
22383,2B,2020-08-19,0,0,0,0
22384,2B,2020-08-20,0,0,0,0
22385,2B,2020-08-21,2,2,0,0
22386,2B,2020-08-22,0,0,0,0
22387,2B,2020-08-23,0,0,0,0
22388,2B,2020-08-24,0,0,0,0
22389,2B,2020-08-25,3,1,0,0
22390,2B,2020-08-26,0,0,0,0
22391,2B,2020-08-27,1,0,0,2
22392,2B,2020-08-28,1,0,0,0
22393,2B,2020-08-29,0,0,0,0
22394,2B,2020-08-30,0,0,0,0
22395,2B,2020-08-31,2,1,0,0
22396,2B,2020-09-01,1,0,0,1
22397,2B,2020-09-02,0,0,0,0
22398,2B,2020-09-03,3,0,0,2
22399,2B,2020-09-04,0,0,0,0
22400,2B,2020-09-05,0,0,0,2
22401,2B,2020-09-06,3,1,0,0
22402,2B,2020-09-07,4,0,0,0
22403,2B,2020-09-08,1,0,0,2
22404,2B,2020-09-09,0,0,0,1
22405,2B,2020-09-10,0,0,0,3
22406,2B,2020-09-11,0,0,0,1
22407,2B,2020-09-12,0,0,0,0
22408,2B,2020-09-13,5,0,1,0
22409,2B,2020-09-14,0,0,1,0
22410,2B,2020-09-15,2,1,0,1
22411,2B,2020-09-16,1,0,0,0
22412,2B,2020-09-17,2,0,0,0
22413,2B,2020-09-18,1,0,1,0
22414,2B,2020-09-19,4,0,0,2
22415,2B,2020-09-20,0,0,0,0
22416,2B,2020-09-21,0,0,0,0
22417,2B,2020-09-22,0,0,0,2
22418,2B,2020-09-23,1,0,1,0
22419,2B,2020-09-24,0,0,0,2
22420,2B,2020-09-25,1,0,0,0
22421,2B,2020-09-26,0,0,0,0
22422,2B,2020-09-27,0,0,0,0
22423,2B,2020-09-28,1,0,0,0
22424,2B,2020-09-29,1,0,0,2
22425,2B,2020-09-30,2,0,0,0
22426,2B,2020-10-01,1,0,1,0
22427,2B,2020-10-02,0,2,0,0
22428,2B,2020-10-03,0,0,0,0
22429,2B,2020-10-04,0,0,0,0
22430,2B,2020-10-05,0,0,0,0
22431,2B,2020-10-06,0,0,0,0
22432,2B,2020-10-07,3,0,0,0
22433,2B,2020-10-08,2,0,0,1
22434,2B,2020-10-09,0,0,0,0
22435,2B,2020-10-10,1,0,0,2
22436,2B,2020-10-11,3,0,0,0
22437,2B,2020-10-12,1,0,0,1
22438,2B,2020-10-13,0,0,0,0
22439,2B,2020-10-14,1,0,0,0
22440,2B,2020-10-15,3,1,0,2
22441,2B,2020-10-16,1,0,0,1
22442,2B,2020-10-17,4,1,0,1
22443,2B,2020-10-18,2,0,0,1
22444,2B,2020-10-19,1,0,0,0
22445,2B,2020-10-20,1,0,0,3
22446,2B,2020-10-21,5,1,1,1
22447,2B,2020-10-22,4,2,0,1
22448,2B,2020-10-23,2,0,1,1
22449,2B,2020-10-24,2,0,0,1
22450,2B,2020-10-25,2,0,0,0
22451,2B,2020-10-26,1,0,1,0
22452,2B,2020-10-27,4,0,0,3
22453,2B,2020-10-28,1,0,0,1
22454,2B,2020-10-29,2,0,0,1
22455,2B,2020-10-30,3,0,1,0
22456,2B,2020-10-31,4,1,1,2
22457,2B,2020-11-01,2,1,0,1
22458,2B,2020-11-02,3,0,1,0
22459,2B,2020-11-03,1,0,3,4
22460,2B,2020-11-04,1,0,1,0
22461,2B,2020-11-05,5,2,1,5
22462,2B,2020-11-06,5,1,0,2
22463,2B,2020-11-07,2,0,0,6
22464,971,2020-03-19,0,0,0,0
22465,971,2020-03-20,0,0,0,0
22466,971,2020-03-21,0,0,0,0
22467,971,2020-03-22,6,5,0,0
22468,971,2020-03-23,0,0,0,0
22469,971,2020-03-24,0,0,0,0
22470,971,2020-03-25,0,0,0,0
22471,971,2020-03-26,19,3,0,4
22472,971,2020-03-27,11,7,1,2
22473,971,2020-03-28,18,0,0,3
22474,971,2020-03-29,1,0,1,0
22475,971,2020-03-30,3,4,2,9
22476,971,2020-03-31,4,2,1,1
22477,971,2020-04-01,6,2,2,6
22478,971,2020-04-02,9,4,0,3
22479,971,2020-04-03,6,1,1,6
22480,971,2020-04-04,3,2,0,1
22481,971,2020-04-05,2,2,0,1
22482,971,2020-04-06,5,0,0,1
22483,971,2020-04-07,1,0,0,6
22484,971,2020-04-08,5,1,2,4
22485,971,2020-04-09,3,2,0,3
22486,971,2020-04-10,2,3,0,2
22487,971,2020-04-11,3,0,0,0
22488,971,2020-04-12,2,0,0,1
22489,971,2020-04-13,3,0,0,0
22490,971,2020-04-14,0,0,0,0
22491,971,2020-04-15,0,1,0,7
22492,971,2020-04-16,1,0,0,3
22493,971,2020-04-17,2,2,0,0
22494,971,2020-04-18,0,0,1,3
22495,971,2020-04-19,1,0,0,0
22496,971,2020-04-20,0,0,1,1
22497,971,2020-04-21,0,1,0,7
22498,971,2020-04-22,4,0,1,1
22499,971,2020-04-23,0,1,0,1
22500,971,2020-04-24,0,0,1,0
22501,971,2020-04-25,0,0,0,0
22502,971,2020-04-26,1,1,0,0
22503,971,2020-04-27,1,0,1,0
22504,971,2020-04-28,0,0,0,0
22505,971,2020-04-29,1,1,0,2
22506,971,2020-04-30,0,0,2,0
22507,971,2020-05-01,0,0,1,0
22508,971,2020-05-02,0,0,0,0
22509,971,2020-05-03,0,0,0,0
22510,971,2020-05-04,0,0,0,0
22511,971,2020-05-05,0,0,1,0
22512,971,2020-05-06,0,0,0,0
22513,971,2020-05-07,0,0,0,1
22514,971,2020-05-08,0,0,1,0
22515,971,2020-05-09,0,0,0,0
22516,971,2020-05-10,0,0,0,0
22517,971,2020-05-11,0,0,0,0
22518,971,2020-05-12,0,0,0,0
22519,971,2020-05-13,0,0,0,0
22520,971,2020-05-14,0,0,0,0
22521,971,2020-05-15,0,0,0,0
22522,971,2020-05-16,0,0,0,0
22523,971,2020-05-17,0,0,0,0
22524,971,2020-05-18,0,0,0,0
22525,971,2020-05-19,0,0,0,0
22526,971,2020-05-20,0,0,0,1
22527,971,2020-05-21,0,0,0,0
22528,971,2020-05-22,0,0,0,0
22529,971,2020-05-23,0,0,0,0
22530,971,2020-05-24,0,0,0,0
22531,971,2020-05-25,0,1,1,0
22532,971,2020-05-26,0,0,0,0
22533,971,2020-05-27,0,0,0,0
22534,971,2020-05-28,0,0,0,0
22535,971,2020-05-29,0,0,0,0
22536,971,2020-05-30,0,0,0,0
22537,971,2020-05-31,0,0,0,0
22538,971,2020-06-01,0,0,0,0
22539,971,2020-06-02,0,0,0,0
22540,971,2020-06-03,0,0,0,0
22541,971,2020-06-04,0,0,0,1
22542,971,2020-06-05,0,0,0,0
22543,971,2020-06-06,0,0,0,0
22544,971,2020-06-07,0,0,0,0
22545,971,2020-06-08,0,0,0,0
22546,971,2020-06-09,0,0,0,0
22547,971,2020-06-10,0,0,0,0
22548,971,2020-06-11,0,0,0,0
22549,971,2020-06-12,0,0,0,0
22550,971,2020-06-13,0,0,0,0
22551,971,2020-06-14,0,0,0,0
22552,971,2020-06-15,1,1,0,3
22553,971,2020-06-16,0,0,0,1
22554,971,2020-06-17,0,0,0,2
22555,971,2020-06-18,0,0,0,0
22556,971,2020-06-19,1,0,0,0
22557,971,2020-06-20,0,0,0,0
22558,971,2020-06-21,0,0,0,0
22559,971,2020-06-22,1,0,0,0
22560,971,2020-06-23,0,0,0,0
22561,971,2020-06-24,0,0,0,1
22562,971,2020-06-25,0,2,0,0
22563,971,2020-06-26,0,0,0,0
22564,971,2020-06-27,0,0,0,0
22565,971,2020-06-28,0,0,0,0
22566,971,2020-06-29,0,0,0,0
22567,971,2020-06-30,0,0,0,0
22568,971,2020-07-01,1,0,0,0
22569,971,2020-07-02,0,1,0,0
22570,971,2020-07-03,0,0,0,0
22571,971,2020-07-04,0,0,1,0
22572,971,2020-07-05,0,0,0,0
22573,971,2020-07-06,0,0,0,0
22574,971,2020-07-07,0,0,0,0
22575,971,2020-07-08,0,0,0,0
22576,971,2020-07-09,0,0,0,0
22577,971,2020-07-10,0,0,0,0
22578,971,2020-07-11,0,1,0,2
22579,971,2020-07-12,0,0,0,0
22580,971,2020-07-13,0,0,0,1
22581,971,2020-07-14,0,0,0,0
22582,971,2020-07-15,0,0,0,0
22583,971,2020-07-16,0,0,0,0
22584,971,2020-07-17,0,0,0,0
22585,971,2020-07-18,0,0,1,0
22586,971,2020-07-19,0,0,0,0
22587,971,2020-07-20,0,0,0,0
22588,971,2020-07-21,0,0,0,0
22589,971,2020-07-22,0,0,0,0
22590,971,2020-07-23,0,0,0,0
22591,971,2020-07-24,0,0,0,0
22592,971,2020-07-25,0,0,0,1
22593,971,2020-07-26,0,0,0,0
22594,971,2020-07-27,0,0,0,0
22595,971,2020-07-28,0,0,0,0
22596,971,2020-07-29,0,0,0,0
22597,971,2020-07-30,0,0,0,0
22598,971,2020-07-31,0,0,0,0
22599,971,2020-08-01,0,0,0,1
22600,971,2020-08-02,0,0,0,0
22601,971,2020-08-03,0,0,0,0
22602,971,2020-08-04,0,0,0,0
22603,971,2020-08-05,0,0,0,0
22604,971,2020-08-06,0,0,0,1
22605,971,2020-08-07,0,0,0,0
22606,971,2020-08-08,2,2,0,2
22607,971,2020-08-09,0,0,0,0
22608,971,2020-08-10,0,0,0,0
22609,971,2020-08-11,0,0,0,0
22610,971,2020-08-12,1,0,1,0
22611,971,2020-08-13,1,1,0,0
22612,971,2020-08-14,1,0,0,0
22613,971,2020-08-15,0,0,0,0
22614,971,2020-08-16,0,0,1,0
22615,971,2020-08-17,0,0,0,0
22616,971,2020-08-18,2,1,0,0
22617,971,2020-08-19,3,2,0,0
22618,971,2020-08-20,2,2,0,0
22619,971,2020-08-21,0,0,0,2
22620,971,2020-08-22,3,2,0,0
22621,971,2020-08-23,0,0,0,0
22622,971,2020-08-24,0,0,0,0
22623,971,2020-08-25,5,3,0,3
22624,971,2020-08-26,5,0,0,0
22625,971,2020-08-27,2,0,0,1
22626,971,2020-08-28,1,0,0,1
22627,971,2020-08-29,7,6,1,2
22628,971,2020-08-30,0,0,0,0
22629,971,2020-08-31,0,0,0,0
22630,971,2020-09-01,8,4,4,3
22631,971,2020-09-02,5,0,1,7
22632,971,2020-09-03,13,2,2,4
22633,971,2020-09-04,11,1,0,5
22634,971,2020-09-05,7,4,1,8
22635,971,2020-09-06,0,0,0,0
22636,971,2020-09-07,0,0,0,0
22637,971,2020-09-08,21,7,2,12
22638,971,2020-09-09,4,5,0,1
22639,971,2020-09-10,23,2,2,8
22640,971,2020-09-11,6,3,1,5
22641,971,2020-09-12,14,2,0,7
22642,971,2020-09-13,0,0,0,0
22643,971,2020-09-14,0,0,0,0
22644,971,2020-09-15,28,10,2,12
22645,971,2020-09-16,15,3,0,6
22646,971,2020-09-17,16,5,2,5
22647,971,2020-09-18,15,2,3,14
22648,971,2020-09-19,10,3,3,4
22649,971,2020-09-20,1,0,0,0
22650,971,2020-09-21,0,0,0,0
22651,971,2020-09-22,45,7,6,18
22652,971,2020-09-23,24,2,3,11
22653,971,2020-09-24,33,5,1,25
22654,971,2020-09-25,41,5,6,28
22655,971,2020-09-26,18,5,1,15
22656,971,2020-09-27,0,0,0,0
22657,971,2020-09-28,0,3,3,7
22658,971,2020-09-29,44,6,6,8
22659,971,2020-09-30,21,3,5,15
22660,971,2020-10-01,8,2,1,9
22661,971,2020-10-02,36,3,1,19
22662,971,2020-10-03,23,4,3,11
22663,971,2020-10-04,9,7,0,5
22664,971,2020-10-05,1,0,1,0
22665,971,2020-10-06,35,8,8,14
22666,971,2020-10-07,13,2,3,9
22667,971,2020-10-08,15,0,4,15
22668,971,2020-10-09,13,3,4,21
22669,971,2020-10-10,15,1,2,19
22670,971,2020-10-11,10,4,1,3
22671,971,2020-10-12,1,1,2,0
22672,971,2020-10-13,22,3,3,18
22673,971,2020-10-14,6,2,4,2
22674,971,2020-10-15,8,6,0,9
22675,971,2020-10-16,16,4,2,39
22676,971,2020-10-17,9,2,4,3
22677,971,2020-10-18,5,2,1,12
22678,971,2020-10-19,2,2,0,0
22679,971,2020-10-20,13,1,6,5
22680,971,2020-10-21,1,1,1,8
22681,971,2020-10-22,3,0,2,11
22682,971,2020-10-23,21,1,0,14
22683,971,2020-10-24,15,1,3,3
22684,971,2020-10-25,1,1,3,3
22685,971,2020-10-26,0,0,0,0
22686,971,2020-10-27,6,0,3,12
22687,971,2020-10-28,11,1,2,17
22688,971,2020-10-29,5,2,1,5
22689,971,2020-10-30,12,1,0,5
22690,971,2020-10-31,4,1,1,4
22691,971,2020-11-01,2,0,3,0
22692,971,2020-11-02,3,2,0,3
22693,971,2020-11-03,7,0,2,3
22694,971,2020-11-04,3,1,1,8
22695,971,2020-11-05,12,4,0,12
22696,971,2020-11-06,5,1,0,8
22697,971,2020-11-07,5,1,2,9
22698,972,2020-03-19,1,0,0,0
22699,972,2020-03-20,2,0,0,0
22700,972,2020-03-21,0,0,0,0
22701,972,2020-03-22,1,1,0,0
22702,972,2020-03-23,0,0,0,0
22703,972,2020-03-24,5,2,0,11
22704,972,2020-03-25,11,2,0,1
22705,972,2020-03-26,8,4,0,1
22706,972,2020-03-27,14,3,0,0
22707,972,2020-03-28,11,0,0,2
22708,972,2020-03-29,9,2,2,2
22709,972,2020-03-30,0,0,0,0
22710,972,2020-03-31,11,3,0,3
22711,972,2020-04-01,4,1,1,5
22712,972,2020-04-02,2,1,0,7
22713,972,2020-04-03,0,0,0,3
22714,972,2020-04-04,6,2,0,1
22715,972,2020-04-05,5,2,0,2
22716,972,2020-04-06,2,0,1,0
22717,972,2020-04-07,1,0,0,4
22718,972,2020-04-08,0,1,0,2
22719,972,2020-04-09,1,0,1,2
22720,972,2020-04-10,0,0,0,3
22721,972,2020-04-11,1,0,0,2
22722,972,2020-04-12,0,0,1,2
22723,972,2020-04-13,1,1,0,0
22724,972,2020-04-14,0,0,0,0
22725,972,2020-04-15,0,0,0,1
22726,972,2020-04-16,4,1,0,2
22727,972,2020-04-17,2,0,0,4
22728,972,2020-04-18,0,0,1,1
22729,972,2020-04-19,1,0,0,1
22730,972,2020-04-20,0,0,2,0
22731,972,2020-04-21,5,0,4,0
22732,972,2020-04-22,0,0,0,2
22733,972,2020-04-23,1,0,1,0
22734,972,2020-04-24,0,0,0,1
22735,972,2020-04-25,0,0,0,0
22736,972,2020-04-26,0,0,0,0
22737,972,2020-04-27,0,0,0,0
22738,972,2020-04-28,0,0,0,1
22739,972,2020-04-29,0,0,0,0
22740,972,2020-04-30,2,1,0,13
22741,972,2020-05-01,0,0,0,0
22742,972,2020-05-02,0,0,0,0
22743,972,2020-05-03,0,0,0,0
22744,972,2020-05-04,0,0,0,0
22745,972,2020-05-05,0,0,0,1
22746,972,2020-05-06,0,0,0,0
22747,972,2020-05-07,0,0,0,0
22748,972,2020-05-08,0,0,0,0
22749,972,2020-05-09,0,0,0,1
22750,972,2020-05-10,1,0,0,0
22751,972,2020-05-11,0,0,0,0
22752,972,2020-05-12,0,0,0,0
22753,972,2020-05-13,0,0,0,0
22754,972,2020-05-14,0,0,0,0
22755,972,2020-05-15,1,0,0,0
22756,972,2020-05-16,0,0,0,1
22757,972,2020-05-17,0,0,0,0
22758,972,2020-05-18,0,0,0,0
22759,972,2020-05-19,0,0,0,0
22760,972,2020-05-20,0,0,0,1
22761,972,2020-05-21,0,0,0,0
22762,972,2020-05-22,0,1,0,0
22763,972,2020-05-23,0,0,0,0
22764,972,2020-05-24,0,0,0,0
22765,972,2020-05-25,0,0,0,0
22766,972,2020-05-26,0,0,0,0
22767,972,2020-05-27,0,0,0,0
22768,972,2020-05-28,0,0,0,0
22769,972,2020-05-29,0,0,0,0
22770,972,2020-05-30,0,0,0,0
22771,972,2020-05-31,0,0,0,4
22772,972,2020-06-01,0,0,0,0
22773,972,2020-06-02,0,0,0,0
22774,972,2020-06-03,0,0,0,0
22775,972,2020-06-04,0,0,0,0
22776,972,2020-06-05,0,0,0,1
22777,972,2020-06-06,0,0,0,0
22778,972,2020-06-07,0,0,0,1
22779,972,2020-06-08,0,0,0,0
22780,972,2020-06-09,1,1,0,0
22781,972,2020-06-10,0,0,0,0
22782,972,2020-06-11,0,0,0,0
22783,972,2020-06-12,0,0,0,0
22784,972,2020-06-13,0,0,0,2
22785,972,2020-06-14,0,0,0,0
22786,972,2020-06-15,0,0,0,0
22787,972,2020-06-16,0,0,0,0
22788,972,2020-06-17,1,1,0,0
22789,972,2020-06-18,1,1,0,0
22790,972,2020-06-19,0,0,0,0
22791,972,2020-06-20,1,0,0,0
22792,972,2020-06-21,0,0,0,0
22793,972,2020-06-22,1,1,0,0
22794,972,2020-06-23,0,0,0,0
22795,972,2020-06-24,0,0,0,0
22796,972,2020-06-25,0,0,0,0
22797,972,2020-06-26,1,0,0,0
22798,972,2020-06-27,0,0,0,0
22799,972,2020-06-28,0,0,0,0
22800,972,2020-06-29,0,1,0,0
22801,972,2020-06-30,0,0,0,0
22802,972,2020-07-01,0,0,0,0
22803,972,2020-07-02,0,0,0,1
22804,972,2020-07-03,0,0,0,0
22805,972,2020-07-04,0,0,0,0
22806,972,2020-07-05,0,0,0,0
22807,972,2020-07-06,0,0,0,0
22808,972,2020-07-07,0,0,0,0
22809,972,2020-07-08,0,0,1,0
22810,972,2020-07-09,0,0,0,0
22811,972,2020-07-10,0,0,0,0
22812,972,2020-07-11,0,0,0,0
22813,972,2020-07-12,0,0,0,0
22814,972,2020-07-13,0,0,0,0
22815,972,2020-07-14,0,0,0,0
22816,972,2020-07-15,0,0,0,0
22817,972,2020-07-16,0,0,0,1
22818,972,2020-07-17,0,0,0,0
22819,972,2020-07-18,0,0,0,0
22820,972,2020-07-19,0,0,0,0
22821,972,2020-07-20,0,0,0,0
22822,972,2020-07-21,0,0,0,1
22823,972,2020-07-22,0,0,0,0
22824,972,2020-07-23,0,0,0,1
22825,972,2020-07-24,0,0,0,0
22826,972,2020-07-25,0,0,0,0
22827,972,2020-07-26,0,0,0,0
22828,972,2020-07-27,0,0,0,0
22829,972,2020-07-28,0,0,0,2
22830,972,2020-07-29,0,0,0,0
22831,972,2020-07-30,0,0,0,0
22832,972,2020-07-31,0,0,0,0
22833,972,2020-08-01,0,0,0,0
22834,972,2020-08-02,0,0,0,0
22835,972,2020-08-03,0,0,0,0
22836,972,2020-08-04,0,0,1,0
22837,972,2020-08-05,0,0,0,2
22838,972,2020-08-06,1,0,0,0
22839,972,2020-08-07,0,0,0,0
22840,972,2020-08-08,0,0,0,0
22841,972,2020-08-09,0,0,0,0
22842,972,2020-08-10,0,0,0,0
22843,972,2020-08-11,0,0,0,0
22844,972,2020-08-12,0,0,0,0
22845,972,2020-08-13,0,0,0,0
22846,972,2020-08-14,1,0,1,0
22847,972,2020-08-15,0,0,0,1
22848,972,2020-08-16,0,0,0,0
22849,972,2020-08-17,0,0,0,0
22850,972,2020-08-18,0,0,0,0
22851,972,2020-08-19,0,0,0,0
22852,972,2020-08-20,1,0,0,1
22853,972,2020-08-21,6,1,0,0
22854,972,2020-08-22,1,1,0,0
22855,972,2020-08-23,0,0,0,0
22856,972,2020-08-24,0,0,0,0
22857,972,2020-08-25,0,0,0,0
22858,972,2020-08-26,5,0,0,2
22859,972,2020-08-27,0,0,0,0
22860,972,2020-08-28,1,1,0,2
22861,972,2020-08-29,0,0,0,0
22862,972,2020-08-30,0,0,0,0
22863,972,2020-08-31,0,0,1,0
22864,972,2020-09-01,3,0,0,1
22865,972,2020-09-02,1,2,0,2
22866,972,2020-09-03,0,0,0,1
22867,972,2020-09-04,2,1,0,1
22868,972,2020-09-05,1,1,0,0
22869,972,2020-09-06,0,0,0,0
22870,972,2020-09-07,0,0,0,0
22871,972,2020-09-08,3,1,0,2
22872,972,2020-09-09,0,1,0,0
22873,972,2020-09-10,3,1,0,4
22874,972,2020-09-11,1,1,0,1
22875,972,2020-09-12,0,0,0,0
22876,972,2020-09-13,0,0,0,0
22877,972,2020-09-14,0,0,0,0
22878,972,2020-09-15,6,3,1,1
22879,972,2020-09-16,3,1,0,1
22880,972,2020-09-17,0,0,0,0
22881,972,2020-09-18,3,1,0,4
22882,972,2020-09-19,5,2,1,2
22883,972,2020-09-20,3,0,0,0
22884,972,2020-09-21,0,0,0,0
22885,972,2020-09-22,2,3,0,1
22886,972,2020-09-23,2,0,0,0
22887,972,2020-09-24,2,1,0,1
22888,972,2020-09-25,4,3,0,2
22889,972,2020-09-26,2,0,1,0
22890,972,2020-09-27,5,5,0,1
22891,972,2020-09-28,0,0,0,0
22892,972,2020-09-29,4,1,0,3
22893,972,2020-09-30,2,0,0,1
22894,972,2020-10-01,0,0,0,0
22895,972,2020-10-02,0,0,0,3
22896,972,2020-10-03,3,0,0,0
22897,972,2020-10-04,3,0,0,3
22898,972,2020-10-05,8,0,0,0
22899,972,2020-10-06,0,0,0,0
22900,972,2020-10-07,4,2,1,4
22901,972,2020-10-08,1,0,0,1
22902,972,2020-10-09,8,3,0,2
22903,972,2020-10-10,6,1,0,2
22904,972,2020-10-11,4,2,2,1
22905,972,2020-10-12,7,1,0,0
22906,972,2020-10-13,0,0,0,0
22907,972,2020-10-14,4,1,0,3
22908,972,2020-10-15,1,0,1,3
22909,972,2020-10-16,6,1,1,4
22910,972,2020-10-17,6,2,1,2
22911,972,2020-10-18,7,0,0,2
22912,972,2020-10-19,4,1,0,0
22913,972,2020-10-20,3,0,0,0
22914,972,2020-10-21,6,0,0,5
22915,972,2020-10-22,3,1,0,2
22916,972,2020-10-23,6,1,0,2
22917,972,2020-10-24,3,1,2,7
22918,972,2020-10-25,3,1,1,3
22919,972,2020-10-26,5,0,0,0
22920,972,2020-10-27,7,2,0,3
22921,972,2020-10-28,5,1,1,8
22922,972,2020-10-29,3,2,0,5
22923,972,2020-10-30,9,2,0,4
22924,972,2020-10-31,2,1,0,2
22925,972,2020-11-01,5,0,0,5
22926,972,2020-11-02,8,2,0,2
22927,972,2020-11-03,6,2,2,0
22928,972,2020-11-04,7,0,1,6
22929,972,2020-11-05,5,4,1,4
22930,972,2020-11-06,7,0,1,2
22931,972,2020-11-07,6,0,0,7
22932,973,2020-03-19,0,0,0,0
22933,973,2020-03-20,0,0,0,0
22934,973,2020-03-21,0,0,0,0
22935,973,2020-03-22,0,0,0,0
22936,973,2020-03-23,0,0,0,0
22937,973,2020-03-24,0,0,0,0
22938,973,2020-03-25,0,0,0,0
22939,973,2020-03-26,0,0,0,0
22940,973,2020-03-27,0,0,0,0
22941,973,2020-03-28,0,0,0,0
22942,973,2020-03-29,0,0,0,0
22943,973,2020-03-30,0,0,0,0
22944,973,2020-03-31,0,0,0,0
22945,973,2020-04-01,10,0,0,5
22946,973,2020-04-02,3,0,0,3
22947,973,2020-04-03,2,1,0,0
22948,973,2020-04-04,0,0,0,0
22949,973,2020-04-05,0,0,0,0
22950,973,2020-04-06,0,0,0,0
22951,973,2020-04-07,2,0,0,2
22952,973,2020-04-08,2,0,0,0
22953,973,2020-04-09,4,0,0,4
22954,973,2020-04-10,1,0,0,1
22955,973,2020-04-11,0,0,0,0
22956,973,2020-04-12,6,0,0,0
22957,973,2020-04-13,0,0,0,0
22958,973,2020-04-14,3,0,0,0
22959,973,2020-04-15,3,0,0,1
22960,973,2020-04-16,0,1,0,10
22961,973,2020-04-17,1,1,0,1
22962,973,2020-04-18,0,0,0,0
22963,973,2020-04-19,0,0,0,3
22964,973,2020-04-20,0,0,0,1
22965,973,2020-04-21,2,0,1,2
22966,973,2020-04-22,0,0,0,1
22967,973,2020-04-23,3,0,0,2
22968,973,2020-04-24,0,0,0,0
22969,973,2020-04-25,0,0,0,1
22970,973,2020-04-26,0,0,0,0
22971,973,2020-04-27,0,0,0,0
22972,973,2020-04-28,0,0,0,0
22973,973,2020-04-29,0,0,0,0
22974,973,2020-04-30,0,0,0,1
22975,973,2020-05-01,2,0,0,0
22976,973,2020-05-02,0,0,0,0
22977,973,2020-05-03,0,0,0,0
22978,973,2020-05-04,3,0,0,0
22979,973,2020-05-05,0,0,0,0
22980,973,2020-05-06,0,0,0,0
22981,973,2020-05-07,3,0,0,0
22982,973,2020-05-08,0,0,0,2
22983,973,2020-05-09,0,0,0,0
22984,973,2020-05-10,0,0,0,0
22985,973,2020-05-11,2,0,0,0
22986,973,2020-05-12,3,0,0,0
22987,973,2020-05-13,0,0,0,1
22988,973,2020-05-14,0,0,0,3
22989,973,2020-05-15,2,0,0,0
22990,973,2020-05-16,0,0,0,1
22991,973,2020-05-17,1,0,0,0
22992,973,2020-05-18,7,0,0,2
22993,973,2020-05-19,4,0,0,5
22994,973,2020-05-20,0,0,0,1
22995,973,2020-05-21,0,0,0,0
22996,973,2020-05-22,0,0,0,0
22997,973,2020-05-23,10,0,0,6
22998,973,2020-05-24,0,0,0,0
22999,973,2020-05-25,1,0,0,0
23000,973,2020-05-26,8,2,0,8
23001,973,2020-05-27,3,0,0,2
23002,973,2020-05-28,5,0,0,4
23003,973,2020-05-29,2,0,0,1
23004,973,2020-05-30,2,0,0,1
23005,973,2020-05-31,0,0,0,0
23006,973,2020-06-01,9,0,0,1
23007,973,2020-06-02,7,1,0,9
23008,973,2020-06-03,8,0,0,7
23009,973,2020-06-04,3,0,0,3
23010,973,2020-06-05,16,0,0,8
23011,973,2020-06-06,11,0,0,9
23012,973,2020-06-07,3,0,0,3
23013,973,2020-06-08,4,0,0,1
23014,973,2020-06-09,11,2,1,19
23015,973,2020-06-10,10,1,0,3
23016,973,2020-06-11,9,1,0,6
23017,973,2020-06-12,13,0,0,5
23018,973,2020-06-13,13,2,0,10
23019,973,2020-06-14,16,1,1,9
23020,973,2020-06-15,15,2,0,2
23021,973,2020-06-16,15,1,1,0
23022,973,2020-06-17,21,0,1,21
23023,973,2020-06-18,21,1,0,17
23024,973,2020-06-19,21,1,0,4
23025,973,2020-06-20,23,2,0,16
23026,973,2020-06-21,17,3,1,16
23027,973,2020-06-22,19,0,1,12
23028,973,2020-06-23,20,3,1,15
23029,973,2020-06-24,26,2,1,23
23030,973,2020-06-25,27,2,1,21
23031,973,2020-06-26,21,5,1,9
23032,973,2020-06-27,13,2,1,17
23033,973,2020-06-28,23,2,1,14
23034,973,2020-06-29,17,1,2,8
23035,973,2020-06-30,26,0,0,21
23036,973,2020-07-01,32,4,1,23
23037,973,2020-07-02,29,5,0,23
23038,973,2020-07-03,27,3,0,33
23039,973,2020-07-04,19,2,0,26
23040,973,2020-07-05,12,3,1,10
23041,973,2020-07-06,26,2,3,15
23042,973,2020-07-07,24,4,1,19
23043,973,2020-07-08,32,1,0,31
23044,973,2020-07-09,17,1,0,14
23045,973,2020-07-10,20,2,1,16
23046,973,2020-07-11,19,1,3,22
23047,973,2020-07-12,17,3,0,18
23048,973,2020-07-13,13,1,3,9
23049,973,2020-07-14,28,4,2,30
23050,973,2020-07-15,26,0,2,18
23051,973,2020-07-16,28,3,1,30
23052,973,2020-07-17,24,3,0,27
23053,973,2020-07-18,15,1,2,19
23054,973,2020-07-19,27,2,0,18
23055,973,2020-07-20,19,0,1,13
23056,973,2020-07-21,22,1,1,33
23057,973,2020-07-22,31,2,0,25
23058,973,2020-07-23,24,3,1,21
23059,973,2020-07-24,17,2,0,34
23060,973,2020-07-25,30,1,1,22
23061,973,2020-07-26,23,1,1,19
23062,973,2020-07-27,14,1,0,12
23063,973,2020-07-28,42,3,1,46
23064,973,2020-07-29,17,1,0,26
23065,973,2020-07-30,18,3,0,30
23066,973,2020-07-31,15,1,0,34
23067,973,2020-08-01,10,0,0,15
23068,973,2020-08-02,9,0,0,1
23069,973,2020-08-03,24,2,0,6
23070,973,2020-08-04,22,0,1,21
23071,973,2020-08-05,21,0,1,18
23072,973,2020-08-06,24,0,1,21
23073,973,2020-08-07,13,0,0,17
23074,973,2020-08-08,17,0,1,15
23075,973,2020-08-09,1,1,0,0
23076,973,2020-08-10,13,2,1,28
23077,973,2020-08-11,18,0,0,21
23078,973,2020-08-12,6,1,1,23
23079,973,2020-08-13,16,0,0,23
23080,973,2020-08-14,24,1,2,21
23081,973,2020-08-15,10,2,0,11
23082,973,2020-08-16,20,2,0,19
23083,973,2020-08-17,16,0,0,6
23084,973,2020-08-18,15,0,0,20
23085,973,2020-08-19,18,1,1,10
23086,973,2020-08-20,6,0,0,18
23087,973,2020-08-21,21,3,1,20
23088,973,2020-08-22,17,0,0,15
23089,973,2020-08-23,8,0,0,8
23090,973,2020-08-24,28,0,1,21
23091,973,2020-08-25,9,2,0,13
23092,973,2020-08-26,14,0,0,15
23093,973,2020-08-27,9,1,1,9
23094,973,2020-08-28,19,2,1,18
23095,973,2020-08-29,10,0,0,16
23096,973,2020-08-30,0,0,0,0
23097,973,2020-08-31,17,0,1,11
23098,973,2020-09-01,22,1,1,19
23099,973,2020-09-02,2,0,1,19
23100,973,2020-09-03,10,2,0,22
23101,973,2020-09-04,8,0,1,6
23102,973,2020-09-05,6,2,0,10
23103,973,2020-09-06,1,0,0,0
23104,973,2020-09-07,9,2,0,7
23105,973,2020-09-08,10,1,0,8
23106,973,2020-09-09,5,1,0,16
23107,973,2020-09-10,2,0,1,5
23108,973,2020-09-11,9,0,0,9
23109,973,2020-09-12,1,0,0,10
23110,973,2020-09-13,0,0,0,0
23111,973,2020-09-14,5,1,0,4
23112,973,2020-09-15,11,1,1,11
23113,973,2020-09-16,4,2,1,1
23114,973,2020-09-17,4,0,0,28
23115,973,2020-09-18,3,0,0,1
23116,973,2020-09-19,2,0,0,0
23117,973,2020-09-20,0,0,0,0
23118,973,2020-09-21,3,0,0,1
23119,973,2020-09-22,8,0,0,7
23120,973,2020-09-23,5,2,0,3
23121,973,2020-09-24,3,2,0,6
23122,973,2020-09-25,1,0,0,4
23123,973,2020-09-26,1,1,0,0
23124,973,2020-09-27,2,0,0,0
23125,973,2020-09-28,1,0,0,1
23126,973,2020-09-29,5,1,1,6
23127,973,2020-09-30,4,0,0,3
23128,973,2020-10-01,12,0,1,9
23129,973,2020-10-02,1,0,0,2
23130,973,2020-10-03,3,0,0,3
23131,973,2020-10-04,1,0,0,0
23132,973,2020-10-05,2,1,0,2
23133,973,2020-10-06,8,3,2,5
23134,973,2020-10-07,4,0,0,1
23135,973,2020-10-08,2,0,0,5
23136,973,2020-10-09,1,0,0,2
23137,973,2020-10-10,4,1,0,5
23138,973,2020-10-11,0,0,0,0
23139,973,2020-10-12,1,0,0,1
23140,973,2020-10-13,4,0,0,7
23141,973,2020-10-14,5,0,0,5
23142,973,2020-10-15,2,0,0,2
23143,973,2020-10-16,0,0,0,1
23144,973,2020-10-17,1,0,0,1
23145,973,2020-10-18,0,0,0,0
23146,973,2020-10-19,0,0,0,1
23147,973,2020-10-20,1,0,0,4
23148,973,2020-10-21,2,1,0,6
23149,973,2020-10-22,9,0,0,1
23150,973,2020-10-23,3,0,0,3
23151,973,2020-10-24,5,1,0,3
23152,973,2020-10-25,0,0,0,0
23153,973,2020-10-26,4,0,0,6
23154,973,2020-10-27,6,1,1,4
23155,973,2020-10-28,4,0,0,5
23156,973,2020-10-29,4,0,0,2
23157,973,2020-10-30,2,0,0,0
23158,973,2020-10-31,2,0,0,2
23159,973,2020-11-01,1,0,0,4
23160,973,2020-11-02,4,0,0,1
23161,973,2020-11-03,0,0,0,1
23162,973,2020-11-04,6,1,0,9
23163,973,2020-11-05,3,0,0,3
23164,973,2020-11-06,2,0,0,3
23165,973,2020-11-07,1,0,0,0
23166,974,2020-03-19,0,0,0,0
23167,974,2020-03-20,0,0,0,0
23168,974,2020-03-21,0,0,0,0
23169,974,2020-03-22,0,0,0,0
23170,974,2020-03-23,0,0,0,0
23171,974,2020-03-24,1,1,0,0
23172,974,2020-03-25,0,0,0,0
23173,974,2020-03-26,0,0,0,0
23174,974,2020-03-27,0,0,0,0
23175,974,2020-03-28,12,1,0,0
23176,974,2020-03-29,42,0,0,5
23177,974,2020-03-30,4,1,0,1
23178,974,2020-03-31,6,2,0,4
23179,974,2020-04-01,7,0,0,10
23180,974,2020-04-02,6,1,0,4
23181,974,2020-04-03,4,0,0,5
23182,974,2020-04-04,3,2,0,10
23183,974,2020-04-05,0,0,0,2
23184,974,2020-04-06,3,0,0,2
23185,974,2020-04-07,1,0,0,9
23186,974,2020-04-08,5,0,0,3
23187,974,2020-04-09,0,1,0,3
23188,974,2020-04-10,6,0,0,0
23189,974,2020-04-11,0,0,0,12
23190,974,2020-04-12,0,0,0,2
23191,974,2020-04-13,0,0,0,0
23192,974,2020-04-14,0,0,0,1
23193,974,2020-04-15,0,0,0,4
23194,974,2020-04-16,2,1,0,7
23195,974,2020-04-17,1,0,0,3
23196,974,2020-04-18,0,0,0,3
23197,974,2020-04-19,4,0,0,1
23198,974,2020-04-20,1,0,0,3
23199,974,2020-04-21,0,0,0,1
23200,974,2020-04-22,0,0,0,2
23201,974,2020-04-23,0,0,0,2
23202,974,2020-04-24,0,0,0,2
23203,974,2020-04-25,1,0,0,2
23204,974,2020-04-26,0,0,0,1
23205,974,2020-04-27,0,0,0,0
23206,974,2020-04-28,1,0,0,1
23207,974,2020-04-29,3,0,0,5
23208,974,2020-04-30,0,0,0,0
23209,974,2020-05-01,0,0,0,0
23210,974,2020-05-02,2,1,0,1
23211,974,2020-05-03,0,0,0,1
23212,974,2020-05-04,1,0,0,0
23213,974,2020-05-05,3,0,0,1
23214,974,2020-05-06,1,0,0,0
23215,974,2020-05-07,3,2,0,0
23216,974,2020-05-08,3,1,0,0
23217,974,2020-05-09,2,1,0,1
23218,974,2020-05-10,0,2,0,1
23219,974,2020-05-11,0,0,0,0
23220,974,2020-05-12,1,1,0,0
23221,974,2020-05-13,1,0,0,0
23222,974,2020-05-14,1,1,0,2
23223,974,2020-05-15,0,0,0,0
23224,974,2020-05-16,3,1,0,1
23225,974,2020-05-17,0,0,0,0
23226,974,2020-05-18,1,0,0,0
23227,974,2020-05-19,0,0,0,0
23228,974,2020-05-20,0,0,1,1
23229,974,2020-05-21,2,0,0,0
23230,974,2020-05-22,0,0,0,0
23231,974,2020-05-23,0,0,0,0
23232,974,2020-05-24,2,1,0,0
23233,974,2020-05-25,3,1,0,0
23234,974,2020-05-26,1,0,0,0
23235,974,2020-05-27,2,0,0,0
23236,974,2020-05-28,0,0,0,0
23237,974,2020-05-29,2,1,0,3
23238,974,2020-05-30,2,1,0,1
23239,974,2020-05-31,0,0,0,0
23240,974,2020-06-01,0,0,0,0
23241,974,2020-06-02,0,0,0,1
23242,974,2020-06-03,0,0,0,2
23243,974,2020-06-04,0,0,0,0
23244,974,2020-06-05,0,0,0,1
23245,974,2020-06-06,0,0,0,0
23246,974,2020-06-07,0,0,0,0
23247,974,2020-06-08,0,0,0,0
23248,974,2020-06-09,1,0,0,1
23249,974,2020-06-10,0,0,0,0
23250,974,2020-06-11,0,0,0,1
23251,974,2020-06-12,5,3,0,1
23252,974,2020-06-13,1,0,0,0
23253,974,2020-06-14,0,0,0,0
23254,974,2020-06-15,2,0,0,0
23255,974,2020-06-16,1,0,0,4
23256,974,2020-06-17,5,1,0,3
23257,974,2020-06-18,0,0,0,0
23258,974,2020-06-19,0,0,0,0
23259,974,2020-06-20,0,0,0,0
23260,974,2020-06-21,0,0,0,0
23261,974,2020-06-22,0,0,0,0
23262,974,2020-06-23,0,0,0,2
23263,974,2020-06-24,0,1,0,0
23264,974,2020-06-25,0,0,0,1
23265,974,2020-06-26,1,0,0,1
23266,974,2020-06-27,2,0,1,2
23267,974,2020-06-28,0,0,0,2
23268,974,2020-06-29,1,1,0,0
23269,974,2020-06-30,0,0,0,2
23270,974,2020-07-01,0,0,0,1
23271,974,2020-07-02,1,0,0,0
23272,974,2020-07-03,1,0,0,0
23273,974,2020-07-04,1,0,0,0
23274,974,2020-07-05,3,0,0,1
23275,974,2020-07-06,1,1,0,0
23276,974,2020-07-07,2,0,1,1
23277,974,2020-07-08,0,0,0,2
23278,974,2020-07-09,1,0,0,0
23279,974,2020-07-10,1,1,0,1
23280,974,2020-07-11,2,0,0,2
23281,974,2020-07-12,0,0,0,0
23282,974,2020-07-13,0,0,0,0
23283,974,2020-07-14,1,0,0,2
23284,974,2020-07-15,2,2,0,0
23285,974,2020-07-16,0,0,0,0
23286,974,2020-07-17,0,0,0,0
23287,974,2020-07-18,2,0,0,0
23288,974,2020-07-19,0,1,0,0
23289,974,2020-07-20,0,0,0,0
23290,974,2020-07-21,3,1,0,0
23291,974,2020-07-22,1,1,0,2
23292,974,2020-07-23,0,0,0,4
23293,974,2020-07-24,0,0,0,1
23294,974,2020-07-25,0,0,0,0
23295,974,2020-07-26,0,0,0,0
23296,974,2020-07-27,0,0,1,0
23297,974,2020-07-28,1,0,0,0
23298,974,2020-07-29,0,0,1,1
23299,974,2020-07-30,0,0,0,3
23300,974,2020-07-31,1,1,0,0
23301,974,2020-08-01,0,0,0,0
23302,974,2020-08-02,1,0,0,0
23303,974,2020-08-03,0,0,0,0
23304,974,2020-08-04,0,0,0,1
23305,974,2020-08-05,0,0,0,1
23306,974,2020-08-06,1,0,0,0
23307,974,2020-08-07,2,1,0,0
23308,974,2020-08-08,2,2,0,0
23309,974,2020-08-09,0,0,0,0
23310,974,2020-08-10,2,0,0,1
23311,974,2020-08-11,0,0,0,2
23312,974,2020-08-12,3,1,0,0
23313,974,2020-08-13,3,1,0,3
23314,974,2020-08-14,1,1,0,2
23315,974,2020-08-15,5,1,0,1
23316,974,2020-08-16,2,0,0,3
23317,974,2020-08-17,10,2,0,6
23318,974,2020-08-18,3,1,0,4
23319,974,2020-08-19,5,1,0,0
23320,974,2020-08-20,5,2,0,0
23321,974,2020-08-21,8,0,0,3
23322,974,2020-08-22,3,2,1,2
23323,974,2020-08-23,3,0,0,1
23324,974,2020-08-24,5,0,1,2
23325,974,2020-08-25,5,2,0,4
23326,974,2020-08-26,6,1,0,2
23327,974,2020-08-27,16,3,0,5
23328,974,2020-08-28,6,2,0,3
23329,974,2020-08-29,6,3,1,4
23330,974,2020-08-30,5,2,1,5
23331,974,2020-08-31,6,0,1,1
23332,974,2020-09-01,7,1,0,7
23333,974,2020-09-02,5,1,0,4
23334,974,2020-09-03,8,4,0,7
23335,974,2020-09-04,2,1,0,11
23336,974,2020-09-05,6,0,1,4
23337,974,2020-09-06,10,0,2,3
23338,974,2020-09-07,3,0,0,2
23339,974,2020-09-08,9,3,0,6
23340,974,2020-09-09,7,3,2,8
23341,974,2020-09-10,5,0,0,7
23342,974,2020-09-11,16,3,0,7
23343,974,2020-09-12,2,2,0,15
23344,974,2020-09-13,4,0,0,1
23345,974,2020-09-14,2,0,0,1
23346,974,2020-09-15,7,0,0,13
23347,974,2020-09-16,6,0,0,2
23348,974,2020-09-17,11,2,0,8
23349,974,2020-09-18,6,2,0,10
23350,974,2020-09-19,12,7,1,6
23351,974,2020-09-20,6,1,0,1
23352,974,2020-09-21,5,0,0,4
23353,974,2020-09-22,5,2,0,10
23354,974,2020-09-23,7,1,0,7
23355,974,2020-09-24,6,3,0,9
23356,974,2020-09-25,2,0,0,1
23357,974,2020-09-26,1,1,1,6
23358,974,2020-09-27,1,0,1,4
23359,974,2020-09-28,6,1,1,3
23360,974,2020-09-29,3,1,2,9
23361,974,2020-09-30,6,1,0,6
23362,974,2020-10-01,3,3,0,2
23363,974,2020-10-02,5,2,0,5
23364,974,2020-10-03,4,1,0,4
23365,974,2020-10-04,3,2,0,1
23366,974,2020-10-05,1,0,0,1
23367,974,2020-10-06,2,2,0,4
23368,974,2020-10-07,1,0,2,6
23369,974,2020-10-08,5,0,0,1
23370,974,2020-10-09,6,0,0,1
23371,974,2020-10-10,3,1,1,5
23372,974,2020-10-11,6,0,0,4
23373,974,2020-10-12,4,0,0,0
23374,974,2020-10-13,3,1,0,7
23375,974,2020-10-14,1,0,0,0
23376,974,2020-10-15,0,1,0,4
23377,974,2020-10-16,1,0,0,4
23378,974,2020-10-17,6,1,0,2
23379,974,2020-10-18,5,1,0,1
23380,974,2020-10-19,1,0,0,0
23381,974,2020-10-20,1,1,3,8
23382,974,2020-10-21,0,2,0,6
23383,974,2020-10-22,3,1,0,2
23384,974,2020-10-23,8,4,1,2
23385,974,2020-10-24,5,1,1,3
23386,974,2020-10-25,7,1,1,2
23387,974,2020-10-26,6,1,0,3
23388,974,2020-10-27,3,0,0,4
23389,974,2020-10-28,9,0,0,1
23390,974,2020-10-29,7,2,1,2
23391,974,2020-10-30,10,3,1,6
23392,974,2020-10-31,6,0,0,1
23393,974,2020-11-01,5,2,1,4
23394,974,2020-11-02,3,1,1,4
23395,974,2020-11-03,6,2,0,7
23396,974,2020-11-04,6,0,0,5
23397,974,2020-11-05,14,4,0,6
23398,974,2020-11-06,5,2,1,2
23399,974,2020-11-07,7,1,0,4
23400,976,2020-03-19,0,0,0,0
23401,976,2020-03-20,0,0,0,0
23402,976,2020-03-21,0,0,0,0
23403,976,2020-03-22,0,0,0,0
23404,976,2020-03-23,0,0,0,0
23405,976,2020-03-24,0,0,0,0
23406,976,2020-03-25,0,0,0,0
23407,976,2020-03-26,0,0,0,0
23408,976,2020-03-27,0,0,0,0
23409,976,2020-03-28,0,0,0,0
23410,976,2020-03-29,0,0,0,0
23411,976,2020-03-30,0,0,0,0
23412,976,2020-03-31,0,0,0,0
23413,976,2020-04-01,1,0,0,1
23414,976,2020-04-02,11,2,2,1
23415,976,2020-04-03,9,0,0,0
23416,976,2020-04-04,2,0,0,5
23417,976,2020-04-05,3,0,0,1
23418,976,2020-04-06,4,0,0,5
23419,976,2020-04-07,4,0,0,4
23420,976,2020-04-08,7,1,0,8
23421,976,2020-04-09,2,0,0,1
23422,976,2020-04-10,2,0,0,0
23423,976,2020-04-11,2,0,1,1
23424,976,2020-04-12,2,0,0,0
23425,976,2020-04-13,0,0,0,0
23426,976,2020-04-14,4,0,0,10
23427,976,2020-04-15,5,1,0,3
23428,976,2020-04-16,7,2,1,2
23429,976,2020-04-17,2,0,0,2
23430,976,2020-04-18,2,0,0,0
23431,976,2020-04-19,5,0,1,3
23432,976,2020-04-20,1,0,1,3
23433,976,2020-04-21,4,0,0,5
23434,976,2020-04-22,4,0,0,2
23435,976,2020-04-23,2,0,0,4
23436,976,2020-04-24,9,0,0,2
23437,976,2020-04-25,0,0,0,0
23438,976,2020-04-26,12,2,0,6
23439,976,2020-04-27,6,0,0,4
23440,976,2020-04-28,8,0,0,10
23441,976,2020-04-29,0,0,0,0
23442,976,2020-04-30,7,0,0,9
23443,976,2020-05-01,6,2,2,8
23444,976,2020-05-02,2,1,0,1
23445,976,2020-05-03,8,1,0,1
23446,976,2020-05-04,10,1,1,5
23447,976,2020-05-05,6,2,2,3
23448,976,2020-05-06,7,1,1,6
23449,976,2020-05-07,10,0,0,4
23450,976,2020-05-08,4,2,0,3
23451,976,2020-05-09,5,0,0,4
23452,976,2020-05-10,9,2,0,1
23453,976,2020-05-11,9,1,1,19
23454,976,2020-05-12,9,0,3,8
23455,976,2020-05-13,9,2,0,9
23456,976,2020-05-14,12,0,0,6
23457,976,2020-05-15,7,1,1,6
23458,976,2020-05-16,2,0,0,7
23459,976,2020-05-17,6,1,0,2
23460,976,2020-05-18,1,0,1,0
23461,976,2020-05-19,4,2,0,6
23462,976,2020-05-20,3,2,0,2
23463,976,2020-05-21,5,0,0,12
23464,976,2020-05-22,6,1,0,4
23465,976,2020-05-23,3,1,1,9
23466,976,2020-05-24,5,0,0,1
23467,976,2020-05-25,2,0,0,0
23468,976,2020-05-26,5,2,0,8
23469,976,2020-05-27,7,0,0,5
23470,976,2020-05-28,3,0,0,4
23471,976,2020-05-29,10,2,0,2
23472,976,2020-05-30,4,0,0,11
23473,976,2020-05-31,2,0,0,2
23474,976,2020-06-01,2,0,2,1
23475,976,2020-06-02,4,1,0,14
23476,976,2020-06-03,8,0,0,3
23477,976,2020-06-04,6,0,0,4
23478,976,2020-06-05,5,2,0,6
23479,976,2020-06-06,7,1,0,3
23480,976,2020-06-07,0,0,0,0
23481,976,2020-06-08,7,1,1,6
23482,976,2020-06-09,0,0,1,3
23483,976,2020-06-10,5,0,0,6
23484,976,2020-06-11,6,1,0,3
23485,976,2020-06-12,5,2,0,6
23486,976,2020-06-13,3,1,1,0
23487,976,2020-06-14,1,0,0,2
23488,976,2020-06-15,4,0,1,7
23489,976,2020-06-16,5,0,1,7
23490,976,2020-06-17,2,0,0,3
23491,976,2020-06-18,3,1,0,3
23492,976,2020-06-19,2,0,0,5
23493,976,2020-06-20,6,0,0,7
23494,976,2020-06-21,3,2,1,1
23495,976,2020-06-22,10,2,0,7
23496,976,2020-06-23,4,1,0,10
23497,976,2020-06-24,3,0,1,1
23498,976,2020-06-25,6,0,0,4
23499,976,2020-06-26,3,0,0,6
23500,976,2020-06-27,0,0,1,1
23501,976,2020-06-28,4,0,0,4
23502,976,2020-06-29,2,1,0,3
23503,976,2020-06-30,3,0,0,2
23504,976,2020-07-01,3,0,0,3
23505,976,2020-07-02,3,0,0,5
23506,976,2020-07-03,1,1,0,6
23507,976,2020-07-04,0,0,0,0
23508,976,2020-07-05,1,0,0,0
23509,976,2020-07-06,1,0,0,5
23510,976,2020-07-07,2,0,0,8
23511,976,2020-07-08,0,0,0,3
23512,976,2020-07-09,1,0,0,1
23513,976,2020-07-10,1,0,0,2
23514,976,2020-07-11,0,0,0,0
23515,976,2020-07-12,1,0,0,1
23516,976,2020-07-13,1,0,0,0
23517,976,2020-07-14,1,0,0,0
23518,976,2020-07-15,3,1,0,6
23519,976,2020-07-16,1,0,0,0
23520,976,2020-07-17,1,0,0,2
23521,976,2020-07-18,0,0,0,0
23522,976,2020-07-19,0,0,0,2
23523,976,2020-07-20,3,0,0,3
23524,976,2020-07-21,0,0,0,0
23525,976,2020-07-22,5,1,0,2
23526,976,2020-07-23,2,0,0,3
23527,976,2020-07-24,5,0,0,2
23528,976,2020-07-25,3,0,0,1
23529,976,2020-07-26,0,0,0,2
23530,976,2020-07-27,0,0,0,0
23531,976,2020-07-28,1,0,0,3
23532,976,2020-07-29,2,1,0,0
23533,976,2020-07-30,1,0,0,6
23534,976,2020-07-31,2,0,0,1
23535,976,2020-08-01,0,0,0,0
23536,976,2020-08-02,1,0,0,1
23537,976,2020-08-03,1,0,0,0
23538,976,2020-08-04,1,1,0,0
23539,976,2020-08-05,0,0,0,2
23540,976,2020-08-06,0,0,0,1
23541,976,2020-08-07,0,0,0,0
23542,976,2020-08-08,1,0,0,0
23543,976,2020-08-09,0,0,0,0
23544,976,2020-08-10,1,0,0,3
23545,976,2020-08-11,0,0,0,0
23546,976,2020-08-12,0,0,0,0
23547,976,2020-08-13,4,0,0,3
23548,976,2020-08-14,0,0,0,1
23549,976,2020-08-15,1,1,0,0
23550,976,2020-08-16,0,0,0,0
23551,976,2020-08-17,2,0,0,0
23552,976,2020-08-18,0,0,0,2
23553,976,2020-08-19,0,0,0,1
23554,976,2020-08-20,0,0,0,0
23555,976,2020-08-21,0,0,0,1
23556,976,2020-08-22,0,0,0,0
23557,976,2020-08-23,0,0,0,0
23558,976,2020-08-24,0,0,0,0
23559,976,2020-08-25,2,1,0,0
23560,976,2020-08-26,1,0,0,2
23561,976,2020-08-27,0,0,0,2
23562,976,2020-08-28,2,0,0,0
23563,976,2020-08-29,0,0,0,0
23564,976,2020-08-30,0,0,0,0
23565,976,2020-08-31,3,1,0,1
23566,976,2020-09-01,0,1,0,2
23567,976,2020-09-02,0,0,0,0
23568,976,2020-09-03,1,0,0,2
23569,976,2020-09-04,0,0,0,2
23570,976,2020-09-05,0,0,0,0
23571,976,2020-09-06,1,0,0,0
23572,976,2020-09-07,0,0,0,0
23573,976,2020-09-08,0,0,0,1
23574,976,2020-09-09,0,0,0,0
23575,976,2020-09-10,0,0,0,0
23576,976,2020-09-11,0,0,0,0
23577,976,2020-09-12,0,0,0,0
23578,976,2020-09-13,0,0,0,0
23579,976,2020-09-14,1,0,0,0
23580,976,2020-09-15,1,0,0,1
23581,976,2020-09-16,0,0,0,0
23582,976,2020-09-17,0,0,0,0
23583,976,2020-09-18,1,0,0,1
23584,976,2020-09-19,0,0,0,0
23585,976,2020-09-20,1,2,0,0
23586,976,2020-09-21,2,0,0,1
23587,976,2020-09-22,0,0,0,0
23588,976,2020-09-23,1,0,0,0
23589,976,2020-09-24,0,0,0,0
23590,976,2020-09-25,1,1,0,0
23591,976,2020-09-26,1,1,0,0
23592,976,2020-09-27,0,0,0,1
23593,976,2020-09-28,0,0,0,0
23594,976,2020-09-29,4,0,1,2
23595,976,2020-09-30,0,0,0,0
23596,976,2020-10-01,0,0,0,0
23597,976,2020-10-02,1,0,0,1
23598,976,2020-10-03,1,0,0,0
23599,976,2020-10-04,0,0,0,0
23600,976,2020-10-05,0,0,0,1
23601,976,2020-10-06,1,0,0,0
23602,976,2020-10-07,2,2,0,1
23603,976,2020-10-08,1,0,0,1
23604,976,2020-10-09,0,0,0,2
23605,976,2020-10-10,1,0,0,1
23606,976,2020-10-11,1,1,0,0
23607,976,2020-10-12,1,0,0,0
23608,976,2020-10-13,0,0,0,1
23609,976,2020-10-14,1,0,0,2
23610,976,2020-10-15,0,0,0,0
23611,976,2020-10-16,0,0,0,0
23612,976,2020-10-17,0,0,0,0
23613,976,2020-10-18,2,0,1,0
23614,976,2020-10-19,0,0,0,1
23615,976,2020-10-20,1,0,0,1
23616,976,2020-10-21,2,0,0,2
23617,976,2020-10-22,2,0,0,3
23618,976,2020-10-23,2,0,0,0
23619,976,2020-10-24,2,0,0,1
23620,976,2020-10-25,1,0,0,0
23621,976,2020-10-26,1,1,0,0
23622,976,2020-10-27,0,0,0,1
23623,976,2020-10-28,2,1,0,2
23624,976,2020-10-29,1,0,0,1
23625,976,2020-10-30,1,0,0,0
23626,976,2020-10-31,1,1,0,1
23627,976,2020-11-01,0,0,0,0
23628,976,2020-11-02,4,0,1,1
23629,976,2020-11-03,1,0,0,1
23630,976,2020-11-04,0,0,0,3
23631,976,2020-11-05,2,0,0,3
23632,976,2020-11-06,4,0,1,1
23633,976,2020-11-07,0,0,0,0
